year,season,country,gdp_per_capita,population,gold,silver,bronze
1896,Summer,Australia,,,2,0,1
1896,Summer,Austria,,,2,1,2
1896,Summer,Denmark,,,1,2,3
1896,Summer,France,,,5,4,2
1896,Summer,Germany,,,7,5,2
1896,Summer,Greece,,,10,17,17
1896,Summer,Hungary,,,2,1,3
1896,Summer,Italy,,,0,0,0
1896,Summer,Sweden,,,0,0,0
1896,Summer,Switzerland,,,1,2,0
1896,Summer,UK,,,3,3,3
1896,Summer,USA,,,11,6,2
1900,Summer,Argentina,,,0,0,0
1900,Summer,Australia,,,3,0,3
1900,Summer,Austria,,,0,3,3
1900,Summer,Belgium,,,6,7,5
1900,Summer,Brazil,,,0,0,0
1900,Summer,Canada,,,1,0,1
1900,Summer,Colombia,,,0,1,0
1900,Summer,Cuba,,,1,1,0
1900,Summer,Czech Republic,,,0,1,2
1900,Summer,Denmark,,,2,3,2
1900,Summer,France,,,28,40,34
1900,Summer,Germany,,,4,3,1
1900,Summer,Greece,,,0,0,0
1900,Summer,Haiti,,,1,0,0
1900,Summer,Hungary,,,1,2,2
1900,Summer,India,,,0,2,0
1900,Summer,Iran,,,0,0,0
1900,Summer,Italy,,,3,2,0
1900,Summer,Luxembourg,,,1,0,0
1900,Summer,Mexico,,,0,0,1
1900,Summer,Netherlands,,,1,2,4
1900,Summer,New Zealand,,,1,0,0
1900,Summer,Norway,,,0,2,3
1900,Summer,Peru,,,0,0,0
1900,Summer,Romania,,,0,0,0
1900,Summer,Russia,,,0,0,0
1900,Summer,Spain,,,1,0,0
1900,Summer,Sweden,,,1,0,1
1900,Summer,Switzerland,,,6,2,1
1900,Summer,UK,,,19,11,12
1900,Summer,USA,,,21,16,17
1904,Summer,Australia,,,0,3,1
1904,Summer,Austria,,,2,1,1
1904,Summer,Canada,,,4,1,1
1904,Summer,Cuba,,,4,0,0
1904,Summer,France,,,0,2,0
1904,Summer,Germany,,,4,5,7
1904,Summer,Greece,,,1,0,1
1904,Summer,Hungary,,,2,1,1
1904,Summer,Italy,,,0,0,0
1904,Summer,Norway,,,2,0,0
1904,Summer,South Africa,,,0,0,0
1904,Summer,Switzerland,,,1,0,2
1904,Summer,UK,,,1,1,0
1904,Summer,USA,,,76,79,75
1906,Summer,Australia,,,0,0,3
1906,Summer,Austria,,,3,3,3
1906,Summer,Belgium,,,2,2,3
1906,Summer,Canada,,,1,1,0
1906,Summer,Czech Republic,,,0,0,2
1906,Summer,Denmark,,,3,2,1
1906,Summer,Egypt,,,0,0,0
1906,Summer,Finland,,,2,1,1
1906,Summer,France,,,15,10,16
1906,Summer,Germany,,,4,6,4
1906,Summer,Greece,,,8,14,13
1906,Summer,Hungary,,,2,5,3
1906,Summer,Italy,,,7,6,3
1906,Summer,Netherlands,,,0,1,2
1906,Summer,Norway,,,1,1,0
1906,Summer,Sweden,,,2,5,7
1906,Summer,Switzerland,,,4,3,1
1906,Summer,Turkey,,,0,0,0
1906,Summer,UK,,,8,12,5
1906,Summer,USA,,,12,5,6
1908,Summer,Argentina,,,0,0,0
1908,Summer,Australia,,,1,2,2
1908,Summer,Austria,,,0,0,1
1908,Summer,Belgium,,,1,5,2
1908,Summer,Canada,,,3,3,10
1908,Summer,Czech Republic,,,0,0,2
1908,Summer,Denmark,,,0,2,3
1908,Summer,Finland,,,1,1,3
1908,Summer,France,,,5,5,9
1908,Summer,Germany,,,3,5,5
1908,Summer,Greece,,,0,3,1
1908,Summer,Hungary,,,3,4,2
1908,Summer,Iceland,,,0,0,0
1908,Summer,Italy,,,2,2,0
1908,Summer,Netherlands,,,0,0,2
1908,Summer,Norway,,,2,3,3
1908,Summer,Russia,,,1,2,0
1908,Summer,South Africa,,,1,1,0
1908,Summer,Sweden,,,8,6,11
1908,Summer,Switzerland,,,0,0,0
1908,Summer,UK,,,56,50,37
1908,Summer,USA,,,22,12,12
1912,Summer,Australia,,,2,2,3
1912,Summer,Austria,,,0,2,2
1912,Summer,Belgium,,,2,1,3
1912,Summer,Canada,,,3,2,3
1912,Summer,Chile,,,0,0,0
1912,Summer,Czech Republic,,,0,0,0
1912,Summer,Denmark,,,1,6,5
1912,Summer,Finland,,,9,8,9
1912,Summer,France,,,7,5,3
1912,Summer,Germany,,,6,13,7
1912,Summer,Greece,,,1,0,1
1912,Summer,Hungary,,,3,2,3
1912,Summer,Iceland,,,0,0,0
1912,Summer,Italy,,,5,1,2
1912,Summer,Japan,,,0,0,0
1912,Summer,Luxembourg,,,0,0,0
1912,Summer,Netherlands,,,0,0,3
1912,Summer,Norway,,,4,1,5
1912,Summer,Poland,,,0,0,0
1912,Summer,Portugal,,,0,0,0
1912,Summer,Russia,,,0,2,3
1912,Summer,Serbia,,,0,0,0
1912,Summer,South Africa,,,4,2,0
1912,Summer,Sweden,,,24,24,17
1912,Summer,Switzerland,,,1,0,0
1912,Summer,Turkey,,,0,0,0
1912,Summer,UK,,,10,15,16
1912,Summer,USA,,,26,18,19
1920,Summer,Argentina,,,0,0,0
1920,Summer,Australia,,,0,2,1
1920,Summer,Belgium,,,16,12,14
1920,Summer,Brazil,,,1,1,1
1920,Summer,Canada,,,3,3,3
1920,Summer,Chile,,,0,0,0
1920,Summer,Czech Republic,,,0,0,2
1920,Summer,Denmark,,,3,9,1
1920,Summer,Egypt,,,0,0,0
1920,Summer,Estonia,,,1,2,0
1920,Summer,Finland,,,15,10,9
1920,Summer,France,,,9,20,13
1920,Summer,Greece,,,0,1,0
1920,Summer,India,,,0,0,0
1920,Summer,Italy,,,14,6,5
1920,Summer,Japan,,,0,2,0
1920,Summer,Luxembourg,,,0,1,0
1920,Summer,Monaco,,,0,0,0
1920,Summer,Netherlands,,,4,2,5
1920,Summer,New Zealand,,,0,0,1
1920,Summer,Norway,,,10,10,9
1920,Summer,Portugal,,,0,0,0
1920,Summer,Serbia,,,0,0,0
1920,Summer,South Africa,,,3,4,3
1920,Summer,Spain,,,0,2,0
1920,Summer,Sweden,,,19,20,25
1920,Summer,Switzerland,,,2,2,7
1920,Summer,UK,,,14,16,13
1920,Summer,USA,,,41,27,27
1924,Summer,Argentina,,,1,3,2
1924,Summer,Australia,,,3,1,2
1924,Summer,Austria,,,0,3,1
1924,Summer,Belgium,,,3,7,3
1924,Summer,Brazil,,,0,0,0
1924,Summer,Bulgaria,,,0,0,0
1924,Summer,Canada,,,0,3,1
1924,Summer,Chile,,,0,0,0
1924,Summer,Cuba,,,0,0,0
1924,Summer,Czech Republic,,,1,4,5
1924,Summer,Denmark,,,2,6,3
1924,Summer,Ecuador,,,0,0,0
1924,Summer,Egypt,,,0,0,0
1924,Summer,Estonia,,,1,1,4
1924,Summer,Finland,,,14,13,10
1924,Summer,France,,,14,14,12
1924,Summer,Greece,,,1,0,0
1924,Summer,Haiti,,,0,0,1
1924,Summer,Hungary,,,2,4,4
1924,Summer,India,,,0,0,0
1924,Summer,Ireland,,,0,1,1
1924,Summer,Italy,,,8,3,5
1924,Summer,Japan,,,0,0,1
1924,Summer,Latvia,,,0,0,0
1924,Summer,Lithuania,,,0,0,0
1924,Summer,Luxembourg,,,1,1,0
1924,Summer,Mexico,,,0,0,0
1924,Summer,Monaco,,,0,0,1
1924,Summer,Netherlands,,,4,1,6
1924,Summer,New Zealand,,,0,0,1
1924,Summer,Norway,,,5,2,3
1924,Summer,Philippines,,,0,0,0
1924,Summer,Poland,,,0,1,1
1924,Summer,Portugal,,,0,0,1
1924,Summer,Romania,,,0,0,1
1924,Summer,Russia,,,0,0,0
1924,Summer,Serbia,,,2,0,0
1924,Summer,South Africa,,,1,1,1
1924,Summer,Spain,,,0,0,0
1924,Summer,Sweden,,,4,13,12
1924,Summer,Switzerland,,,7,8,10
1924,Summer,Turkey,,,0,0,0
1924,Summer,UK,,,9,14,12
1924,Summer,USA,,,45,27,27
1924,Summer,Uruguay,,,1,0,0
1924,Winter,Australia,,,1,0,0
1924,Winter,Austria,,,2,1,0
1924,Winter,Belgium,,,0,0,1
1924,Winter,Canada,,,1,0,0
1924,Winter,Czech Republic,,,0,0,0
1924,Winter,Finland,,,4,4,3
1924,Winter,France,,,0,0,3
1924,Winter,Hungary,,,0,0,0
1924,Winter,India,,,1,0,0
1924,Winter,Italy,,,0,0,0
1924,Winter,Latvia,,,0,0,0
1924,Winter,Nepal,,,1,0,0
1924,Winter,Norway,,,4,7,6
1924,Winter,Poland,,,0,0,0
1924,Winter,Serbia,,,0,0,0
1924,Winter,Sweden,,,1,1,0
1924,Winter,Switzerland,,,2,0,1
1924,Winter,UK,,,2,1,2
1924,Winter,USA,,,1,2,1
1928,Summer,Argentina,,,3,3,1
1928,Summer,Australia,,,1,2,1
1928,Summer,Austria,,,3,0,1
1928,Summer,Belgium,,,0,1,2
1928,Summer,Bulgaria,,,0,0,0
1928,Summer,Canada,,,4,4,7
1928,Summer,Chile,,,0,1,0
1928,Summer,Cuba,,,0,0,0
1928,Summer,Czech Republic,,,2,5,2
1928,Summer,Denmark,,,3,2,4
1928,Summer,Egypt,,,2,1,1
1928,Summer,Estonia,,,2,1,2
1928,Summer,Finland,,,8,8,9
1928,Summer,France,,,7,12,6
1928,Summer,Germany,,,11,9,19
1928,Summer,Greece,,,0,0,0
1928,Summer,Haiti,,,0,1,0
1928,Summer,Hungary,,,5,5,0
1928,Summer,India,,,1,0,0
1928,Summer,Ireland,,,1,0,0
1928,Summer,Italy,,,7,6,7
1928,Summer,Japan,,,2,2,1
1928,Summer,Latvia,,,0,0,0
1928,Summer,Lithuania,,,0,0,0
1928,Summer,Luxembourg,,,1,0,0
1928,Summer,Malta,,,0,0,0
1928,Summer,Mexico,,,0,0,0
1928,Summer,Monaco,,,0,0,0
1928,Summer,Netherlands,,,8,10,5
1928,Summer,New Zealand,,,1,0,0
1928,Summer,Norway,,,1,2,1
1928,Summer,Panama,,,0,0,0
1928,Summer,Philippines,,,0,0,1
1928,Summer,Poland,,,2,1,4
1928,Summer,Portugal,,,0,0,1
1928,Summer,Romania,,,0,0,0
1928,Summer,Serbia,,,1,1,3
1928,Summer,South Africa,,,1,0,2
1928,Summer,Spain,,,1,0,0
1928,Summer,Sweden,,,7,6,12
1928,Summer,Switzerland,,,7,6,4
1928,Summer,Turkey,,,0,0,0
1928,Summer,UK,,,4,11,7
1928,Summer,USA,,,22,18,16
1928,Summer,Uruguay,,,1,0,0
1928,Summer,Zimbabwe,,,0,0,0
1928,Winter,Argentina,,,0,0,0
1928,Winter,Austria,,,0,3,1
1928,Winter,Belgium,,,0,0,1
1928,Winter,Canada,,,1,0,0
1928,Winter,Czech Republic,,,0,0,1
1928,Winter,Estonia,,,0,0,0
1928,Winter,Finland,,,2,1,1
1928,Winter,France,,,1,0,0
1928,Winter,Germany,,,0,0,1
1928,Winter,Hungary,,,0,0,0
1928,Winter,Italy,,,0,0,0
1928,Winter,Japan,,,0,0,0
1928,Winter,Latvia,,,0,0,0
1928,Winter,Lithuania,,,0,0,0
1928,Winter,Luxembourg,,,0,0,0
1928,Winter,Mexico,,,0,0,0
1928,Winter,Netherlands,,,0,0,0
1928,Winter,Norway,,,6,4,5
1928,Winter,Poland,,,0,0,0
1928,Winter,Romania,,,0,0,0
1928,Winter,Serbia,,,0,0,0
1928,Winter,Sweden,,,2,2,1
1928,Winter,Switzerland,,,0,0,1
1928,Winter,UK,,,0,0,1
1928,Winter,USA,,,2,2,2
1932,Summer,Argentina,,,3,1,0
1932,Summer,Australia,,,3,1,1
1932,Summer,Austria,,,1,1,3
1932,Summer,Belgium,,,0,0,1
1932,Summer,Brazil,,,0,0,0
1932,Summer,Bulgaria,,,0,0,0
1932,Summer,Canada,,,2,5,9
1932,Summer,China,,,0,0,0
1932,Summer,Colombia,,,0,0,0
1932,Summer,Cuba,,,0,0,0
1932,Summer,Czech Republic,,,1,3,2
1932,Summer,Denmark,,,0,5,3
1932,Summer,El Salvador,,,0,0,0
1932,Summer,Estonia,,,0,0,0
1932,Summer,Finland,,,5,8,12
1932,Summer,France,,,11,5,4
1932,Summer,Germany,,,5,12,7
1932,Summer,Greece,,,0,0,0
1932,Summer,Guatemala,,,0,0,0
1932,Summer,Haiti,,,0,0,0
1932,Summer,Hungary,,,6,5,5
1932,Summer,India,,,1,0,0
1932,Summer,Ireland,,,2,0,0
1932,Summer,Italy,,,12,12,12
1932,Summer,Japan,,,7,7,4
1932,Summer,Latvia,,,0,1,0
1932,Summer,Luxembourg,,,0,0,0
1932,Summer,Mexico,,,0,2,0
1932,Summer,Monaco,,,0,0,0
1932,Summer,Netherlands,,,2,5,1
1932,Summer,New Zealand,,,0,1,0
1932,Summer,Norway,,,0,0,0
1932,Summer,Peru,,,0,0,0
1932,Summer,Philippines,,,0,0,3
1932,Summer,Poland,,,3,2,4
1932,Summer,Portugal,,,0,0,0
1932,Summer,Romania,,,0,0,0
1932,Summer,Serbia,,,0,0,0
1932,Summer,South Africa,,,2,0,3
1932,Summer,Spain,,,0,0,1
1932,Summer,Sweden,,,10,5,9
1932,Summer,Switzerland,,,0,1,0
1932,Summer,Turkey,,,0,0,0
1932,Summer,UK,,,5,7,5
1932,Summer,USA,,,44,36,30
1932,Summer,Uruguay,,,0,0,1
1932,Summer,Venezuela,,,0,0,0
1932,Winter,Austria,,,1,1,0
1932,Winter,Belgium,,,0,0,0
1932,Winter,Canada,,,1,1,5
1932,Winter,Czech Republic,,,0,0,0
1932,Winter,Finland,,,1,1,1
1932,Winter,France,,,1,0,0
1932,Winter,Germany,,,0,0,2
1932,Winter,Hungary,,,0,0,1
1932,Winter,Italy,,,0,0,0
1932,Winter,Japan,,,0,0,0
1932,Winter,Norway,,,3,4,3
1932,Winter,Poland,,,0,0,0
1932,Winter,Romania,,,0,0,0
1932,Winter,Sweden,,,1,2,0
1932,Winter,Switzerland,,,0,1,0
1932,Winter,UK,,,0,0,0
1932,Winter,USA,,,6,4,2
1936,Summer,Afghanistan,,,0,0,0
1936,Summer,Argentina,,,2,2,3
1936,Summer,Australia,,,0,0,1
1936,Summer,Austria,,,5,7,5
1936,Summer,Belgium,,,0,0,3
1936,Summer,Bermuda,,,0,0,0
1936,Summer,Boliva,,,0,0,0
1936,Summer,Brazil,,,0,0,0
1936,Summer,Bulgaria,,,0,0,0
1936,Summer,Canada,,,1,3,5
1936,Summer,Chile,,,0,0,0
1936,Summer,China,,,0,0,0
1936,Summer,Colombia,,,0,0,0
1936,Summer,Costa Rica,,,0,0,0
1936,Summer,Czech Republic,,,3,5,1
1936,Summer,Denmark,,,0,2,3
1936,Summer,Egypt,,,2,1,2
1936,Summer,Estonia,,,2,2,3
1936,Summer,Finland,,,8,6,6
1936,Summer,France,,,7,6,6
1936,Summer,Germany,,,38,31,32
1936,Summer,Greece,,,0,0,0
1936,Summer,Hungary,,,10,1,5
1936,Summer,Iceland,,,0,0,0
1936,Summer,India,,,1,0,0
1936,Summer,Italy,,,9,13,5
1936,Summer,Japan,,,6,4,10
1936,Summer,Latvia,,,0,1,1
1936,Summer,Liechtenstein,,,0,0,0
1936,Summer,Luxembourg,,,0,0,0
1936,Summer,Malta,,,0,0,0
1936,Summer,Mexico,,,0,0,3
1936,Summer,Monaco,,,0,0,0
1936,Summer,Netherlands,,,6,4,7
1936,Summer,New Zealand,,,1,0,0
1936,Summer,Norway,,,1,3,2
1936,Summer,Peru,,,0,0,0
1936,Summer,Philippines,,,0,0,1
1936,Summer,Poland,,,0,4,5
1936,Summer,Portugal,,,0,0,1
1936,Summer,Romania,,,0,1,0
1936,Summer,Serbia,,,0,1,0
1936,Summer,South Africa,,,0,1,0
1936,Summer,Sweden,,,6,5,10
1936,Summer,Switzerland,,,4,9,5
1936,Summer,Turkey,,,1,0,1
1936,Summer,UK,,,4,7,3
1936,Summer,USA,,,24,21,12
1936,Summer,Uruguay,,,0,0,0
1936,Winter,Australia,,,0,0,0
1936,Winter,Austria,,,1,1,2
1936,Winter,Belgium,,,0,0,0
1936,Winter,Bulgaria,,,0,0,0
1936,Winter,Canada,,,0,1,0
1936,Winter,Czech Republic,,,0,0,0
1936,Winter,Estonia,,,0,0,0
1936,Winter,Finland,,,1,2,3
1936,Winter,France,,,0,0,1
1936,Winter,Germany,,,3,3,0
1936,Winter,Greece,,,0,0,0
1936,Winter,Hungary,,,0,0,1
1936,Winter,Italy,,,0,0,0
1936,Winter,Japan,,,0,0,0
1936,Winter,Latvia,,,0,0,0
1936,Winter,Liechtenstein,,,0,0,0
1936,Winter,Luxembourg,,,0,0,0
1936,Winter,Netherlands,,,0,0,0
1936,Winter,Norway,,,7,5,3
1936,Winter,Poland,,,0,0,0
1936,Winter,Romania,,,0,0,0
1936,Winter,Serbia,,,0,0,0
1936,Winter,Spain,,,0,0,0
1936,Winter,Sweden,,,2,2,3
1936,Winter,Switzerland,,,1,2,0
1936,Winter,Turkey,,,0,0,0
1936,Winter,UK,,,1,1,1
1936,Winter,USA,,,1,0,3
1948,Summer,Afghanistan,,,0,0,0
1948,Summer,Argentina,,,3,3,1
1948,Summer,Australia,,,2,6,5
1948,Summer,Austria,,,2,2,4
1948,Summer,Belgium,,,2,2,3
1948,Summer,Bermuda,,,0,0,0
1948,Summer,Brazil,,,0,0,1
1948,Summer,Canada,,,0,2,2
1948,Summer,Chile,,,0,0,0
1948,Summer,China,,,0,0,0
1948,Summer,Colombia,,,0,0,0
1948,Summer,Cuba,,,0,1,0
1948,Summer,Czech Republic,,,6,2,3
1948,Summer,Denmark,,,5,8,9
1948,Summer,Egypt,,,2,2,1
1948,Summer,Finland,,,8,8,6
1948,Summer,France,,,11,6,15
1948,Summer,Greece,,,0,0,0
1948,Summer,Guyana,,,0,0,0
1948,Summer,Hungary,,,10,5,12
1948,Summer,Iceland,,,0,0,0
1948,Summer,India,,,1,0,0
1948,Summer,Iran,,,0,0,1
1948,Summer,Iraq,,,0,0,0
1948,Summer,Ireland,,,0,0,1
1948,Summer,Italy,,,9,12,10
1948,Summer,Jamaica,,,1,2,0
1948,Summer,Lebanon,,,0,0,0
1948,Summer,Liechtenstein,,,0,0,0
1948,Summer,Luxembourg,,,0,0,0
1948,Summer,Malta,,,0,0,0
1948,Summer,Mexico,,,2,1,2
1948,Summer,Monaco,,,0,0,0
1948,Summer,Myanmar,,,0,0,0
1948,Summer,Netherlands,,,5,2,9
1948,Summer,New Zealand,,,0,0,0
1948,Summer,Norway,,,1,3,3
1948,Summer,Pakistan,,,0,0,0
1948,Summer,Panama,,,0,0,2
1948,Summer,Peru,,,1,0,0
1948,Summer,Philippines,,,0,0,0
1948,Summer,Poland,,,1,0,1
1948,Summer,Portugal,,,0,1,1
1948,Summer,Puerto Rico,,,0,0,1
1948,Summer,Serbia,,,0,2,0
1948,Summer,South Africa,,,2,2,2
1948,Summer,South Korea,,,0,0,2
1948,Summer,Spain,,,0,1,0
1948,Summer,Sri Lanka,,,0,1,0
1948,Summer,Sweden,,,17,11,18
1948,Summer,Switzerland,,,5,12,5
1948,Summer,Syria,,,0,0,0
1948,Summer,Trinidad,,,0,1,0
1948,Summer,Turkey,,,6,4,2
1948,Summer,UK,,,4,16,7
1948,Summer,USA,,,38,27,19
1948,Summer,Uruguay,,,0,1,1
1948,Summer,Venezuela,,,0,0,0
1948,Winter,Argentina,,,0,0,0
1948,Winter,Austria,,,1,3,4
1948,Winter,Belgium,,,1,1,0
1948,Winter,Bulgaria,,,0,0,0
1948,Winter,Canada,,,2,0,1
1948,Winter,Chile,,,0,0,0
1948,Winter,Czech Republic,,,0,1,0
1948,Winter,Denmark,,,0,0,0
1948,Winter,Finland,,,1,3,2
1948,Winter,France,,,2,1,2
1948,Winter,Greece,,,0,0,0
1948,Winter,Hungary,,,0,1,0
1948,Winter,Iceland,,,0,0,0
1948,Winter,Italy,,,1,0,0
1948,Winter,Lebanon,,,0,0,0
1948,Winter,Liechtenstein,,,0,0,0
1948,Winter,Netherlands,,,0,0,0
1948,Winter,Norway,,,4,3,3
1948,Winter,Poland,,,0,0,0
1948,Winter,Romania,,,0,0,0
1948,Winter,Serbia,,,0,0,0
1948,Winter,South Korea,,,0,0,0
1948,Winter,Spain,,,0,0,0
1948,Winter,Sweden,,,4,3,3
1948,Winter,Switzerland,,,3,4,2
1948,Winter,Turkey,,,0,0,0
1948,Winter,UK,,,0,0,2
1948,Winter,USA,,,3,3,2
1952,Summer,Argentina,,,1,2,2
1952,Summer,Australia,,,6,2,3
1952,Summer,Austria,,,0,1,1
1952,Summer,Bahamas,,,0,0,0
1952,Summer,Belgium,,,2,2,0
1952,Summer,Bermuda,,,0,0,0
1952,Summer,Brazil,,,1,0,2
1952,Summer,Bulgaria,,,0,0,1
1952,Summer,Canada,,,1,2,0
1952,Summer,Chile,,,0,2,0
1952,Summer,China,,,0,0,0
1952,Summer,Cuba,,,0,0,0
1952,Summer,Curacao,,,0,0,0
1952,Summer,Czech Republic,,,7,3,3
1952,Summer,Denmark,,,2,1,3
1952,Summer,Egypt,,,0,0,1
1952,Summer,Finland,,,6,3,13
1952,Summer,France,,,6,6,6
1952,Summer,Germany,,,0,7,17
1952,Summer,Ghana,,,0,0,0
1952,Summer,Greece,,,0,0,0
1952,Summer,Guatemala,,,0,0,0
1952,Summer,Guyana,,,0,0,0
1952,Summer,Hungary,,,16,10,16
1952,Summer,Iceland,,,0,0,0
1952,Summer,India,,,1,0,1
1952,Summer,Indonesia,,,0,0,0
1952,Summer,Iran,,,0,3,4
1952,Summer,Ireland,,,0,1,0
1952,Summer,Israel,,,0,0,0
1952,Summer,Italy,,,8,9,4
1952,Summer,Jamaica,,,2,3,0
1952,Summer,Japan,,,1,6,1
1952,Summer,Lebanon,,,0,1,1
1952,Summer,Liechtenstein,,,0,0,0
1952,Summer,Luxembourg,,,1,0,0
1952,Summer,Mexico,,,0,1,0
1952,Summer,Monaco,,,0,0,0
1952,Summer,Myanmar,,,0,0,0
1952,Summer,Netherlands,,,0,5,0
1952,Summer,New Zealand,,,1,0,2
1952,Summer,Nigeria,,,0,0,0
1952,Summer,Norway,,,3,2,0
1952,Summer,Pakistan,,,0,0,0
1952,Summer,Panama,,,0,0,0
1952,Summer,Philippines,,,0,0,0
1952,Summer,Poland,,,1,2,1
1952,Summer,Portugal,,,0,0,1
1952,Summer,Puerto Rico,,,0,0,0
1952,Summer,Romania,,,1,1,2
1952,Summer,Russia,,,22,29,19
1952,Summer,Serbia,,,1,2,0
1952,Summer,South Africa,,,2,4,4
1952,Summer,South Korea,,,0,0,2
1952,Summer,Spain,,,0,1,0
1952,Summer,Sri Lanka,,,0,0,0
1952,Summer,Sweden,,,12,13,10
1952,Summer,Switzerland,,,2,6,6
1952,Summer,Thailand,,,0,0,0
1952,Summer,Trinidad,,,0,0,2
1952,Summer,Turkey,,,2,0,1
1952,Summer,UK,,,1,2,8
1952,Summer,USA,,,40,19,17
1952,Summer,Uruguay,,,0,0,2
1952,Summer,Venezuela,,,0,0,1
1952,Summer,Vietnam,,,0,0,0
1952,Winter,Argentina,,,0,0,0
1952,Winter,Australia,,,0,0,0
1952,Winter,Austria,,,2,4,2
1952,Winter,Belgium,,,0,0,0
1952,Winter,Bulgaria,,,0,0,0
1952,Winter,Canada,,,1,0,1
1952,Winter,Chile,,,0,0,0
1952,Winter,Czech Republic,,,0,0,0
1952,Winter,Denmark,,,0,0,0
1952,Winter,Finland,,,3,4,2
1952,Winter,France,,,0,0,1
1952,Winter,Germany,,,3,2,2
1952,Winter,Greece,,,0,0,0
1952,Winter,Hungary,,,0,0,1
1952,Winter,Iceland,,,0,0,0
1952,Winter,Italy,,,1,0,1
1952,Winter,Japan,,,0,0,0
1952,Winter,Lebanon,,,0,0,0
1952,Winter,Netherlands,,,0,3,0
1952,Winter,New Zealand,,,0,0,0
1952,Winter,Norway,,,7,3,6
1952,Winter,Poland,,,0,0,0
1952,Winter,Portugal,,,0,0,0
1952,Winter,Romania,,,0,0,0
1952,Winter,Serbia,,,0,0,0
1952,Winter,Spain,,,0,0,0
1952,Winter,Sweden,,,0,0,4
1952,Winter,Switzerland,,,0,0,2
1952,Winter,UK,,,1,0,0
1952,Winter,USA,,,4,6,1
1956,Summer,Afghanistan,,,0,0,0
1956,Summer,Argentina,,,0,1,1
1956,Summer,Australia,,,13,8,14
1956,Summer,Austria,,,0,0,2
1956,Summer,Bahamas,,,0,0,1
1956,Summer,Belgium,,,0,2,0
1956,Summer,Bermuda,,,0,0,0
1956,Summer,Brazil,,,1,0,0
1956,Summer,Bulgaria,,,1,3,1
1956,Summer,Cambodia,,,0,0,0
1956,Summer,Canada,,,2,1,3
1956,Summer,Chile,,,0,2,2
1956,Summer,China,,,0,0,0
1956,Summer,Colombia,,,0,0,0
1956,Summer,Cuba,,,0,0,0
1956,Summer,Czech Republic,,,1,4,1
1956,Summer,Denmark,,,1,2,1
1956,Summer,Egypt,,,0,0,0
1956,Summer,Ethiopia,,,0,0,0
1956,Summer,Fiji,,,0,0,0
1956,Summer,Finland,,,3,1,11
1956,Summer,France,,,4,4,6
1956,Summer,Germany,,,6,13,7
1956,Summer,Greece,,,0,0,1
1956,Summer,Guyana,,,0,0,0
1956,Summer,Hungary,,,9,10,7
1956,Summer,Iceland,,,0,1,0
1956,Summer,India,,,1,0,0
1956,Summer,Indonesia,,,0,0,0
1956,Summer,Iran,,,2,2,1
1956,Summer,Ireland,,,1,1,3
1956,Summer,Israel,,,0,0,0
1956,Summer,Italy,,,8,8,9
1956,Summer,Jamaica,,,0,0,0
1956,Summer,Japan,,,4,10,3
1956,Summer,Kenya,,,0,0,0
1956,Summer,Liberia,,,0,0,0
1956,Summer,Luxembourg,,,0,0,0
1956,Summer,Malaysia,,,0,0,0
1956,Summer,Mexico,,,1,0,1
1956,Summer,Myanmar,,,0,0,0
1956,Summer,Netherlands,,,0,0,0
1956,Summer,New Zealand,,,2,0,0
1956,Summer,Nigeria,,,0,0,0
1956,Summer,Norway,,,1,0,2
1956,Summer,Pakistan,,,0,1,0
1956,Summer,Peru,,,0,0,0
1956,Summer,Philippines,,,0,0,0
1956,Summer,Poland,,,1,4,4
1956,Summer,Portugal,,,0,0,0
1956,Summer,Puerto Rico,,,0,0,0
1956,Summer,Romania,,,5,3,5
1956,Summer,Russia,,,37,29,32
1956,Summer,Serbia,,,0,3,0
1956,Summer,South Africa,,,0,0,4
1956,Summer,South Korea,,,0,1,1
1956,Summer,Spain,,,0,0,0
1956,Summer,Sri Lanka,,,0,0,0
1956,Summer,Sweden,,,8,5,6
1956,Summer,Switzerland,,,0,0,1
1956,Summer,Taiwan,,,0,0,0
1956,Summer,Thailand,,,0,0,0
1956,Summer,Trinidad,,,0,0,0
1956,Summer,Turkey,,,3,2,2
1956,Summer,UK,,,6,7,11
1956,Summer,USA,,,32,25,17
1956,Summer,Uganda,,,0,0,0
1956,Summer,Uruguay,,,0,0,1
1956,Summer,Venezuela,,,0,0,0
1956,Summer,Vietnam,,,0,0,0
1956,Winter,Australia,,,0,0,0
1956,Winter,Austria,,,4,3,4
1956,Winter,Belgium,,,0,0,0
1956,Winter,Boliva,,,0,0,0
1956,Winter,Bulgaria,,,0,0,0
1956,Winter,Canada,,,0,1,2
1956,Winter,Chile,,,0,0,0
1956,Winter,Czech Republic,,,0,0,0
1956,Winter,Finland,,,3,3,1
1956,Winter,France,,,0,0,0
1956,Winter,Germany,,,1,0,1
1956,Winter,Greece,,,0,0,0
1956,Winter,Hungary,,,0,0,1
1956,Winter,Iceland,,,0,0,0
1956,Winter,Iran,,,0,0,0
1956,Winter,Italy,,,1,2,0
1956,Winter,Japan,,,0,1,0
1956,Winter,Lebanon,,,0,0,0
1956,Winter,Liechtenstein,,,0,0,0
1956,Winter,Netherlands,,,0,0,0
1956,Winter,Norway,,,2,1,1
1956,Winter,Poland,,,0,0,1
1956,Winter,Romania,,,0,0,0
1956,Winter,Russia,,,6,3,6
1956,Winter,Serbia,,,0,0,0
1956,Winter,South Korea,,,0,0,0
1956,Winter,Spain,,,0,0,0
1956,Winter,Sweden,,,2,4,4
1956,Winter,Switzerland,,,3,2,1
1956,Winter,Turkey,,,0,0,0
1956,Winter,UK,,,0,0,0
1956,Winter,USA,,,2,3,2
1960,Summer,Afghanistan,,8996967.0,0,0,0
1960,Summer,Argentina,778.251706763404,20481781.0,0,1,1
1960,Summer,Australia,1813.43109917039,10276477.0,8,8,6
1960,Summer,Austria,939.914814681174,7047539.0,1,1,0
1960,Summer,Bahamas,1459.25382495907,109532.0,0,0,0
1960,Summer,Belgium,1290.28607216192,9153489.0,0,2,2
1960,Summer,Bermuda,1715.31463229719,44400.0,0,0,0
1960,Summer,Brazil,235.266009502589,72179235.0,0,0,2
1960,Summer,Bulgaria,,7867374.0,1,3,3
1960,Summer,Canada,2264.94849658191,17909009.0,0,1,0
1960,Summer,Chile,516.487539077836,8132988.0,0,0,0
1960,Summer,China,426.773807917233,3075605.0,0,0,0
1960,Summer,Colombia,258.304433616071,16057714.0,0,0,0
1960,Summer,Cuba,,7141241.0,0,0,0
1960,Summer,Curacao,,124826.0,0,0,0
1960,Summer,Czech Republic,,,3,2,3
1960,Summer,Denmark,1389.0213943225,4579603.0,2,3,1
1960,Summer,Ethiopia,75.3396090705961,22151284.0,1,0,0
1960,Summer,Fiji,277.431535497766,393480.0,0,0,0
1960,Summer,Finland,1191.85508873415,4429634.0,1,1,3
1960,Summer,France,1306.79629911648,46621688.0,0,2,3
1960,Summer,Germany,1162.12266831735,72814900.0,12,19,11
1960,Summer,Ghana,174.858856531804,6635229.0,0,1,0
1960,Summer,Greece,513.085862390915,8331725.0,1,0,0
1960,Summer,Guyana,299.074645785091,571813.0,0,0,0
1960,Summer,Haiti,70.8024454423715,3866162.0,0,0,0
1960,Summer,Hungary,,9983967.0,6,8,7
1960,Summer,Iceland,1486.46439009414,175574.0,0,0,0
1960,Summer,India,84.9328084793106,450547675.0,0,1,0
1960,Summer,Indonesia,,87751066.0,0,0,0
1960,Summer,Iran,195.57752721271,21906909.0,0,1,3
1960,Summer,Iraq,218.917802531101,7289753.0,0,0,1
1960,Summer,Ireland,706.551022345168,2828600.0,0,0,0
1960,Summer,Israel,1452.48664030437,2114020.0,0,0,0
1960,Summer,Italy,836.905850281885,50199700.0,13,10,13
1960,Summer,Japan,508.702779291773,93216000.0,4,7,7
1960,Summer,Kenya,102.824417465582,8120082.0,0,0,0
1960,Summer,Lebanon,,1804935.0,0,0,0
1960,Summer,Liberia,167.171498224694,1118655.0,0,0,0
1960,Summer,Liechtenstein,,16501.0,0,0,0
1960,Summer,Luxembourg,2261.17741836594,313970.0,0,0,0
1960,Summer,Malaysia,240.847414554537,8156342.0,0,0,0
1960,Summer,Malta,,326550.0,0,0,0
1960,Summer,Mexico,355.075199563018,37771861.0,0,0,1
1960,Summer,Monaco,,22461.0,0,0,0
1960,Summer,Morocco,174.784133911133,12328532.0,0,1,0
1960,Summer,Myanmar,25.0847757223623,21736947.0,0,0,0
1960,Summer,Netherlands,1156.38597727767,11486631.0,0,1,2
1960,Summer,New Zealand,2334.1337214332,2371800.0,2,0,1
1960,Summer,Nigeria,93.1370090424417,45138460.0,0,0,0
1960,Summer,Norway,1451.2850779894,3581239.0,1,0,0
1960,Summer,Pakistan,82.0241000071912,44988690.0,1,0,1
1960,Summer,Panama,477.037935000289,1133005.0,0,0,0
1960,Summer,Peru,252.796782675034,10155011.0,0,0,0
1960,Summer,Philippines,269.465146474794,26269741.0,0,0,0
1960,Summer,Poland,,29637450.0,4,6,11
1960,Summer,Portugal,376.976430250874,8857716.0,0,1,0
1960,Summer,Puerto Rico,717.514843087362,2358000.0,0,0,0
1960,Summer,Romania,,18406905.0,3,1,6
1960,Summer,Russia,,119897000.0,43,29,31
1960,Summer,San Marino,,15440.0,0,0,0
1960,Summer,Serbia,,6608000.0,1,1,0
1960,Summer,South Africa,532.147504330332,17099836.0,0,1,2
1960,Summer,South Korea,158.844150776359,25012374.0,0,0,0
1960,Summer,Spain,407.96302786933,30455000.0,0,0,1
1960,Summer,Sri Lanka,145.928701305768,9874476.0,0,0,0
1960,Summer,Sudan,99.7131195068359,7544498.0,0,0,0
1960,Summer,Sweden,2128.36441205712,7484656.0,1,2,3
1960,Summer,Switzerland,1954.3113206427,5327827.0,0,3,3
1960,Summer,Syria,183.525069735278,4573514.0,0,1,1
1960,Summer,Taiwan,,,0,1,0
1960,Summer,Thailand,102.814571454958,27397208.0,0,0,0
1960,Summer,Trinidad,633.975608394336,847973.0,0,0,2
1960,Summer,Tunisia,,4178235.0,0,0,0
1960,Summer,Turkey,267.091207552765,27472339.0,7,2,0
1960,Summer,UK,1397.5948032844,52400000.0,2,6,12
1960,Summer,USA,2999.86487154495,180671000.0,34,21,16
1960,Summer,Uganda,55.3784976132181,6767092.0,0,0,0
1960,Summer,Uruguay,491.031760304596,2538648.0,0,0,0
1960,Summer,Venezuela,939.197766577539,8141839.0,0,0,1
1960,Summer,Vietnam,,,0,0,0
1960,Summer,Zimbabwe,276.560896360952,3776679.0,0,0,0
1960,Winter,Argentina,778.251706763404,20481781.0,0,0,0
1960,Winter,Australia,1813.43109917039,10276477.0,0,0,0
1960,Winter,Austria,939.914814681174,7047539.0,1,2,3
1960,Winter,Bulgaria,,7867374.0,0,0,0
1960,Winter,Canada,2264.94849658191,17909009.0,2,1,1
1960,Winter,Chile,516.487539077836,8132988.0,0,0,0
1960,Winter,Czech Republic,,,0,1,0
1960,Winter,Denmark,1389.0213943225,4579603.0,0,0,0
1960,Winter,Finland,1191.85508873415,4429634.0,2,3,3
1960,Winter,France,1306.79629911648,46621688.0,1,0,2
1960,Winter,Germany,1162.12266831735,72814900.0,4,3,1
1960,Winter,Hungary,,9983967.0,0,0,0
1960,Winter,Iceland,1486.46439009414,175574.0,0,0,0
1960,Winter,Italy,836.905850281885,50199700.0,0,0,1
1960,Winter,Japan,508.702779291773,93216000.0,0,0,0
1960,Winter,Lebanon,,1804935.0,0,0,0
1960,Winter,Liechtenstein,,16501.0,0,0,0
1960,Winter,Netherlands,1156.38597727767,11486631.0,0,1,1
1960,Winter,New Zealand,2334.1337214332,2371800.0,0,0,0
1960,Winter,Norway,1451.2850779894,3581239.0,3,3,0
1960,Winter,Poland,,29637450.0,0,1,1
1960,Winter,Russia,,119897000.0,7,5,9
1960,Winter,South Africa,532.147504330332,17099836.0,0,0,0
1960,Winter,South Korea,158.844150776359,25012374.0,0,0,0
1960,Winter,Spain,407.96302786933,30455000.0,0,0,0
1960,Winter,Sweden,2128.36441205712,7484656.0,3,2,2
1960,Winter,Switzerland,1954.3113206427,5327827.0,2,0,0
1960,Winter,Turkey,267.091207552765,27472339.0,0,0,0
1960,Winter,UK,1397.5948032844,52400000.0,0,0,0
1960,Winter,USA,2999.86487154495,180671000.0,3,4,3
1964,Summer,Afghanistan,,9744772.0,0,0,0
1964,Summer,Algeria,238.863801545015,12221675.0,0,0,0
1964,Summer,Argentina,1176.20086190313,21824427.0,0,1,0
1964,Summer,Australia,2134.48946124608,11167000.0,6,2,10
1964,Summer,Austria,1275.45715281679,7223801.0,0,0,0
1964,Summer,Bahamas,1883.44386022276,133705.0,1,0,0
1964,Summer,Belgium,1724.01894179056,9378113.0,2,0,1
1964,Summer,Bermuda,1986.64081017022,48900.0,0,0,0
1964,Summer,Boliva,135.228463817406,3957759.0,0,0,0
1964,Summer,Brazil,257.259726897671,81064572.0,0,0,1
1964,Summer,Bulgaria,,8144340.0,3,5,2
1964,Summer,Cambodia,,6331443.0,0,0,0
1964,Summer,Cameroon,139.228109587718,5643039.0,0,0,0
1964,Summer,Canada,2561.63849088572,19325000.0,1,2,1
1964,Summer,Chad,118.594106789032,3246527.0,0,0,0
1964,Summer,Chile,685.970202891974,8821855.0,0,0,0
1964,Summer,China,629.591525784494,3504600.0,0,0,0
1964,Summer,Colombia,338.675935298365,18175187.0,0,0,0
1964,Summer,Costa Rica,353.710896791701,1539942.0,0,0,0
1964,Summer,Cuba,,7793258.0,0,1,0
1964,Summer,Curacao,,133148.0,0,0,0
1964,Summer,Czech Republic,,,5,6,3
1964,Summer,Denmark,2049.39724281483,4722072.0,2,1,3
1964,Summer,Dominican Republic,277.29715816349,3757123.0,0,0,0
1964,Summer,Egypt,157.716536507206,29644875.0,0,0,0
1964,Summer,Ethiopia,83.8368648270969,24397010.0,1,0,0
1964,Summer,Finland,1725.60483489826,4548543.0,3,0,2
1964,Summer,France,1891.12061521027,49230585.0,1,8,6
1964,Summer,Germany,1637.45522773672,75318337.0,10,22,18
1964,Summer,Ghana,224.968154393354,7524470.0,0,0,1
1964,Summer,Greece,772.805500770312,8510429.0,0,0,0
1964,Summer,Guyana,313.261161893769,637835.0,0,0,0
1964,Summer,Hungary,,10119835.0,10,7,5
1964,Summer,Iceland,2414.00707361378,188983.0,0,0,0
1964,Summer,India,117.856430772855,488848139.0,1,0,0
1964,Summer,Iran,221.731727810865,24307855.0,0,0,2
1964,Summer,Iraq,269.423092996101,8122199.0,0,0,0
1964,Summer,Ireland,994.607331611746,2866550.0,0,0,1
1964,Summer,Israel,1625.9979202214,2475000.0,0,0,0
1964,Summer,Italy,1271.80119301518,51675350.0,10,10,7
1964,Summer,Ivory Coast,215.506240264261,4071411.0,0,0,0
1964,Summer,Jamaica,514.416511313452,1730739.0,0,0,0
1964,Summer,Japan,902.867721515126,96903000.0,16,5,8
1964,Summer,Kenya,111.300544823892,9222692.0,0,0,1
1964,Summer,Lebanon,,2041231.0,0,0,0
1964,Summer,Liberia,173.926490274043,1217905.0,0,0,0
1964,Summer,Liechtenstein,,18170.0,0,0,0
1964,Summer,Luxembourg,2779.18439746326,327750.0,0,0,0
1964,Summer,Madagascar,141.534669132002,5625164.0,0,0,0
1964,Summer,Malaysia,302.933952345239,9253827.0,0,0,0
1964,Summer,Mali,,5503750.0,0,0,0
1964,Summer,Mexico,480.704214437745,42771077.0,0,0,1
1964,Summer,Monaco,,23236.0,0,0,0
1964,Summer,Mongolia,,1074518.0,0,0,0
1964,Summer,Morocco,216.263046264648,13857656.0,0,0,0
1964,Summer,Myanmar,17.3322006236435,23717785.0,0,0,0
1964,Summer,Nepal,45.320757315163,10783958.0,0,0,0
1964,Summer,Netherlands,1668.33086114697,12127120.0,2,4,4
1964,Summer,New Zealand,2839.31554692453,2585400.0,3,0,2
1964,Summer,Niger,148.080269139855,3802802.0,0,0,0
1964,Summer,Nigeria,113.297345671875,49066762.0,0,0,1
1964,Summer,Norway,1950.69324222931,3694339.0,0,0,0
1964,Summer,Pakistan,102.45976384531,49627623.0,0,1,0
1964,Summer,Panama,611.100612960754,1276331.0,0,0,0
1964,Summer,Peru,380.965457465866,11383364.0,0,0,0
1964,Summer,Philippines,188.153783582113,29958687.0,0,1,0
1964,Summer,Poland,,31139450.0,7,6,10
1964,Summer,Portugal,490.207385856289,9035365.0,0,0,0
1964,Summer,Puerto Rico,1006.43444609497,2554066.0,0,0,0
1964,Summer,Republic of Congo,158.061964516344,1125354.0,0,0,0
1964,Summer,Romania,,18919126.0,2,4,6
1964,Summer,Russia,,125345000.0,30,30,33
1964,Summer,Senegal,317.850426568454,3580241.0,0,0,0
1964,Summer,Serbia,,6765000.0,2,1,2
1964,Summer,South Korea,124.24136735879,27984155.0,0,2,1
1964,Summer,Spain,694.952086797899,31609195.0,0,0,0
1964,Summer,Sri Lanka,122.941808998544,10849977.0,0,0,0
1964,Summer,Sweden,2961.02884624727,7661354.0,2,2,4
1964,Summer,Switzerland,2734.93009044177,5789228.0,1,2,1
1964,Summer,Taiwan,,,0,0,0
1964,Summer,Tanzania,346.301818847656,11295675.0,0,0,0
1964,Summer,Thailand,128.642226903734,30881136.0,0,0,0
1964,Summer,Trinidad,779.766014894579,902620.0,0,1,2
1964,Summer,Tunisia,228.484793689273,4461111.0,0,1,1
1964,Summer,Turkey,354.365541117168,30244258.0,2,3,1
1964,Summer,UK,1748.2881176141,54000000.0,4,12,2
1964,Summer,USA,3565.31443016356,191889000.0,36,26,28
1964,Summer,Uganda,68.6259930194368,7719108.0,0,0,0
1964,Summer,Uruguay,744.654270146069,2665383.0,0,0,1
1964,Summer,Venezuela,873.604754880876,9369101.0,0,0,0
1964,Summer,Vietnam,,,0,0,0
1964,Summer,Zambia,229.979245632097,3463211.0,0,0,0
1964,Summer,Zimbabwe,281.888369368235,4322854.0,0,0,0
1964,Winter,Argentina,1176.20086190313,21824427.0,0,0,0
1964,Winter,Australia,2134.48946124608,11167000.0,0,0,0
1964,Winter,Austria,1275.45715281679,7223801.0,4,5,3
1964,Winter,Belgium,1724.01894179056,9378113.0,0,0,0
1964,Winter,Bulgaria,,8144340.0,0,0,0
1964,Winter,Canada,2561.63849088572,19325000.0,1,1,1
1964,Winter,Chile,685.970202891974,8821855.0,0,0,0
1964,Winter,Czech Republic,,,0,0,1
1964,Winter,Denmark,2049.39724281483,4722072.0,0,0,0
1964,Winter,Finland,1725.60483489826,4548543.0,3,4,3
1964,Winter,France,1891.12061521027,49230585.0,3,4,0
1964,Winter,Germany,1637.45522773672,75318337.0,3,3,3
1964,Winter,Greece,772.805500770312,8510429.0,0,0,0
1964,Winter,Hungary,,10119835.0,0,0,0
1964,Winter,Iceland,2414.00707361378,188983.0,0,0,0
1964,Winter,India,117.856430772855,488848139.0,0,0,0
1964,Winter,Iran,221.731727810865,24307855.0,0,0,0
1964,Winter,Italy,1271.80119301518,51675350.0,0,1,3
1964,Winter,Japan,902.867721515126,96903000.0,0,0,0
1964,Winter,Lebanon,,2041231.0,0,0,0
1964,Winter,Liechtenstein,,18170.0,0,0,0
1964,Winter,Mongolia,,1074518.0,0,0,0
1964,Winter,Netherlands,1668.33086114697,12127120.0,1,1,0
1964,Winter,North Korea,,12282417.0,0,1,0
1964,Winter,Norway,1950.69324222931,3694339.0,3,6,6
1964,Winter,Poland,,31139450.0,0,0,0
1964,Winter,Romania,,18919126.0,0,0,0
1964,Winter,Russia,,125345000.0,11,7,6
1964,Winter,Serbia,,6765000.0,0,0,0
1964,Winter,South Korea,124.24136735879,27984155.0,0,0,0
1964,Winter,Spain,694.952086797899,31609195.0,0,0,0
1964,Winter,Sweden,2961.02884624727,7661354.0,3,3,1
1964,Winter,Switzerland,2734.93009044177,5789228.0,0,0,0
1964,Winter,Turkey,354.365541117168,30244258.0,0,0,0
1964,Winter,UK,1748.2881176141,54000000.0,1,0,0
1964,Winter,USA,3565.31443016356,191889000.0,1,2,4
1968,Summer,Afghanistan,,10637064.0,0,0,0
1968,Summer,Algeria,292.436036368561,13663581.0,0,0,0
1968,Summer,Argentina,1141.95211617341,23168268.0,0,0,2
1968,Summer,Australia,2728.23426114901,12009000.0,5,7,5
1968,Summer,Austria,1685.66211669148,7415403.0,0,2,2
1968,Summer,Bahamas,2668.01498039262,158648.0,0,0,0
1968,Summer,Barbados,505.889066146294,237241.0,0,0,0
1968,Summer,Belgium,2251.31575906782,9618756.0,0,1,1
1968,Summer,Belize,392.282566057727,116065.0,0,0,0
1968,Summer,Bermuda,2975.95428934212,53000.0,0,0,0
1968,Summer,Boliva,195.471270062333,4297522.0,0,0,0
1968,Summer,Brazil,373.925432639683,90387079.0,0,1,2
1968,Summer,Bulgaria,,8369603.0,2,4,3
1968,Summer,Cameroon,170.782666507465,6201410.0,0,1,0
1968,Summer,Canada,3473.23722551871,20744000.0,1,3,1
1968,Summer,Central African Republic,95.6398392122972,1744198.0,0,0,0
1968,Summer,Chad,126.87277490154,3499370.0,0,0,0
1968,Summer,Chile,765.847401648627,9468851.0,0,0,0
1968,Summer,China,714.48296958061,3802700.0,0,0,0
1968,Summer,Colombia,301.526502784249,20393704.0,0,0,0
1968,Summer,Costa Rica,444.805256869954,1747690.0,0,0,0
1968,Summer,Cuba,,8413549.0,0,4,0
1968,Summer,Curacao,,140298.0,0,0,0
1968,Summer,Czech Republic,,,7,2,4
1968,Summer,Democratic Republic of the Congo,205.645995783134,18913874.0,0,0,0
1968,Summer,Denmark,2776.13544525805,4864883.0,1,4,3
1968,Summer,Dominican Republic,259.574438400563,4247559.0,0,0,0
1968,Summer,Ecuador,445.227989157148,5725462.0,0,0,0
1968,Summer,Egypt,179.774096694265,32881852.0,0,0,0
1968,Summer,El Salvador,290.096510171735,3481624.0,0,0,0
1968,Summer,Ethiopia,99.4743651000667,26944386.0,1,1,0
1968,Summer,Fiji,327.357416510141,498944.0,0,0,0
1968,Summer,Finland,1927.29380452918,4626469.0,1,2,1
1968,Summer,France,2518.15825593491,51175507.0,7,3,5
1968,Summer,Germany,2025.08159465853,77294314.0,14,20,17
1968,Summer,Ghana,196.668571830464,8321773.0,0,0,0
1968,Summer,Greece,1138.38219032671,8740765.0,0,0,1
1968,Summer,Guatemala,314.666876118943,5184095.0,0,0,0
1968,Summer,Guinea,,4013050.0,0,0,0
1968,Summer,Guyana,339.786441079035,686144.0,0,0,0
1968,Summer,Honduras,314.474382938748,2560723.0,0,0,0
1968,Summer,Hungary,476.434350138292,10255815.0,10,10,12
1968,Summer,Iceland,2473.42372591393,201488.0,0,0,0
1968,Summer,India,101.556802521195,531513834.0,0,0,1
1968,Summer,Indonesia,64.6547730642556,108779926.0,0,0,0
1968,Summer,Iran,314.285456656503,27032576.0,2,1,2
1968,Summer,Iraq,318.832552563525,9260687.0,0,0,0
1968,Summer,Ireland,1158.85549787929,2915550.0,0,0,0
1968,Summer,Israel,1947.35209699825,2803000.0,0,0,0
1968,Summer,Italy,1718.49646427147,53235750.0,3,4,9
1968,Summer,Ivory Coast,256.768714344803,4713134.0,0,0,0
1968,Summer,Jamaica,591.045817173244,1825873.0,0,1,0
1968,Summer,Japan,1553.27139379996,101011000.0,11,7,7
1968,Summer,Kenya,128.654646882243,10539909.0,3,4,2
1968,Summer,Kuwait,3871.94559219275,632911.0,0,0,0
1968,Summer,Lebanon,,2210769.0,0,0,0
1968,Summer,Libya,1971.86632548697,1958909.0,0,0,0
1968,Summer,Liechtenstein,,20237.0,0,0,0
1968,Summer,Luxembourg,3202.50594852825,335850.0,0,0,0
1968,Summer,Madagascar,163.588485295319,6234468.0,0,0,0
1968,Summer,Malaysia,342.444763417284,10297983.0,0,0,0
1968,Summer,Mali,56.5137530466331,5780836.0,0,0,0
1968,Summer,Malta,,307900.0,0,0,0
1968,Summer,Mexico,615.922912128842,48431971.0,3,3,3
1968,Summer,Monaco,,23295.0,0,0,0
1968,Summer,Mongolia,,1207104.0,0,1,3
1968,Summer,Morocco,227.120864868164,15307267.0,0,0,0
1968,Summer,Myanmar,21.5453410007264,26015239.0,0,0,0
1968,Summer,Netherlands,2364.3594192663,12729721.0,3,3,1
1968,Summer,New Zealand,1902.42182426883,2748100.0,1,0,2
1968,Summer,Nicaragua,304.441965331491,2264623.0,0,0,0
1968,Summer,Niger,145.610145933803,4263925.0,0,0,0
1968,Summer,Nigeria,97.3372081255964,53506201.0,0,0,0
1968,Summer,Norway,2679.71300438189,3816486.0,1,1,0
1968,Summer,Pakistan,141.558306459346,55102690.0,1,0,0
1968,Summer,Panama,778.476641666323,1434676.0,0,0,0
1968,Summer,Paraguay,226.80197812329,2351926.0,0,0,0
1968,Summer,Peru,447.99179719095,12735491.0,0,0,0
1968,Summer,Philippines,242.232067627814,33795203.0,0,0,0
1968,Summer,Poland,,32294655.0,5,2,11
1968,Summer,Portugal,751.947085624465,8836650.0,0,0,0
1968,Summer,Puerto Rico,1480.69317642251,2662064.0,0,0,0
1968,Summer,Romania,,19799831.0,4,6,5
1968,Summer,Russia,,128928000.0,29,32,30
1968,Summer,San Marino,,18668.0,0,0,0
1968,Summer,Senegal,311.196146846683,4014107.0,0,0,0
1968,Summer,Serbia,,6915000.0,3,3,2
1968,Summer,Sierra Leone,126.308899122773,2644011.0,0,0,0
1968,Summer,South Korea,199.982134957643,30838302.0,0,1,1
1968,Summer,Spain,978.292373768035,33113134.0,0,0,0
1968,Summer,Sri Lanka,153.48764748655,11937607.0,0,0,0
1968,Summer,Sudan,117.824935913086,9639846.0,0,0,0
1968,Summer,Suriname,680.595348207639,356551.0,0,0,0
1968,Summer,Sweden,3953.08297234501,7912273.0,2,1,1
1968,Summer,Switzerland,3413.49358157003,6067714.0,0,1,4
1968,Summer,Syria,293.330341001656,5935850.0,0,0,0
1968,Summer,Taiwan,,,0,0,1
1968,Summer,Tanzania,399.301635742188,12725519.0,0,0,0
1968,Summer,Thailand,178.839752885801,34791418.0,0,0,0
1968,Summer,Trinidad,783.173633599792,930792.0,0,0,0
1968,Summer,Tunisia,248.91225549272,4845220.0,1,0,1
1968,Summer,Turkey,501.12130904111,33256465.0,2,0,0
1968,Summer,UK,1951.75859587532,55211700.0,5,5,3
1968,Summer,USA,4684.58840293763,200706000.0,45,28,34
1968,Summer,Uganda,106.851228104531,8841156.0,0,1,1
1968,Summer,Uruguay,578.548868536136,2774761.0,0,0,0
1968,Summer,Venezuela,938.015078662499,10702281.0,1,0,0
1968,Summer,Vietnam,,,0,0,0
1968,Summer,"Virgin Islands, US",,55700.0,0,0,0
1968,Summer,Zambia,387.087288652294,3918872.0,0,0,0
1968,Winter,Argentina,1141.95211617341,23168268.0,0,0,0
1968,Winter,Australia,2728.23426114901,12009000.0,0,0,0
1968,Winter,Austria,1685.66211669148,7415403.0,3,4,4
1968,Winter,Bulgaria,,8369603.0,0,0,0
1968,Winter,Canada,3473.23722551871,20744000.0,1,1,1
1968,Winter,Chile,765.847401648627,9468851.0,0,0,0
1968,Winter,Czech Republic,,,1,2,1
1968,Winter,Denmark,2776.13544525805,4864883.0,0,0,0
1968,Winter,Finland,1927.29380452918,4626469.0,1,2,2
1968,Winter,France,2518.15825593491,51175507.0,4,3,2
1968,Winter,Germany,2025.08159465853,77294314.0,3,4,5
1968,Winter,Greece,1138.38219032671,8740765.0,0,0,0
1968,Winter,Hungary,476.434350138292,10255815.0,0,0,0
1968,Winter,Iceland,2473.42372591393,201488.0,0,0,0
1968,Winter,India,101.556802521195,531513834.0,0,0,0
1968,Winter,Iran,314.285456656503,27032576.0,0,0,0
1968,Winter,Italy,1718.49646427147,53235750.0,4,0,0
1968,Winter,Japan,1553.27139379996,101011000.0,0,0,0
1968,Winter,Lebanon,,2210769.0,0,0,0
1968,Winter,Liechtenstein,,20237.0,0,0,0
1968,Winter,Mongolia,,1207104.0,0,0,0
1968,Winter,Morocco,227.120864868164,15307267.0,0,0,0
1968,Winter,Netherlands,2364.3594192663,12729721.0,3,3,3
1968,Winter,New Zealand,1902.42182426883,2748100.0,0,0,0
1968,Winter,Norway,2679.71300438189,3816486.0,6,6,2
1968,Winter,Poland,,32294655.0,0,0,0
1968,Winter,Romania,,19799831.0,0,0,1
1968,Winter,Russia,,128928000.0,5,5,3
1968,Winter,Serbia,,6915000.0,0,0,0
1968,Winter,South Korea,199.982134957643,30838302.0,0,0,0
1968,Winter,Spain,978.292373768035,33113134.0,0,0,0
1968,Winter,Sweden,3953.08297234501,7912273.0,3,2,3
1968,Winter,Switzerland,3413.49358157003,6067714.0,0,2,4
1968,Winter,Turkey,501.12130904111,33256465.0,0,0,0
1968,Winter,UK,1951.75859587532,55211700.0,0,0,0
1968,Winter,USA,4684.58840293763,200706000.0,1,3,1
1972,Summer,Afghanistan,,11791222.0,0,0,0
1972,Summer,Albania,,2243126.0,0,0,0
1972,Summer,Algeria,469.030996510511,15285992.0,0,0,0
1972,Summer,Argentina,1409.37097316211,24653172.0,0,1,0
1972,Summer,Australia,3955.22430403017,13177000.0,8,7,2
1972,Summer,Austria,2912.59577111524,7544201.0,0,1,2
1972,Summer,Bahamas,3013.95016704496,177863.0,0,0,0
1972,Summer,Barbados,856.071973120587,241523.0,0,0,0
1972,Summer,Belgium,3831.63189999433,9711115.0,0,2,0
1972,Summer,Belize,529.356647508447,127152.0,0,0,0
1972,Summer,Benin,127.927157014331,3043563.0,0,0,0
1972,Summer,Bermuda,4458.08003333144,54200.0,0,0,0
1972,Summer,Boliva,261.949887081198,4682392.0,0,0,0
1972,Summer,Brazil,583.492034946156,99859388.0,0,0,2
1972,Summer,Bulgaria,,8576200.0,6,10,5
1972,Summer,Burkina Faso,99.6335814933813,5825174.0,0,0,0
1972,Summer,Cambodia,,7302114.0,0,0,0
1972,Summer,Cameroon,220.108720960652,6867170.0,0,0,0
1972,Summer,Canada,5106.73708049128,22218463.0,0,2,3
1972,Summer,Chad,150.369805704401,3815253.0,0,0,0
1972,Summer,Chile,1185.04994801594,10103675.0,0,0,0
1972,Summer,China,1384.7342645141,4123600.0,0,0,0
1972,Summer,Colombia,397.41211740514,22516429.0,0,1,2
1972,Summer,Costa Rica,638.851011611456,1944170.0,0,0,0
1972,Summer,Cuba,891.631749208781,9025347.0,3,1,4
1972,Summer,Curacao,,147710.0,0,0,0
1972,Summer,Czech Republic,,,2,4,2
1972,Summer,Denmark,4653.95587889115,4991596.0,1,0,0
1972,Summer,Dominican Republic,427.224846368664,4755464.0,0,0,0
1972,Summer,Ecuador,487.972047217986,6429377.0,0,0,0
1972,Summer,Egypt,256.482815640115,36102670.0,0,0,0
1972,Summer,El Salvador,328.509448039035,3867310.0,0,0,0
1972,Summer,Ethiopia,119.839997124757,30140799.0,0,0,2
1972,Summer,Fiji,575.217482137037,542843.0,0,0,0
1972,Summer,Finland,3177.9287929756,4639657.0,3,1,4
1972,Summer,France,3809.09946046394,52793151.0,2,4,7
1972,Summer,Gabon,693.294831412979,611705.0,0,0,0
1972,Summer,Germany,3823.94032602696,78688452.0,33,34,39
1972,Summer,Ghana,223.80286383233,9229640.0,0,0,1
1972,Summer,Greece,1873.25412773592,8888628.0,0,2,0
1972,Summer,Guatemala,369.762757413424,5723759.0,0,0,0
1972,Summer,Guyana,395.474264576572,721949.0,0,0,0
1972,Summer,Haiti,77.2765182599349,4837334.0,0,0,0
1972,Summer,Hungary,709.652502602719,10398489.0,6,13,16
1972,Summer,Iceland,4155.18509800672,209137.0,0,0,0
1972,Summer,India,125.270705961882,581087255.0,0,0,1
1972,Summer,Indonesia,90.1147549138956,121017316.0,0,0,0
1972,Summer,Iran,554.748034126016,30075295.0,0,2,1
1972,Summer,Ireland,2080.46514718169,3036850.0,0,0,0
1972,Summer,Israel,2929.65614313336,3148000.0,0,0,0
1972,Summer,Italy,2677.29372999774,54381345.0,5,3,10
1972,Summer,Ivory Coast,312.942348100524,5576026.0,0,0,0
1972,Summer,Jamaica,970.802906405502,1935089.0,0,0,1
1972,Summer,Japan,3031.43860570759,107188000.0,13,8,8
1972,Summer,Kenya,172.642044778441,12146070.0,2,3,4
1972,Summer,Kuwait,4835.69104574325,851918.0,0,0,0
1972,Summer,Lebanon,,2417837.0,0,1,0
1972,Summer,Lesotho,73.9566189783241,1077102.0,0,0,0
1972,Summer,Liberia,238.610979665126,1474567.0,0,0,0
1972,Summer,Liechtenstein,5645.23266418851,22161.0,0,0,0
1972,Summer,Luxembourg,5486.72062789089,346600.0,0,0,0
1972,Summer,Madagascar,189.640262028465,6946619.0,0,0,0
1972,Summer,Malawi,,4958556.0,0,0,0
1972,Summer,Malaysia,472.363509449959,11324277.0,0,0,0
1972,Summer,Mali,75.0521043387011,6147464.0,0,0,0
1972,Summer,Malta,975.720378043786,302450.0,0,0,0
1972,Summer,Mexico,836.569673446138,54689944.0,0,1,0
1972,Summer,Monaco,16187.4306500397,24049.0,0,0,0
1972,Summer,Mongolia,,1356673.0,0,1,0
1972,Summer,Morocco,317.074066162109,16696890.0,0,0,0
1972,Summer,Myanmar,23.2941302744944,28570093.0,0,0,0
1972,Summer,Nepal,78.842912842237,12583142.0,0,0,0
1972,Summer,Netherlands,4110.49164551948,13328593.0,3,1,1
1972,Summer,New Zealand,3294.64894268304,2903900.0,1,1,1
1972,Summer,Nicaragua,341.380772391976,2558705.0,0,0,0
1972,Summer,Niger,151.437947747318,4768225.0,0,0,1
1972,Summer,Nigeria,209.454776294345,58665813.0,0,0,1
1972,Summer,North Korea,,15207765.0,1,1,3
1972,Summer,Norway,4413.57569168528,3933004.0,2,1,1
1972,Summer,Pakistan,148.073976270617,61381982.0,0,1,0
1972,Summer,Panama,1046.06341222824,1607797.0,0,0,0
1972,Summer,Paraguay,307.630516228445,2597149.0,0,0,0
1972,Summer,Peru,646.679686654992,14221954.0,0,0,0
1972,Summer,Philippines,230.097611314044,37923400.0,0,0,0
1972,Summer,Poland,,33055650.0,7,5,9
1972,Summer,Portugal,1302.2662677393,8630430.0,0,0,0
1972,Summer,Puerto Rico,2246.4767135113,2817256.0,0,0,0
1972,Summer,Republic of Congo,276.271849546575,1406510.0,0,0,0
1972,Summer,Romania,,20657957.0,3,6,7
1972,Summer,Russia,,131909000.0,50,27,22
1972,Summer,San Marino,,19490.0,0,0,0
1972,Summer,Saudi Arabia,2474.38683208975,6392973.0,0,0,0
1972,Summer,Senegal,341.835352336553,4522886.0,0,0,0
1972,Summer,Serbia,,7053000.0,2,1,2
1972,Summer,Somalia,,3479792.0,0,0,0
1972,Summer,South Korea,328.021411521648,33505406.0,0,1,0
1972,Summer,Spain,1707.58800052655,34604469.0,0,0,1
1972,Summer,Sri Lanka,199.38289288123,13002234.0,0,0,0
1972,Summer,Sudan,154.511581420898,10974626.0,0,0,0
1972,Summer,Suriname,784.951674957789,367907.0,0,0,0
1972,Summer,Swaziland,,,0,0,0
1972,Summer,Sweden,6018.39052977191,8122300.0,4,6,6
1972,Summer,Switzerland,5884.77524107186,6260956.0,0,3,0
1972,Summer,Syria,448.237758556479,6800148.0,0,0,0
1972,Summer,Taiwan,,,0,0,0
1972,Summer,Tanzania,246.546295166016,14428340.0,0,0,0
1972,Summer,Thailand,215.582022917854,39058594.0,0,0,0
1972,Summer,Togo,198.7610542599,2247578.0,0,0,0
1972,Summer,Trinidad,1067.46412567566,968136.0,0,0,0
1972,Summer,Tunisia,414.626612581104,5291335.0,0,1,0
1972,Summer,Turkey,537.337529232528,36587267.0,0,1,0
1972,Summer,UK,3030.43251411977,56086065.0,4,5,9
1972,Summer,USA,6094.01798986165,209896000.0,33,31,30
1972,Summer,Uganda,136.964736487473,9929644.0,1,1,0
1972,Summer,Uruguay,775.937251050835,2821458.0,0,0,0
1972,Summer,Venezuela,1155.26236263344,12097696.0,0,0,0
1972,Summer,Vietnam,,,0,0,0
1972,Summer,"Virgin Islands, US",,76319.0,0,0,0
1972,Summer,Zambia,409.781146356948,4466170.0,0,0,0
1972,Winter,Argentina,1409.37097316211,24653172.0,0,0,0
1972,Winter,Australia,3955.22430403017,13177000.0,0,0,0
1972,Winter,Austria,2912.59577111524,7544201.0,1,2,2
1972,Winter,Belgium,3831.63189999433,9711115.0,0,0,0
1972,Winter,Bulgaria,,8576200.0,0,0,0
1972,Winter,Canada,5106.73708049128,22218463.0,0,1,0
1972,Winter,Czech Republic,,,1,0,2
1972,Winter,Finland,3177.9287929756,4639657.0,0,4,1
1972,Winter,France,3809.09946046394,52793151.0,0,1,2
1972,Winter,Germany,3823.94032602696,78688452.0,7,4,8
1972,Winter,Greece,1873.25412773592,8888628.0,0,0,0
1972,Winter,Hungary,709.652502602719,10398489.0,0,0,0
1972,Winter,Iran,554.748034126016,30075295.0,0,0,0
1972,Winter,Italy,2677.29372999774,54381345.0,2,2,1
1972,Winter,Japan,3031.43860570759,107188000.0,1,1,1
1972,Winter,Lebanon,,2417837.0,0,0,0
1972,Winter,Liechtenstein,5645.23266418851,22161.0,0,0,0
1972,Winter,Mongolia,,1356673.0,0,0,0
1972,Winter,Netherlands,4110.49164551948,13328593.0,4,3,2
1972,Winter,New Zealand,3294.64894268304,2903900.0,0,0,0
1972,Winter,North Korea,,15207765.0,0,0,0
1972,Winter,Norway,4413.57569168528,3933004.0,2,5,5
1972,Winter,Philippines,230.097611314044,37923400.0,0,0,0
1972,Winter,Poland,,33055650.0,1,0,0
1972,Winter,Romania,,20657957.0,0,0,0
1972,Winter,Russia,,131909000.0,8,5,3
1972,Winter,Serbia,,7053000.0,0,0,0
1972,Winter,South Korea,328.021411521648,33505406.0,0,0,0
1972,Winter,Spain,1707.58800052655,34604469.0,1,0,0
1972,Winter,Sweden,6018.39052977191,8122300.0,1,1,2
1972,Winter,Switzerland,5884.77524107186,6260956.0,4,3,3
1972,Winter,Taiwan,,,0,0,0
1972,Winter,UK,3030.43251411977,56086065.0,0,0,0
1972,Winter,USA,6094.01798986165,209896000.0,3,2,3
1976,Summer,Andorra,7721.28858646797,31782.0,0,0,0
1976,Summer,Antigua,,62353.0,0,0,0
1976,Summer,Argentina,1946.91990388248,26264681.0,0,0,0
1976,Summer,Australia,7497.28175413577,14033000.0,0,1,4
1976,Summer,Austria,5656.1451383787,7565525.0,0,0,1
1976,Summer,Bahamas,2993.45923795227,192903.0,0,0,0
1976,Summer,Barbados,1733.64540764741,247584.0,0,0,0
1976,Summer,Belgium,7243.04734119583,9818227.0,0,3,3
1976,Summer,Belize,729.488780751524,135143.0,0,0,0
1976,Summer,Bermuda,7259.91355008457,53200.0,0,0,1
1976,Summer,Boliva,519.734821066353,5113458.0,0,0,0
1976,Summer,Brazil,1389.74952306555,109790943.0,0,0,2
1976,Summer,Bulgaria,,8758599.0,6,9,7
1976,Summer,Cameroon,381.429915266252,7664398.0,0,0,0
1976,Summer,Canada,8838.94710677652,23449808.0,0,5,6
1976,Summer,Cayman Islands,,13023.0,0,0,0
1976,Summer,Chile,970.957314866348,10756876.0,0,0,0
1976,Summer,China,2850.0146101832,4518000.0,0,0,0
1976,Summer,Colombia,643.007914496566,24608102.0,0,0,0
1976,Summer,Costa Rica,1123.28179124262,2148681.0,0,0,0
1976,Summer,Cuba,1440.73046137146,9554186.0,6,4,3
1976,Summer,Curacao,,149399.0,0,0,0
1976,Summer,Czech Republic,,,2,2,4
1976,Summer,Denmark,8773.3396162771,5072596.0,1,0,2
1976,Summer,Dominican Republic,762.778347016951,5275767.0,0,0,0
1976,Summer,Ecuador,1241.91098461141,7187794.0,0,0,0
1976,Summer,Egypt,334.609918474469,39422731.0,0,0,0
1976,Summer,Fiji,1186.16648457757,587561.0,0,0,0
1976,Summer,Finland,6740.29145314637,4725664.0,4,2,0
1976,Summer,France,6792.3099035538,54220033.0,2,3,4
1976,Summer,Germany,6659.16546576017,78336950.0,50,37,42
1976,Summer,Greece,3343.38819444676,9188150.0,0,0,0
1976,Summer,Guatemala,697.064609693019,6269983.0,0,0,0
1976,Summer,Haiti,169.091888071558,5191637.0,0,0,0
1976,Summer,Honduras,482.416373927479,3251145.0,0,0,0
1976,Summer,Hungary,1248.79851313891,10598677.0,4,5,13
1976,Summer,Iceland,7848.3489698757,220154.0,0,0,0
1976,Summer,India,164.119999587322,637630085.0,0,0,0
1976,Summer,Indonesia,275.713167824796,133966940.0,0,0,0
1976,Summer,Iran,1953.51969678549,33733975.0,0,1,1
1976,Summer,Ireland,2919.58308695615,3238050.0,0,0,0
1976,Summer,Israel,4516.37405887818,3533000.0,0,0,0
1976,Summer,Italy,4042.39482463789,55718260.0,2,7,4
1976,Summer,Ivory Coast,660.538618229175,6713949.0,0,0,0
1976,Summer,Jamaica,1449.977882067,2055371.0,1,1,0
1976,Summer,Japan,5310.43140904992,112775000.0,9,6,10
1976,Summer,Kuwait,11141.1981409668,1085866.0,0,0,0
1976,Summer,Lebanon,,2596409.0,0,0,0
1976,Summer,Liechtenstein,11326.3488431219,23933.0,0,0,0
1976,Summer,Luxembourg,9490.6903118849,360731.0,0,0,0
1976,Summer,Malaysia,940.437734141673,12468688.0,0,0,0
1976,Summer,Mexico,1465.49877862474,61242189.0,1,0,1
1976,Summer,Monaco,28396.3794040315,25523.0,0,0,0
1976,Summer,Mongolia,,1520868.0,0,1,0
1976,Summer,Morocco,543.368469238281,18198836.0,0,0,0
1976,Summer,Nepal,102.470373251774,13719466.0,0,0,0
1976,Summer,Netherlands,7937.35246713998,13774037.0,0,2,3
1976,Summer,New Zealand,4373.84099791231,3110500.0,2,1,1
1976,Summer,Nicaragua,632.573778388006,2894967.0,0,0,0
1976,Summer,North Korea,,16554744.0,1,1,0
1976,Summer,Norway,8927.20162734477,4026152.0,1,1,0
1976,Summer,Pakistan,183.859733422347,68834324.0,0,0,1
1976,Summer,Panama,1456.50009707727,1791389.0,0,0,0
1976,Summer,Papua New Guinea,525.433235600649,3219825.0,0,0,0
1976,Summer,Paraguay,615.825049934218,2861868.0,0,0,0
1976,Summer,Peru,1026.41438542928,15838568.0,0,0,0
1976,Summer,Philippines,448.620084504484,42446659.0,0,0,0
1976,Summer,Poland,,34356300.0,7,6,13
1976,Summer,Portugal,2173.28393425975,9355810.0,0,2,0
1976,Summer,Puerto Rico,2946.46195251152,3043854.0,0,0,1
1976,Summer,Romania,,21551634.0,4,9,14
1976,Summer,Russia,,135147000.0,49,41,35
1976,Summer,San Marino,,20086.0,0,0,0
1976,Summer,Saudi Arabia,13312.5119926546,7802928.0,0,0,0
1976,Summer,Senegal,540.594007051938,5057375.0,0,0,0
1976,Summer,Serbia,,7214000.0,2,3,3
1976,Summer,South Korea,847.205737881176,35848523.0,1,1,4
1976,Summer,Spain,3276.97023260494,36137812.0,0,2,0
1976,Summer,Suriname,1301.86536317022,357949.0,0,0,0
1976,Summer,Sweden,10852.5192441428,8222286.0,4,1,0
1976,Summer,Switzerland,10864.971231108,6302504.0,1,1,2
1976,Summer,Thailand,405.408734060752,43377270.0,0,0,1
1976,Summer,Trinidad,2344.93028321949,1025104.0,1,0,0
1976,Summer,Tunisia,751.741946408618,5786482.0,0,0,0
1976,Summer,Turkey,1227.92409658199,40189561.0,0,0,0
1976,Summer,UK,4138.16778761535,56211968.0,3,5,5
1976,Summer,USA,8592.25353727612,218035000.0,34,35,25
1976,Summer,Uruguay,1268.30303240921,2841371.0,0,0,0
1976,Summer,Venezuela,2309.19293494983,13572210.0,0,1,0
1976,Summer,"Virgin Islands, US",,96166.0,0,0,0
1976,Winter,Andorra,7721.28858646797,31782.0,0,0,0
1976,Winter,Argentina,1946.91990388248,26264681.0,0,0,0
1976,Winter,Australia,7497.28175413577,14033000.0,0,0,0
1976,Winter,Austria,5656.1451383787,7565525.0,2,2,2
1976,Winter,Belgium,7243.04734119583,9818227.0,0,0,0
1976,Winter,Bulgaria,,8758599.0,0,0,0
1976,Winter,Canada,8838.94710677652,23449808.0,1,1,1
1976,Winter,Chile,970.957314866348,10756876.0,0,0,0
1976,Winter,Czech Republic,,,0,1,0
1976,Winter,Finland,6740.29145314637,4725664.0,2,4,1
1976,Winter,France,6792.3099035538,54220033.0,0,0,1
1976,Winter,Germany,6659.16546576017,78336950.0,9,10,10
1976,Winter,Greece,3343.38819444676,9188150.0,0,0,0
1976,Winter,Hungary,1248.79851313891,10598677.0,0,0,0
1976,Winter,Iceland,7848.3489698757,220154.0,0,0,0
1976,Winter,Iran,1953.51969678549,33733975.0,0,0,0
1976,Winter,Italy,4042.39482463789,55718260.0,1,2,1
1976,Winter,Japan,5310.43140904992,112775000.0,0,0,0
1976,Winter,Lebanon,,2596409.0,0,0,0
1976,Winter,Liechtenstein,11326.3488431219,23933.0,0,0,2
1976,Winter,Netherlands,7937.35246713998,13774037.0,1,2,3
1976,Winter,New Zealand,4373.84099791231,3110500.0,0,0,0
1976,Winter,Norway,8927.20162734477,4026152.0,3,3,1
1976,Winter,Poland,,34356300.0,0,0,0
1976,Winter,Romania,,21551634.0,0,0,0
1976,Winter,Russia,,135147000.0,13,6,8
1976,Winter,San Marino,,20086.0,0,0,0
1976,Winter,Serbia,,7214000.0,0,0,0
1976,Winter,South Korea,847.205737881176,35848523.0,0,0,0
1976,Winter,Spain,3276.97023260494,36137812.0,0,0,0
1976,Winter,Sweden,10852.5192441428,8222286.0,0,0,2
1976,Winter,Switzerland,10864.971231108,6302504.0,1,3,1
1976,Winter,Taiwan,,,0,0,0
1976,Winter,Turkey,1227.92409658199,40189561.0,0,0,0
1976,Winter,UK,4138.16778761535,56211968.0,1,0,0
1976,Winter,USA,8592.25353727612,218035000.0,3,3,4
1980,Summer,Afghanistan,,13356500.0,0,0,0
1980,Summer,Algeria,2275.77971158899,19221659.0,0,0,0
1980,Summer,Andorra,12474.9252919904,36063.0,0,0,0
1980,Summer,Angola,729.111965489822,8341290.0,0,0,0
1980,Summer,Australia,10223.2886675105,14692000.0,2,2,5
1980,Summer,Austria,10826.9718274995,7549433.0,1,2,1
1980,Summer,Belgium,12864.0025661396,9859242.0,1,0,0
1980,Summer,Benin,358.003054209903,3717161.0,0,0,0
1980,Summer,Botswana,1131.63379014463,897860.0,0,0,0
1980,Summer,Brazil,1958.57159232662,120694012.0,2,0,2
1980,Summer,Bulgaria,2238.80295786574,8861535.0,8,16,17
1980,Summer,Cameroon,784.116227118122,8621409.0,0,0,0
1980,Summer,Colombia,1279.50116658241,26900508.0,0,0,0
1980,Summer,Costa Rica,2020.99067534283,2389973.0,0,0,0
1980,Summer,Cuba,2030.93362280165,9849457.0,8,7,5
1980,Summer,Cyprus,4232.02294921875,685408.0,0,0,0
1980,Summer,Czech Republic,,,2,3,9
1980,Summer,Denmark,13822.1578405912,5123027.0,2,1,2
1980,Summer,Dominican Republic,1180.18089253045,5803929.0,0,0,0
1980,Summer,Ecuador,2189.78417657382,7989178.0,0,0,0
1980,Summer,Ethiopia,203.685394440965,35141703.0,2,0,2
1980,Summer,Finland,11224.9380036353,4779535.0,3,1,4
1980,Summer,France,12565.1639377144,55161510.0,6,5,3
1980,Summer,Germany,12182.7800196802,78288576.0,47,37,42
1980,Summer,Greece,5811.69069600941,9642505.0,1,0,2
1980,Summer,Guatemala,1141.80549814991,6890346.0,0,0,0
1980,Summer,Guinea,1930.99184257949,4871446.0,0,0,0
1980,Summer,Guyana,778.958814102357,780153.0,0,0,1
1980,Summer,Hungary,2158.22181355246,10711122.0,7,10,15
1980,Summer,Iceland,15339.9112964156,228138.0,0,0,0
1980,Summer,India,271.080945953678,698952837.0,1,0,0
1980,Summer,Iraq,3867.64500744262,13653348.0,0,0,0
1980,Summer,Ireland,6372.43777545453,3412800.0,0,1,1
1980,Summer,Italy,8476.41045000836,56433883.0,8,3,4
1980,Summer,Jamaica,1248.74484727418,2162839.0,0,0,3
1980,Summer,Jordan,1750.09801076564,2377997.0,0,0,0
1980,Summer,Kuwait,19031.9051902,1368680.0,0,0,0
1980,Summer,Laos,,3258149.0,0,0,0
1980,Summer,Lebanon,,2588928.0,0,0,1
1980,Summer,Lesotho,306.815565970065,1340258.0,0,0,0
1980,Summer,Libya,11959.5222690783,3219462.0,0,0,0
1980,Summer,Luxembourg,16531.1148988397,364150.0,0,0,0
1980,Summer,Madagascar,577.592700958515,8716549.0,0,0,0
1980,Summer,Mali,359.12056332085,7090124.0,0,0,0
1980,Summer,Malta,3948.26572689504,316645.0,0,0,0
1980,Summer,Mexico,3054.62162291784,67761367.0,0,1,3
1980,Summer,Mongolia,1235.14422497627,1689622.0,0,2,2
1980,Summer,Mozambique,,11630194.0,0,0,0
1980,Summer,Myanmar,31.2462392881093,34224316.0,0,0,0
1980,Summer,Nepal,125.114347478097,15016408.0,0,0,0
1980,Summer,Netherlands,13812.1600098191,14149800.0,0,1,2
1980,Summer,New Zealand,7467.16803773805,3112900.0,0,0,0
1980,Summer,Nicaragua,659.297143121648,3265520.0,0,0,0
1980,Summer,Nigeria,870.359934682057,73423646.0,0,0,0
1980,Summer,North Korea,,17472144.0,0,3,2
1980,Summer,Peru,1044.69165468575,17547612.0,0,0,0
1980,Summer,Poland,,35574150.0,3,14,15
1980,Summer,Portugal,3368.36666940279,9766312.0,0,0,0
1980,Summer,Puerto Rico,4502.8384279476,3206000.0,0,0,0
1980,Summer,Republic of Congo,932.646715470458,1777932.0,0,0,0
1980,Summer,Romania,,22207282.0,6,6,13
1980,Summer,Russia,,139010000.0,80,69,46
1980,Summer,San Marino,,21453.0,0,0,0
1980,Summer,Senegal,771.533969550579,5583157.0,0,0,0
1980,Summer,Serbia,,7362000.0,2,3,4
1980,Summer,Seychelles,2478.36470343969,63261.0,0,0,0
1980,Summer,Sierra Leone,336.386279506102,3388494.0,0,0,0
1980,Summer,Spain,6204.14321544225,37491165.0,1,3,2
1980,Summer,Sri Lanka,271.055290073685,15035840.0,0,0,0
1980,Summer,Sweden,17073.0446711494,8310531.0,3,3,6
1980,Summer,Switzerland,19393.8805480097,6319408.0,2,0,0
1980,Summer,Syria,1458.23976434095,8930776.0,0,0,0
1980,Summer,Tanzania,611.211791992188,18538263.0,0,2,0
1980,Summer,Trinidad,5559.05209507101,1084743.0,0,0,0
1980,Summer,UK,10032.062080015,56314216.0,5,7,9
1980,Summer,Uganda,93.7506991135184,12442333.0,0,1,0
1980,Summer,Venezuela,3874.40470623155,15182616.0,0,1,0
1980,Summer,Vietnam,,54281841.0,0,0,0
1980,Summer,Zambia,669.419722015371,5851818.0,0,0,0
1980,Summer,Zimbabwe,949.011610530352,7408630.0,1,0,0
1980,Winter,Andorra,12474.9252919904,36063.0,0,0,0
1980,Winter,Argentina,2747.5022751674,27896532.0,0,0,0
1980,Winter,Australia,10223.2886675105,14692000.0,0,0,0
1980,Winter,Austria,10826.9718274995,7549433.0,3,2,2
1980,Winter,Belgium,12864.0025661396,9859242.0,0,0,0
1980,Winter,Boliva,787.907344889279,5579932.0,0,0,0
1980,Winter,Bulgaria,2238.80295786574,8861535.0,0,0,1
1980,Winter,Canada,11208.2027394178,24515667.0,0,1,1
1980,Winter,China,195.149479992051,981235000.0,0,0,0
1980,Winter,Costa Rica,2020.99067534283,2389973.0,0,0,0
1980,Winter,Cyprus,4232.02294921875,685408.0,0,0,0
1980,Winter,Czech Republic,,,0,0,1
1980,Winter,Finland,11224.9380036353,4779535.0,1,5,3
1980,Winter,France,12565.1639377144,55161510.0,0,0,1
1980,Winter,Germany,12182.7800196802,78288576.0,9,9,10
1980,Winter,Greece,5811.69069600941,9642505.0,0,0,0
1980,Winter,Hungary,2158.22181355246,10711122.0,0,1,0
1980,Winter,Iceland,15339.9112964156,228138.0,0,0,0
1980,Winter,Italy,8476.41045000836,56433883.0,0,2,0
1980,Winter,Japan,9668.74626395709,116807000.0,0,1,0
1980,Winter,Lebanon,,2588928.0,0,0,0
1980,Winter,Liechtenstein,20958.7395302666,25881.0,2,2,0
1980,Winter,Mongolia,1235.14422497627,1689622.0,0,0,0
1980,Winter,Netherlands,13812.1600098191,14149800.0,1,2,1
1980,Winter,New Zealand,7467.16803773805,3112900.0,0,0,0
1980,Winter,Norway,15772.2409073814,4085620.0,1,3,6
1980,Winter,Poland,,35574150.0,0,0,0
1980,Winter,Romania,,22207282.0,0,0,0
1980,Winter,Russia,,139010000.0,10,6,6
1980,Winter,Serbia,,7362000.0,0,0,0
1980,Winter,South Korea,1745.57662116658,38123775.0,0,0,0
1980,Winter,Spain,6204.14321544225,37491165.0,0,0,0
1980,Winter,Sweden,17073.0446711494,8310531.0,3,0,1
1980,Winter,Switzerland,19393.8805480097,6319408.0,1,1,3
1980,Winter,UK,10032.062080015,56314216.0,1,0,0
1980,Winter,USA,12574.7915062163,227225000.0,6,4,2
1984,Summer,Algeria,2524.38071403143,21763578.0,0,0,2
1984,Summer,Andorra,7808.13002713549,42706.0,0,0,0
1984,Summer,Antigua,3270.7810304062,61784.0,0,0,0
1984,Summer,Argentina,3915.03492645691,29737097.0,0,0,0
1984,Summer,Australia,12436.2969052038,15544000.0,4,8,12
1984,Summer,Austria,8955.84829191534,7561434.0,1,1,1
1984,Summer,Bahamas,8201.70133768379,229913.0,0,0,0
1984,Summer,Bahrain,36061.3815259405,218176.0,0,0,0
1984,Summer,Bangladesh,193.435020976238,88416529.0,0,0,0
1984,Summer,Barbados,5283.57944099441,255493.0,0,0,0
1984,Summer,Belgium,8457.26880316374,9855372.0,1,1,2
1984,Summer,Belize,1814.18859813551,160341.0,0,0,0
1984,Summer,Benin,238.574457355381,4156819.0,0,0,0
1984,Summer,Bermuda,17866.9174355163,56423.0,0,0,0
1984,Summer,Bhutan,325.545257021725,451471.0,0,0,0
1984,Summer,Boliva,982.109656770748,6054126.0,0,0,0
1984,Summer,Botswana,1145.02903810762,1031439.0,0,0,0
1984,Summer,Brazil,1419.73154606978,132383569.0,1,5,2
1984,Summer,Cameroon,771.702146026357,9757849.0,0,0,1
1984,Summer,Canada,13930.4745502555,25607053.0,10,18,16
1984,Summer,Cayman Islands,,18662.0,0,0,0
1984,Summer,Central African Republic,248.313551025498,2478382.0,0,0,0
1984,Summer,Chad,182.175880946335,4957561.0,0,0,0
1984,Summer,Chile,1636.22476246476,12078137.0,0,0,0
1984,Summer,China,251.192686463827,1036825000.0,15,8,9
1984,Summer,Colombia,1335.52821812362,29331230.0,0,1,0
1984,Summer,Costa Rica,1372.20149843952,2664220.0,0,0,0
1984,Summer,Curacao,,151940.0,0,0,0
1984,Summer,Cyprus,4258.74365234375,697715.0,0,0,0
1984,Summer,Democratic Republic of the Congo,259.801889543739,29119663.0,0,0,0
1984,Summer,Denmark,11516.6821578436,5111619.0,0,3,3
1984,Summer,Djibouti,,406018.0,0,0,0
1984,Summer,Dominican Republic,1843.52460788928,6331760.0,0,0,1
1984,Summer,Ecuador,1863.68213493779,8843463.0,0,0,0
1984,Summer,Egypt,689.807675510205,47968643.0,0,1,0
1984,Summer,El Salvador,763.168218110743,4871041.0,0,0,0
1984,Summer,Equatorial Guinea,137.903678570149,331554.0,0,0,0
1984,Summer,Fiji,1666.86572541062,700478.0,0,0,0
1984,Summer,Finland,10830.2185222663,4881803.0,4,2,6
1984,Summer,France,9311.89426452129,56337675.0,5,7,16
1984,Summer,Gabon,4272.88216871705,805117.0,0,0,0
1984,Summer,Gambia,214.794357389928,725688.0,0,0,0
1984,Summer,Germany,9347.29068412377,77858685.0,17,19,23
1984,Summer,Ghana,329.998888863111,12405659.0,0,0,0
1984,Summer,Greece,4785.07463033775,9895801.0,0,1,1
1984,Summer,Grenada,1523.94092798531,98472.0,0,0,0
1984,Summer,Guatemala,1241.04242582773,7669863.0,0,0,0
1984,Summer,Guinea,3361.5282015455,5326369.0,0,0,0
1984,Summer,Guyana,565.33443558244,775217.0,0,0,0
1984,Summer,Haiti,299.247186216373,6194686.0,0,0,0
1984,Summer,Honduras,959.534269081039,4154864.0,0,0,0
1984,Summer,Iceland,12377.5860216394,239511.0,0,0,1
1984,Summer,India,281.049867840717,766833411.0,0,0,0
1984,Summer,Indonesia,519.774063103241,161523353.0,0,0,0
1984,Summer,Iraq,3065.7178266236,15190396.0,0,0,0
1984,Summer,Ireland,5692.02738597285,3532423.0,0,1,0
1984,Summer,Israel,7368.50379730819,4159000.0,0,0,0
1984,Summer,Italy,7757.55374836822,56576718.0,14,6,12
1984,Summer,Ivory Coast,708.940252199945,9530103.0,0,1,0
1984,Summer,Jamaica,1048.13405395534,2306367.0,0,1,2
1984,Summer,Japan,11207.4523524293,120083000.0,10,7,14
1984,Summer,Jordan,1871.09074979987,2784457.0,0,0,0
1984,Summer,Kenya,334.40283575753,19146403.0,1,0,2
1984,Summer,Kuwait,11918.6168925905,1652150.0,0,0,0
1984,Summer,Lebanon,,2638056.0,0,0,0
1984,Summer,Lesotho,210.998495414288,1489685.0,0,0,0
1984,Summer,Liberia,390.407957992226,2111667.0,0,0,0
1984,Summer,Liechtenstein,18898.3678693391,27028.0,0,0,0
1984,Summer,Luxembourg,12126.9391987909,365998.0,0,0,0
1984,Summer,Madagascar,385.408181010621,9780869.0,0,0,0
1984,Summer,Malawi,239.74828969103,6964613.0,0,0,0
1984,Summer,Malaysia,2299.80870816235,15192300.0,0,0,0
1984,Summer,Mali,169.067780598011,7694857.0,0,0,0
1984,Summer,Malta,3332.82018387922,330593.0,0,0,0
1984,Summer,Mauritania,649.681186509673,1730737.0,0,0,0
1984,Summer,Mauritius,1041.83252378016,1012221.0,0,0,0
1984,Summer,Mexico,2506.30742754755,74352631.0,2,3,1
1984,Summer,Monaco,36582.3672009832,28511.0,0,0,0
1984,Summer,Morocco,681.909729003906,22002641.0,2,0,0
1984,Summer,Mozambique,,12636120.0,0,0,0
1984,Summer,Myanmar,36.3255768443636,37241530.0,0,0,0
1984,Summer,Nepal,151.078187115939,16477488.0,0,0,0
1984,Summer,Netherlands,9991.84377655651,14424211.0,5,2,6
1984,Summer,New Zealand,6713.76013104154,3227100.0,8,1,2
1984,Summer,Nicaragua,861.428649767358,3642978.0,0,0,0
1984,Summer,Niger,211.468807340699,6719310.0,0,0,0
1984,Summer,Nigeria,890.434106332302,81448757.0,0,1,1
1984,Summer,Norway,14989.4857665906,4140099.0,0,1,2
1984,Summer,Oman,7070.07295804885,1431066.0,0,0,0
1984,Summer,Pakistan,327.345625152291,89213708.0,1,0,0
1984,Summer,Panama,2874.94832112227,2170330.0,0,0,0
1984,Summer,Papua New Guinea,749.637059926778,3975950.0,0,0,0
1984,Summer,Paraguay,1319.23446766653,3571275.0,0,0,0
1984,Summer,Peru,917.896274683145,19319746.0,0,1,0
1984,Summer,Philippines,665.042349344043,52827047.0,0,0,0
1984,Summer,Portugal,2522.74747620658,9996232.0,1,0,2
1984,Summer,Puerto Rico,5730.11700890201,3344190.0,0,1,1
1984,Summer,Qatar,19272.2616094603,341272.0,0,0,0
1984,Summer,Republic of Congo,1097.04958637388,1996994.0,0,0,0
1984,Summer,Romania,,22640547.0,19,16,17
1984,Summer,Rwanda,259.906684530767,5902847.0,0,0,0
1984,Summer,Samoa,654.697560664036,159243.0,0,0,0
1984,Summer,San Marino,,22546.0,0,0,0
1984,Summer,Saudi Arabia,15541.1312184609,12418836.0,0,0,0
1984,Summer,Senegal,536.231765402514,6277420.0,0,0,0
1984,Summer,Serbia,,7489000.0,7,4,7
1984,Summer,Seychelles,2487.64499220084,64717.0,0,0,0
1984,Summer,Sierra Leone,305.576232491583,3707513.0,0,0,0
1984,Summer,Solomon Islands,664.696440482807,262691.0,0,0,0
1984,Summer,Somalia,,6614713.0,0,0,0
1984,Summer,South Korea,2468.68667303898,40405956.0,6,6,7
1984,Summer,Spain,4486.78173863382,38330364.0,1,2,2
1984,Summer,Sri Lanka,391.369617569858,15948501.0,0,0,0
1984,Summer,Sudan,429.993377685547,16657956.0,0,0,0
1984,Summer,Suriname,2260.63794993629,364722.0,0,0,0
1984,Summer,Swaziland,,,0,0,0
1984,Summer,Sweden,13080.0302290066,8336605.0,2,11,6
1984,Summer,Switzerland,16991.2458841517,6441865.0,0,4,4
1984,Summer,Syria,1706.21944810524,10293048.0,0,1,0
1984,Summer,Taiwan,,,0,0,1
1984,Summer,Tanzania,609.331420898438,20981775.0,0,0,0
1984,Summer,Thailand,846.934168430884,51094870.0,0,1,0
1984,Summer,Togo,304.296330488676,3140840.0,0,0,0
1984,Summer,Tonga,655.66235882708,93793.0,0,0,0
1984,Summer,Trinidad,6613.11947420709,1155083.0,0,0,0
1984,Summer,Tunisia,1143.2812867658,7135265.0,0,0,0
1984,Summer,Turkey,1209.05149383313,48114158.0,0,0,3
1984,Summer,UK,8179.19444064991,56422072.0,5,11,21
1984,Summer,USA,17121.2254849995,235825000.0,82,61,30
1984,Summer,Uganda,247.516937638636,14082870.0,0,0,0
1984,Summer,United Arab Emirates,32012.3141540273,1293970.0,0,0,0
1984,Summer,Uruguay,1615.40647277136,2992250.0,0,0,0
1984,Summer,Venezuela,3519.80146489308,16876703.0,0,0,3
1984,Summer,"Virgin Islands, British",,13317.0,0,0,0
1984,Summer,"Virgin Islands, US",,100600.0,0,0,0
1984,Summer,Yemen,,,0,0,0
1984,Summer,Zambia,413.269974271735,6701547.0,0,0,1
1984,Summer,Zimbabwe,757.359025240321,8562259.0,0,0,0
1984,Winter,Andorra,7808.13002713549,42706.0,0,0,0
1984,Winter,Argentina,3915.03492645691,29737097.0,0,0,0
1984,Winter,Australia,12436.2969052038,15544000.0,0,0,0
1984,Winter,Austria,8955.84829191534,7561434.0,0,0,1
1984,Winter,Belgium,8457.26880316374,9855372.0,0,0,0
1984,Winter,Boliva,982.109656770748,6054126.0,0,0,0
1984,Winter,Bulgaria,1963.57267618274,8960679.0,0,0,0
1984,Winter,Canada,13930.4745502555,25607053.0,2,1,1
1984,Winter,Chile,1636.22476246476,12078137.0,0,0,0
1984,Winter,China,251.192686463827,1036825000.0,0,0,0
1984,Winter,Costa Rica,1372.20149843952,2664220.0,0,0,0
1984,Winter,Cyprus,4258.74365234375,697715.0,0,0,0
1984,Winter,Czech Republic,,,0,2,4
1984,Winter,Egypt,689.807675510205,47968643.0,0,0,0
1984,Winter,Finland,10830.2185222663,4881803.0,4,3,6
1984,Winter,France,9311.89426452129,56337675.0,0,1,2
1984,Winter,Germany,9347.29068412377,77858685.0,11,10,7
1984,Winter,Greece,4785.07463033775,9895801.0,0,0,0
1984,Winter,Hungary,1991.23894795513,10668095.0,0,0,0
1984,Winter,Iceland,12377.5860216394,239511.0,0,0,0
1984,Winter,Italy,7757.55374836822,56576718.0,2,0,0
1984,Winter,Japan,11207.4523524293,120083000.0,0,1,0
1984,Winter,Lebanon,,2638056.0,0,0,0
1984,Winter,Liechtenstein,18898.3678693391,27028.0,0,0,2
1984,Winter,Mexico,2506.30742754755,74352631.0,0,0,0
1984,Winter,Monaco,36582.3672009832,28511.0,0,0,0
1984,Winter,Mongolia,1119.71388466075,1871089.0,0,0,0
1984,Winter,Morocco,681.909729003906,22002641.0,0,0,0
1984,Winter,Netherlands,9991.84377655651,14424211.0,0,0,0
1984,Winter,New Zealand,6713.76013104154,3227100.0,0,0,0
1984,Winter,North Korea,,18590142.0,0,0,0
1984,Winter,Norway,14989.4857665906,4140099.0,3,2,4
1984,Winter,Poland,,36904134.0,0,0,0
1984,Winter,Puerto Rico,5730.11700890201,3344190.0,0,0,0
1984,Winter,Romania,,22640547.0,0,0,0
1984,Winter,Russia,,142745000.0,6,10,9
1984,Winter,San Marino,,22546.0,0,0,0
1984,Winter,Senegal,536.231765402514,6277420.0,0,0,0
1984,Winter,Serbia,,7489000.0,0,1,0
1984,Winter,South Korea,2468.68667303898,40405956.0,0,0,0
1984,Winter,Spain,4486.78173863382,38330364.0,0,0,0
1984,Winter,Sweden,13080.0302290066,8336605.0,4,2,2
1984,Winter,Switzerland,16991.2458841517,6441865.0,2,2,1
1984,Winter,Taiwan,,,0,0,0
1984,Winter,Turkey,1209.05149383313,48114158.0,0,0,0
1984,Winter,UK,8179.19444064991,56422072.0,1,0,0
1984,Winter,USA,17121.2254849995,235825000.0,4,4,0
1984,Winter,"Virgin Islands, British",,13317.0,0,0,0
1988,Summer,Afghanistan,,11618008.0,0,0,0
1988,Summer,Algeria,2450.87242078961,24443472.0,0,0,0
1988,Summer,American Samoa,,44346.0,0,0,0
1988,Summer,Andorra,14599.0355178798,50433.0,0,0,0
1988,Summer,Angola,807.43962838624,11068051.0,0,0,0
1988,Summer,Antigua,6466.15683473424,61758.0,0,0,0
1988,Summer,Argentina,3992.70330179156,31668939.0,0,1,1
1988,Summer,Aruba,10056.2613927414,61072.0,0,0,0
1988,Summer,Australia,14303.093047615,16532200.0,3,6,5
1988,Summer,Austria,17509.7658683817,7585317.0,1,0,0
1988,Summer,Bahamas,10575.797153666,247451.0,0,0,0
1988,Summer,Bahrain,18824.7637309359,244405.0,0,0,0
1988,Summer,Bangladesh,247.901465967332,98186350.0,0,0,0
1988,Summer,Barbados,7032.65370811416,258970.0,0,0,0
1988,Summer,Belgium,16391.093827791,9901664.0,0,0,2
1988,Summer,Belize,2405.81116565818,179023.0,0,0,0
1988,Summer,Benin,326.179757700303,4672844.0,0,0,0
1988,Summer,Bermuda,24958.1127004004,58347.0,0,0,0
1988,Summer,Bhutan,488.877757351253,509532.0,0,0,0
1988,Summer,Boliva,672.607268146683,6580318.0,0,0,0
1988,Summer,Botswana,2140.51439180359,1200073.0,0,0,0
1988,Summer,Brazil,2140.65027561164,143627505.0,1,2,3
1988,Summer,Bulgaria,2511.39306259489,8981446.0,10,12,13
1988,Summer,Burkina Faso,301.129214663833,8356313.0,0,0,0
1988,Summer,Cameroon,1145.16555992416,11075423.0,0,0,0
1988,Summer,Canada,19012.5723278349,26791747.0,3,2,5
1988,Summer,Cayman Islands,,22775.0,0,0,0
1988,Summer,Central African Republic,466.070596898859,2693974.0,0,0,0
1988,Summer,Chad,263.544647841815,5589624.0,0,0,0
1988,Summer,Chile,2013.53987790886,12847712.0,0,1,0
1988,Summer,China,10609.7456394545,5627600.0,5,11,12
1988,Summer,Colombia,1259.6174112078,31822527.0,0,0,1
1988,Summer,Cook Islands,,,0,0,0
1988,Summer,Costa Rica,1554.74048522018,2960932.0,0,1,0
1988,Summer,Curacao,,149254.0,0,1,0
1988,Summer,Cyprus,7645.6298828125,736476.0,0,0,0
1988,Summer,Czech Republic,,,3,3,2
1988,Summer,Democratic Republic of the Congo,257.725151748806,32443784.0,0,0,0
1988,Summer,Denmark,22524.5792595476,5129516.0,2,1,1
1988,Summer,Djibouti,816.874614065329,528993.0,0,0,1
1988,Summer,Dominican Republic,783.913142122635,6863438.0,0,0,0
1988,Summer,Ecuador,1303.77906073184,9755576.0,0,0,0
1988,Summer,Egypt,633.839369496566,53399243.0,0,0,0
1988,Summer,El Salvador,806.392353256927,5133273.0,0,0,0
1988,Summer,Equatorial Guinea,228.669232827247,394973.0,0,0,0
1988,Summer,Fiji,1463.04720165947,722924.0,0,0,0
1988,Summer,Finland,22043.7701596288,4946481.0,1,1,2
1988,Summer,France,17549.6440487161,57627106.0,6,4,6
1988,Summer,Gabon,4118.60473032795,898472.0,0,0,0
1988,Summer,Gambia,274.874465999589,873440.0,0,0,0
1988,Summer,Germany,17996.9783507619,78144619.0,48,49,45
1988,Summer,Ghana,355.121844932881,13947047.0,0,0,0
1988,Summer,Greece,7492.35204811251,10036983.0,0,0,1
1988,Summer,Grenada,2404.25523562379,98126.0,0,0,0
1988,Summer,Guam,,124674.0,0,0,0
1988,Summer,Guatemala,919.070773138882,8566331.0,0,0,0
1988,Summer,Guinea,574.001127225182,5982484.0,0,0,0
1988,Summer,Guyana,544.715209244099,750641.0,0,0,0
1988,Summer,Haiti,397.365336276412,6758222.0,0,0,0
1988,Summer,Honduras,1039.29410284648,4677023.0,0,0,0
1988,Summer,Hungary,2812.23754602897,10596487.0,11,6,6
1988,Summer,Iceland,25306.6926061001,249740.0,0,0,0
1988,Summer,India,358.484539641693,837468938.0,0,0,0
1988,Summer,Indonesia,476.662483405818,174975953.0,0,1,0
1988,Summer,Iran,2234.46235141335,53077312.0,0,1,0
1988,Summer,Iraq,3707.20841763297,16612319.0,0,0,0
1988,Summer,Ireland,10715.8702780539,3524949.0,0,0,0
1988,Summer,Israel,11852.9826452892,4442000.0,0,0,0
1988,Summer,Italy,15780.9495122174,56629288.0,6,4,4
1988,Summer,Ivory Coast,909.534182158689,11094740.0,0,0,0
1988,Summer,Jamaica,1632.01481656159,2389415.0,0,2,0
1988,Summer,Japan,25499.8811728107,122578000.0,4,3,7
1988,Summer,Jordan,1965.98031813995,3256552.0,0,0,0
1988,Summer,Kenya,391.238771204282,22153685.0,5,2,2
1988,Summer,Kuwait,9692.34754600725,2034850.0,0,0,0
1988,Summer,Laos,147.070942942331,4020817.0,0,0,0
1988,Summer,Lebanon,959.153901867443,2684682.0,0,0,0
1988,Summer,Lesotho,270.36712009929,1630993.0,0,0,0
1988,Summer,Liberia,424.325719336919,2134105.0,0,0,0
1988,Summer,Libya,5736.28243992278,4220451.0,0,0,0
1988,Summer,Liechtenstein,41568.5441182755,28135.0,0,0,0
1988,Summer,Luxembourg,25219.3542781732,373450.0,0,0,0
1988,Summer,Malawi,229.421843922728,8636686.0,0,0,0
1988,Summer,Malaysia,2099.95467656701,17022470.0,0,0,0
1988,Summer,Maldives,799.082501719284,209787.0,0,0,0
1988,Summer,Mali,307.019371606958,8171525.0,0,0,0
1988,Summer,Malta,5814.44775940093,347325.0,0,0,0
1988,Summer,Mauritania,762.423918016846,1930427.0,0,0,0
1988,Summer,Mauritius,2073.59238787189,1043239.0,0,0,0
1988,Summer,Mexico,2278.81222720992,80788725.0,0,0,2
1988,Summer,Monaco,67180.5763713568,29232.0,0,0,0
1988,Summer,Mongolia,1543.33555521093,2089709.0,0,0,1
1988,Summer,Morocco,1086.03527832031,23903592.0,1,0,2
1988,Summer,Mozambique,,12758003.0,0,0,0
1988,Summer,Myanmar,39.9236088878004,40085653.0,0,0,0
1988,Summer,Nepal,187.084777621975,18020755.0,0,0,0
1988,Summer,Netherlands,17770.6162376388,14760094.0,2,2,5
1988,Summer,New Zealand,13759.1556295922,3283400.0,3,2,8
1988,Summer,Niger,292.587878484489,7548429.0,0,0,0
1988,Summer,Nigeria,539.539468397166,90395278.0,0,0,0
1988,Summer,Norway,24207.281468963,4209488.0,2,3,0
1988,Summer,Oman,5279.10411437183,1678119.0,0,0,0
1988,Summer,Pakistan,353.85454278549,101389603.0,0,0,1
1988,Summer,Panama,2508.78229277879,2368556.0,0,0,0
1988,Summer,Papua New Guinea,984.993556016427,4399320.0,0,0,0
1988,Summer,Paraguay,1113.89406863138,4001678.0,0,0,0
1988,Summer,Peru,733.299784874657,21153462.0,0,1,0
1988,Summer,Philippines,722.343718454247,58794999.0,0,0,1
1988,Summer,Poland,,37824487.0,2,5,9
1988,Summer,Portugal,5623.69699982123,10019610.0,1,0,0
1988,Summer,Puerto Rico,7595.44465611829,3473898.0,0,0,0
1988,Summer,Qatar,14682.0218472004,443611.0,0,0,0
1988,Summer,Republic of Congo,984.376285838246,2231462.0,0,0,0
1988,Summer,Romania,1753.19285632198,23057662.0,7,11,6
1988,Summer,Russia,3778.01977539063,146857000.0,54,31,46
1988,Summer,Rwanda,343.781325819105,7088194.0,0,0,0
1988,Summer,Saint Vincent,,,0,0,0
1988,Summer,Samoa,790.134992313838,161369.0,0,0,0
1988,Summer,San Marino,,23548.0,0,0,0
1988,Summer,Saudi Arabia,9165.49615323397,15070082.0,0,0,0
1988,Summer,Senegal,880.487755138196,7086624.0,0,1,0
1988,Summer,Serbia,,7572000.0,3,4,5
1988,Summer,Sierra Leone,268.160979625957,4156636.0,0,0,0
1988,Summer,Solomon Islands,567.022935580171,294976.0,0,0,0
1988,Summer,Somalia,,7005226.0,0,0,0
1988,Summer,South Korea,4888.68509195605,42031247.0,12,10,11
1988,Summer,Spain,9696.1928538538,38766939.0,1,1,2
1988,Summer,Sri Lanka,434.015552780537,16878186.0,0,0,0
1988,Summer,Sudan,553.07861328125,18867559.0,0,0,0
1988,Summer,Suriname,2886.42980207694,388877.0,1,0,0
1988,Summer,Swaziland,,,0,0,0
1988,Summer,Sweden,24499.1240758517,8436489.0,0,4,7
1988,Summer,Switzerland,32690.4302734561,6593386.0,0,2,2
1988,Summer,Syria,897.70876335774,11719064.0,0,0,0
1988,Summer,Taiwan,,,0,0,0
1988,Summer,Tanzania,307.50634765625,23670807.0,0,0,0
1988,Summer,Thailand,1164.20096229495,54891520.0,0,0,1
1988,Summer,Togo,516.536238879357,3577469.0,0,0,0
1988,Summer,Tonga,1077.6835915018,94592.0,0,0,0
1988,Summer,Trinidad,3655.81977035897,1204150.0,0,0,0
1988,Summer,Tunisia,1266.07583258953,7880333.0,0,0,0
1988,Summer,Turkey,1685.69479240535,52053764.0,1,1,0
1988,Summer,UK,15987.1680775688,56928327.0,5,10,9
1988,Summer,USA,21417.0119305191,244499000.0,36,31,27
1988,Summer,Uganda,395.187660960924,16180129.0,0,0,0
1988,Summer,United Arab Emirates,21569.7068852997,1627068.0,0,0,0
1988,Summer,Uruguay,2677.19777690993,3068714.0,0,0,0
1988,Summer,Vanuatu,1125.00616977712,139319.0,0,0,0
1988,Summer,Venezuela,3191.47633742656,18698850.0,0,0,0
1988,Summer,Vietnam,404.559305078888,65120432.0,0,0,0
1988,Summer,"Virgin Islands, British",,16155.0,0,0,0
1988,Summer,"Virgin Islands, US",,100952.0,0,1,0
1988,Summer,Yemen,,,0,0,0
1988,Summer,Zambia,504.486020154114,7598270.0,0,0,0
1988,Summer,Zimbabwe,815.89246404532,9849129.0,0,0,0
1988,Winter,Andorra,14599.0355178798,50433.0,0,0,0
1988,Winter,Argentina,3992.70330179156,31668939.0,0,0,0
1988,Winter,Australia,14303.093047615,16532200.0,0,0,0
1988,Winter,Austria,17509.7658683817,7585317.0,3,5,2
1988,Winter,Belgium,16391.093827791,9901664.0,0,0,0
1988,Winter,Boliva,672.607268146683,6580318.0,0,0,0
1988,Winter,Bulgaria,2511.39306259489,8981446.0,0,0,0
1988,Winter,Canada,19012.5723278349,26791747.0,0,2,3
1988,Winter,Chile,2013.53987790886,12847712.0,0,0,0
1988,Winter,China,284.023573149686,1101630000.0,0,0,0
1988,Winter,Costa Rica,1554.74048522018,2960932.0,0,0,0
1988,Winter,Curacao,,149254.0,0,0,0
1988,Winter,Cyprus,7645.6298828125,736476.0,0,0,0
1988,Winter,Czech Republic,,,0,1,2
1988,Winter,Denmark,22524.5792595476,5129516.0,0,0,0
1988,Winter,Fiji,1463.04720165947,722924.0,0,0,0
1988,Winter,Finland,22043.7701596288,4946481.0,4,1,2
1988,Winter,France,17549.6440487161,57627106.0,1,0,1
1988,Winter,Germany,17996.9783507619,78144619.0,11,14,8
1988,Winter,Greece,7492.35204811251,10036983.0,0,0,0
1988,Winter,Guam,,124674.0,0,0,0
1988,Winter,Guatemala,919.070773138882,8566331.0,0,0,0
1988,Winter,Hungary,2812.23754602897,10596487.0,0,0,0
1988,Winter,Iceland,25306.6926061001,249740.0,0,0,0
1988,Winter,India,358.484539641693,837468938.0,0,0,0
1988,Winter,Italy,15780.9495122174,56629288.0,2,1,2
1988,Winter,Jamaica,1632.01481656159,2389415.0,0,0,0
1988,Winter,Japan,25499.8811728107,122578000.0,0,0,1
1988,Winter,Lebanon,959.153901867443,2684682.0,0,0,0
1988,Winter,Liechtenstein,41568.5441182755,28135.0,0,0,1
1988,Winter,Luxembourg,25219.3542781732,373450.0,0,0,0
1988,Winter,Mexico,2278.81222720992,80788725.0,0,0,0
1988,Winter,Monaco,67180.5763713568,29232.0,0,0,0
1988,Winter,Mongolia,1543.33555521093,2089709.0,0,0,0
1988,Winter,Morocco,1086.03527832031,23903592.0,0,0,0
1988,Winter,Netherlands,17770.6162376388,14760094.0,3,2,2
1988,Winter,New Zealand,13759.1556295922,3283400.0,0,0,0
1988,Winter,North Korea,,19708316.0,0,0,0
1988,Winter,Norway,24207.281468963,4209488.0,0,3,2
1988,Winter,Philippines,722.343718454247,58794999.0,0,0,0
1988,Winter,Poland,,37824487.0,0,0,0
1988,Winter,Portugal,5623.69699982123,10019610.0,0,0,0
1988,Winter,Puerto Rico,7595.44465611829,3473898.0,0,0,0
1988,Winter,Romania,1753.19285632198,23057662.0,0,0,0
1988,Winter,Russia,3778.01977539063,146857000.0,11,9,9
1988,Winter,San Marino,,23548.0,0,0,0
1988,Winter,Serbia,,7572000.0,0,2,1
1988,Winter,South Korea,4888.68509195605,42031247.0,0,0,0
1988,Winter,Spain,9696.1928538538,38766939.0,0,0,0
1988,Winter,Sweden,24499.1240758517,8436489.0,4,0,2
1988,Winter,Switzerland,32690.4302734561,6593386.0,5,5,5
1988,Winter,Taiwan,,,0,0,0
1988,Winter,Turkey,1685.69479240535,52053764.0,0,0,0
1988,Winter,UK,15987.1680775688,56928327.0,0,0,0
1988,Winter,USA,21417.0119305191,244499000.0,2,1,3
1988,Winter,"Virgin Islands, US",,100952.0,0,0,0
1992,Summer,Albania,200.852219772323,3247039.0,0,0,0
1992,Summer,Algeria,1802.69300801289,27028330.0,1,0,1
1992,Summer,American Samoa,,49900.0,0,0,0
1992,Summer,Andorra,20099.5352208543,58882.0,0,0,0
1992,Summer,Angola,668.706017459877,12657361.0,0,0,0
1992,Summer,Antigua,8153.73786307269,64459.0,0,0,0
1992,Summer,Argentina,6789.99611136495,33529320.0,0,0,1
1992,Summer,Aruba,13892.6051427736,68240.0,0,0,0
1992,Summer,Australia,18650.3675476612,17495000.0,7,9,11
1992,Summer,Austria,24782.7118767063,7840709.0,0,2,0
1992,Summer,Bahamas,10873.4047501635,266028.0,0,0,1
1992,Summer,Bahrain,23450.8964055243,273888.0,0,0,0
1992,Summer,Bangladesh,273.465072520272,107983708.0,0,0,0
1992,Summer,Barbados,7519.20143544898,262890.0,0,0,0
1992,Summer,Belgium,23372.619171015,10045158.0,0,1,2
1992,Summer,Belize,3642.9480634402,194324.0,0,0,0
1992,Summer,Benin,301.77329696287,5331805.0,0,0,0
1992,Summer,Bermuda,28761.9634632835,58595.0,0,0,0
1992,Summer,Bhutan,415.791522568451,534525.0,0,0,0
1992,Summer,Boliva,759.57113496365,7160917.0,0,0,0
1992,Summer,Bosnia and Herzegovina,1118.17569934079,4233673.0,0,0,0
1992,Summer,Botswana,3004.61263362306,1363541.0,0,0,0
1992,Summer,Brazil,2127.29083011489,154259382.0,2,1,0
1992,Summer,Bulgaria,1007.34454544881,8540164.0,3,7,6
1992,Summer,Burkina Faso,348.592443894547,9297110.0,0,0,0
1992,Summer,Cameroon,1005.44897647465,12499499.0,0,0,0
1992,Summer,Canada,20950.3305287651,28371264.0,7,4,7
1992,Summer,Cayman Islands,,27784.0,0,0,0
1992,Summer,Central African Republic,461.587303490896,2959236.0,0,0,0
1992,Summer,Chad,290.648286132566,6356741.0,0,0,0
1992,Summer,Chile,3351.84108855522,13719818.0,0,0,0
1992,Summer,China,367.822651903542,1164970000.0,16,22,15
1992,Summer,Colombia,1730.39091795329,34422568.0,0,0,1
1992,Summer,Cook Islands,,,0,0,0
1992,Summer,Costa Rica,2612.38756453737,3286525.0,0,0,0
1992,Summer,Croatia,2321.15204123035,4575818.0,0,1,2
1992,Summer,Cuba,2047.67900346421,10736386.0,14,6,11
1992,Summer,Curacao,,143912.0,0,0,0
1992,Summer,Cyprus,11310.072265625,800610.0,0,0,0
1992,Summer,Czech Republic,3396.70972430469,,4,2,1
1992,Summer,Democratic Republic of the Congo,209.726548794417,37333917.0,0,0,0
1992,Summer,Denmark,29579.4913648682,5171370.0,1,1,4
1992,Summer,Djibouti,763.659214503152,615050.0,0,0,0
1992,Summer,Dominican Republic,1558.29782071075,7408339.0,0,0,0
1992,Summer,Ecuador,1655.44613192632,10716131.0,0,0,0
1992,Summer,Egypt,680.79923864551,58666812.0,0,0,0
1992,Summer,El Salvador,1040.78164082019,5416327.0,0,0,0
1992,Summer,Equatorial Guinea,263.733547088944,447269.0,0,0,0
1992,Summer,Estonia,,1533091.0,1,0,1
1992,Summer,Ethiopia,207.406400863847,51423591.0,1,0,2
1992,Summer,Fiji,1951.25592930351,744470.0,0,0,0
1992,Summer,Finland,22320.1124695857,5041992.0,1,2,2
1992,Summer,France,23615.0168565483,58851216.0,8,5,16
1992,Summer,Gabon,5385.68811745078,1002573.0,0,0,0
1992,Summer,Gambia,623.485927783598,1027476.0,0,0,0
1992,Summer,Germany,26559.8543879632,80624598.0,33,21,28
1992,Summer,Ghana,396.426407640517,15653345.0,0,0,1
1992,Summer,Greece,11021.012224607,10399061.0,2,0,0
1992,Summer,Grenada,3052.70018744163,97161.0,0,0,0
1992,Summer,Guam,,136693.0,0,0,0
1992,Summer,Guatemala,1096.45976992698,9544055.0,0,0,0
1992,Summer,Guinea,692.647802662806,6716032.0,0,0,0
1992,Summer,Guyana,498.156636569954,748596.0,0,0,0
1992,Summer,Haiti,316.276513134354,7319491.0,0,0,0
1992,Summer,Honduras,782.111518709432,5244677.0,0,0,0
1992,Summer,Hungary,3747.32966394956,10369341.0,11,12,7
1992,Summer,Iceland,28072.4041083276,261057.0,0,0,0
1992,Summer,India,319.182472626315,909307018.0,0,0,0
1992,Summer,Individual Olympic Athletes,,,0,1,2
1992,Summer,Indonesia,673.67103954742,187739786.0,2,2,1
1992,Summer,Iran,1957.48507794252,58780376.0,0,1,2
1992,Summer,Iraq,30.2539012636825,18402740.0,0,0,0
1992,Summer,Ireland,15714.3847487231,3558430.0,1,1,0
1992,Summer,Israel,15509.9913638817,5123000.0,0,1,1
1992,Summer,Italy,23297.0460325456,56797087.0,6,5,8
1992,Summer,Ivory Coast,844.902223806738,12812428.0,0,0,0
1992,Summer,Jamaica,1458.10146892635,2461047.0,0,3,1
1992,Summer,Japan,31992.7902119161,124425000.0,3,8,11
1992,Summer,Jordan,1286.6347360596,3977667.0,0,0,0
1992,Summer,Kenya,336.68139978696,25326080.0,2,4,2
1992,Summer,Kuwait,12146.19505586,,0,0,0
1992,Summer,Laos,247.345286150532,4500346.0,0,0,0
1992,Summer,Latvia,,2614338.0,0,2,1
1992,Summer,Lebanon,1559.38100628446,3076133.0,0,0,0
1992,Summer,Lesotho,443.624297195576,1782284.0,0,0,0
1992,Summer,Libya,7302.68908679226,4650896.0,0,0,0
1992,Summer,Liechtenstein,55057.1110625654,29552.0,0,0,0
1992,Summer,Lithuania,,3700114.0,1,0,1
1992,Summer,Luxembourg,39570.8615665986,392175.0,0,0,0
1992,Summer,Madagascar,290.2120463948,12301338.0,0,0,0
1992,Summer,Malawi,258.393430877557,9685974.0,0,0,0
1992,Summer,Malaysia,3141.43321987651,19002660.0,0,0,1
1992,Summer,Maldives,1194.2325242813,236271.0,0,0,0
1992,Summer,Mali,385.278654489301,8850334.0,0,0,0
1992,Summer,Malta,8220.33403924666,367618.0,0,0,0
1992,Summer,Mauritania,1036.47437808576,2142645.0,0,0,0
1992,Summer,Mauritius,3013.23706337167,1084441.0,0,0,0
1992,Summer,Mexico,4220.56643677057,87075136.0,0,1,0
1992,Summer,Monaco,88614.926367223,29859.0,0,0,0
1992,Summer,Mongolia,607.813424662797,2243495.0,0,0,2
1992,Summer,Morocco,1327.02954101563,25711410.0,1,1,1
1992,Summer,Mozambique,205.585216062094,13805999.0,0,0,0
1992,Summer,Myanmar,58.8896739558883,42401686.0,0,0,0
1992,Summer,Namibia,2346.86242963741,1516951.0,0,2,0
1992,Summer,Nepal,165.02959412726,19938322.0,0,0,0
1992,Summer,Netherlands,23939.2173482108,15184166.0,2,6,7
1992,Summer,New Zealand,11793.1392416214,3531700.0,1,4,5
1992,Summer,Nicaragua,411.473330661786,4364514.0,0,0,0
1992,Summer,Niger,384.029657304316,8566773.0,0,0,0
1992,Summer,Nigeria,508.515905682785,100161708.0,0,3,1
1992,Summer,North Korea,,20937407.0,4,0,5
1992,Summer,Norway,30523.9850558974,4286401.0,2,4,1
1992,Summer,Oman,7317.78815838166,1983272.0,0,0,0
1992,Summer,Pakistan,395.67720859593,113911126.0,0,0,1
1992,Summer,Panama,3139.89952899581,2575949.0,0,0,0
1992,Summer,Papua New Guinea,1050.7071689258,4836216.0,0,0,0
1992,Summer,Paraguay,1682.67444777611,4445019.0,0,0,0
1992,Summer,Peru,1567.40910765128,22966822.0,0,1,0
1992,Summer,Philippines,916.515694532029,65020124.0,0,0,1
1992,Summer,Poland,2459.02068468253,38363667.0,3,6,10
1992,Summer,Portugal,10810.5665079626,9952494.0,0,0,0
1992,Summer,Puerto Rico,9659.33889995916,3585176.0,0,0,1
1992,Summer,Qatar,16280.2938815273,495403.0,0,0,1
1992,Summer,Republic of Congo,1164.22442980292,2489945.0,0,0,0
1992,Summer,Romania,1102.10378473246,22794284.0,4,6,8
1992,Summer,Russia,3098.802734375,148538197.0,45,38,29
1992,Summer,Rwanda,264.083914517464,6702239.0,0,0,0
1992,Summer,Saint Vincent,,,0,0,0
1992,Summer,Samoa,776.740824409711,165490.0,0,0,0
1992,Summer,San Marino,,24830.0,0,0,0
1992,Summer,Saudi Arabia,11730.2687665244,17282686.0,0,0,0
1992,Summer,Senegal,951.204960087807,7990090.0,0,0,0
1992,Summer,Seychelles,6520.48950519188,70763.0,0,0,0
1992,Summer,Sierra Leone,163.197571684381,4347727.0,0,0,0
1992,Summer,Slovenia,7151.15243829224,1996498.0,0,0,2
1992,Summer,Solomon Islands,763.857968549522,330004.0,0,0,0
1992,Summer,South Africa,3462.39400202835,38672611.0,0,2,0
1992,Summer,South Korea,8387.16308258471,43747962.0,12,5,11
1992,Summer,Spain,16100.6799428032,39157685.0,13,7,2
1992,Summer,Sri Lanka,579.655117618283,17736827.0,0,0,0
1992,Summer,Sudan,252.610092163086,21696240.0,0,0,0
1992,Summer,Suriname,968.895253466926,420658.0,0,0,1
1992,Summer,Swaziland,,,0,0,0
1992,Summer,Sweden,32753.4287003642,8668067.0,1,7,4
1992,Summer,Switzerland,40713.6881521435,6875364.0,1,0,0
1992,Summer,Syria,990.138251191708,13187669.0,0,0,0
1992,Summer,Taiwan,,,0,1,0
1992,Summer,Tanzania,250.329925537109,26961204.0,0,0,0
1992,Summer,Thailand,1971.60879910694,57811025.0,0,0,1
1992,Summer,Togo,564.71733648074,3945902.0,0,0,0
1992,Summer,Tonga,1370.36142598699,95398.0,0,0,0
1992,Summer,Trinidad,4277.47436935604,1236685.0,0,0,0
1992,Summer,Tunisia,1784.81850188268,8613855.0,0,0,0
1992,Summer,Turkey,2743.65320297936,55748946.0,2,2,2
1992,Summer,UK,20487.1707852878,57580402.0,5,3,12
1992,Summer,USA,25418.9907763319,256514000.0,37,34,37
1992,Summer,Uganda,152.113542415537,18561668.0,0,0,0
1992,Summer,United Arab Emirates,25648.2727760844,2052892.0,0,0,0
1992,Summer,Uruguay,4101.71054155291,3154459.0,0,0,0
1992,Summer,Vanuatu,1343.68942861831,155176.0,0,0,0
1992,Summer,Venezuela,2907.30334439434,20557694.0,0,0,0
1992,Summer,Vietnam,144.549392371677,70883488.0,0,0,0
1992,Summer,"Virgin Islands, British",,18443.0,0,0,0
1992,Summer,"Virgin Islands, US",,105712.0,0,0,0
1992,Summer,Yemen,,,0,0,0
1992,Summer,Zambia,389.254665832226,8451346.0,0,0,0
1992,Summer,Zimbabwe,631.149149280088,10900511.0,0,0,0
1992,Winter,Algeria,1802.69300801289,27028330.0,0,0,0
1992,Winter,Andorra,20099.5352208543,58882.0,0,0,0
1992,Winter,Argentina,6789.99611136495,33529320.0,0,0,0
1992,Winter,Australia,18650.3675476612,17495000.0,0,0,0
1992,Winter,Austria,24782.7118767063,7840709.0,6,7,8
1992,Winter,Belgium,23372.619171015,10045158.0,0,0,0
1992,Winter,Bermuda,28761.9634632835,58595.0,0,0,0
1992,Winter,Boliva,759.57113496365,7160917.0,0,0,0
1992,Winter,Brazil,2127.29083011489,154259382.0,0,0,0
1992,Winter,Bulgaria,1007.34454544881,8540164.0,0,0,0
1992,Winter,Canada,20950.3305287651,28371264.0,2,3,2
1992,Winter,Chile,3351.84108855522,13719818.0,0,0,0
1992,Winter,China,367.822651903542,1164970000.0,0,3,0
1992,Winter,Costa Rica,2612.38756453737,3286525.0,0,0,0
1992,Winter,Croatia,2321.15204123035,4575818.0,0,0,0
1992,Winter,Curacao,,143912.0,0,0,0
1992,Winter,Cyprus,11310.072265625,800610.0,0,0,0
1992,Winter,Czech Republic,3396.70972430469,,0,0,3
1992,Winter,Denmark,29579.4913648682,5171370.0,0,0,0
1992,Winter,Estonia,,1533091.0,0,0,0
1992,Winter,Finland,22320.1124695857,5041992.0,3,1,3
1992,Winter,France,23615.0168565483,58851216.0,3,5,1
1992,Winter,Germany,26559.8543879632,80624598.0,10,10,6
1992,Winter,Greece,11021.012224607,10399061.0,0,0,0
1992,Winter,Honduras,782.111518709432,5244677.0,0,0,0
1992,Winter,Hungary,3747.32966394956,10369341.0,0,0,0
1992,Winter,Iceland,28072.4041083276,261057.0,0,0,0
1992,Winter,India,319.182472626315,909307018.0,0,0,0
1992,Winter,Ireland,15714.3847487231,3558430.0,0,0,0
1992,Winter,Italy,23297.0460325456,56797087.0,4,6,4
1992,Winter,Jamaica,1458.10146892635,2461047.0,0,0,0
1992,Winter,Japan,31992.7902119161,124425000.0,1,2,4
1992,Winter,Latvia,,2614338.0,0,0,0
1992,Winter,Lebanon,1559.38100628446,3076133.0,0,0,0
1992,Winter,Liechtenstein,55057.1110625654,29552.0,0,0,0
1992,Winter,Lithuania,,3700114.0,0,0,0
1992,Winter,Luxembourg,39570.8615665986,392175.0,0,2,0
1992,Winter,Mexico,4220.56643677057,87075136.0,0,0,0
1992,Winter,Monaco,88614.926367223,29859.0,0,0,0
1992,Winter,Mongolia,607.813424662797,2243495.0,0,0,0
1992,Winter,Morocco,1327.02954101563,25711410.0,0,0,0
1992,Winter,Netherlands,23939.2173482108,15184166.0,1,1,2
1992,Winter,New Zealand,11793.1392416214,3531700.0,0,1,0
1992,Winter,North Korea,,20937407.0,0,0,1
1992,Winter,Norway,30523.9850558974,4286401.0,7,5,5
1992,Winter,Philippines,916.515694532029,65020124.0,0,0,0
1992,Winter,Poland,2459.02068468253,38363667.0,0,0,0
1992,Winter,Puerto Rico,9659.33889995916,3585176.0,0,0,0
1992,Winter,Romania,1102.10378473246,22794284.0,0,0,0
1992,Winter,Russia,3098.802734375,148538197.0,9,6,8
1992,Winter,San Marino,,24830.0,0,0,0
1992,Winter,Senegal,951.204960087807,7990090.0,0,0,0
1992,Winter,Serbia,,7646424.0,0,0,0
1992,Winter,Slovenia,7151.15243829224,1996498.0,0,0,0
1992,Winter,South Korea,8387.16308258471,43747962.0,2,1,1
1992,Winter,Spain,16100.6799428032,39157685.0,0,0,1
1992,Winter,Swaziland,,,0,0,0
1992,Winter,Sweden,32753.4287003642,8668067.0,1,0,3
1992,Winter,Switzerland,40713.6881521435,6875364.0,1,0,2
1992,Winter,Taiwan,,,0,0,0
1992,Winter,Turkey,2743.65320297936,55748946.0,0,0,0
1992,Winter,UK,20487.1707852878,57580402.0,0,0,0
1992,Winter,USA,25418.9907763319,256514000.0,5,4,2
1992,Winter,"Virgin Islands, US",,105712.0,0,0,0
1994,Winter,American Samoa,,52099.0,0,0,0
1994,Winter,Andorra,15748.5307503373,62676.0,0,0,0
1994,Winter,Argentina,7437.56242327594,34402669.0,0,0,0
1994,Winter,Armenia,390.879964297655,3283664.0,0,0,0
1994,Winter,Australia,18155.6282000179,17855000.0,0,0,1
1994,Winter,Austria,25546.2460525087,7936118.0,2,3,4
1994,Winter,Belarus,1460.00791360458,10227000.0,0,2,0
1994,Winter,Belgium,24208.5547931447,10115603.0,0,0,0
1994,Winter,Bermuda,31543.0634861641,59320.0,0,0,0
1994,Winter,Bosnia and Herzegovina,337.090896023259,3936527.0,0,0,0
1994,Winter,Brazil,3298.71491891786,159432717.0,0,0,0
1994,Winter,Bulgaria,1149.89464008734,8443591.0,0,0,0
1994,Winter,Canada,19997.6237373354,29000663.0,3,6,4
1994,Winter,Chile,4012.10159912285,14166346.0,0,0,0
1994,Winter,China,475.677874448369,1191835000.0,0,1,2
1994,Winter,Croatia,3237.92646315285,4652024.0,0,0,0
1994,Winter,Cyprus,11617.6923828125,837104.0,0,0,0
1994,Winter,Czech Republic,4663.28665345469,10333587.0,0,0,0
1994,Winter,Denmark,29967.8303903163,5206180.0,0,0,0
1994,Winter,Estonia,2819.12612100926,1462514.0,0,0,0
1994,Winter,Fiji,2297.18005884304,765607.0,0,0,0
1994,Winter,Finland,20278.29109854,5088333.0,0,1,5
1994,Winter,France,23359.8985104774,59327200.0,0,1,4
1994,Winter,Georgia,519.815578814965,4836076.0,0,0,0
1994,Winter,Germany,27201.9593555204,81438348.0,9,7,8
1994,Winter,Greece,10937.0223808611,10512922.0,0,0,0
1994,Winter,Hungary,4187.0311799663,10343355.0,0,0,0
1994,Winter,Iceland,24858.2031335605,266021.0,0,0,0
1994,Winter,Israel,16806.8353081322,5399000.0,0,0,0
1994,Winter,Italy,19382.2002150155,56843400.0,7,5,8
1994,Winter,Jamaica,2202.85831038471,2509042.0,0,0,0
1994,Winter,Japan,39933.5150564874,125178000.0,1,2,2
1994,Winter,Kazakhstan,1246.83633018218,16145766.0,1,2,0
1994,Winter,Kyrgyzstan,372.481759948941,4515100.0,0,0,0
1994,Winter,Latvia,,2520742.0,0,0,0
1994,Winter,Liechtenstein,63935.9902445462,30415.0,0,0,0
1994,Winter,Lithuania,,3657144.0,0,0,0
1994,Winter,Luxembourg,43933.235442736,402925.0,0,0,0
1994,Winter,Mexico,6202.36588372862,90156396.0,0,0,0
1994,Winter,Moldova,573.798647201304,2964277.0,0,0,0
1994,Winter,Monaco,86703.8130529474,30436.0,0,0,0
1994,Winter,Mongolia,422.864349383041,2280475.0,0,0,0
1994,Winter,Netherlands,24682.5866742863,15382838.0,0,1,3
1994,Winter,New Zealand,15280.3127842922,3620000.0,0,0,0
1994,Winter,Norway,29315.8092337732,4336613.0,8,10,5
1994,Winter,Poland,2874.83163555069,38542652.0,0,0,0
1994,Winter,Portugal,9977.31990905771,9991525.0,0,0,0
1994,Winter,Puerto Rico,10876.4188239898,3649237.0,0,0,0
1994,Winter,Romania,1323.03237766927,22730211.0,0,0,0
1994,Winter,Russia,2662.10400390625,148407912.0,11,8,4
1994,Winter,San Marino,,25588.0,0,0,0
1994,Winter,Senegal,583.782776032181,8461066.0,0,0,0
1994,Winter,Slovakia,3820.96427542658,5346331.0,0,0,0
1994,Winter,Slovenia,8243.89895545106,1989443.0,0,0,3
1994,Winter,South Africa,3488.59711541763,40564061.0,0,0,0
1994,Winter,South Korea,10733.9888860657,44641540.0,4,1,1
1994,Winter,Spain,13405.704414883,39549108.0,0,0,0
1994,Winter,Sweden,26045.5196995275,8780745.0,2,1,0
1994,Winter,Switzerland,43091.7770970073,6993795.0,3,4,2
1994,Winter,Taiwan,,,0,0,0
1994,Winter,Trinidad,3839.96290233114,1249527.0,0,0,0
1994,Winter,Turkey,2176.2801813809,57564209.0,0,0,0
1994,Winter,UK,19709.2380983653,57865745.0,0,0,2
1994,Winter,USA,27694.853416234,263126000.0,6,5,2
1994,Winter,Ukraine,1009.09405517578,51921400.0,1,0,1
1994,Winter,Uzbekistan,574.229079896619,22377000.0,1,0,0
1994,Winter,"Virgin Islands, US",,107318.0,0,0,0
1996,Summer,Afghanistan,,18853444.0,0,0,0
1996,Summer,Albania,1020.97618050188,3168033.0,0,0,0
1996,Summer,Algeria,1616.83198721285,29266415.0,2,0,1
1996,Summer,American Samoa,,54209.0,0,0,0
1996,Summer,Andorra,19130.1597151312,64363.0,0,0,0
1996,Summer,Angola,531.115366543271,14400722.0,0,0,0
1996,Summer,Antigua,9756.08717951992,70176.0,0,0,0
1996,Summer,Argentina,7663.21271287469,35246376.0,0,2,1
1996,Summer,Armenia,487.068624404558,3168213.0,1,1,0
1996,Summer,Aruba,16620.9545555513,83211.0,0,0,0
1996,Summer,Australia,22055.838490507,18311000.0,9,9,23
1996,Summer,Austria,29645.9451251491,7959017.0,0,1,2
1996,Summer,Azerbaijan,409.185543774103,7763000.0,0,1,0
1996,Summer,Bahamas,11783.797197226,283980.0,0,1,0
1996,Summer,Bahrain,25692.2357348562,304620.0,0,0,0
1996,Summer,Bangladesh,371.917937677345,117649927.0,0,0,0
1996,Summer,Barbados,9011.77884838722,267047.0,0,0,0
1996,Summer,Belarus,1427.26896385327,10160000.0,1,6,8
1996,Summer,Belgium,27489.5551770488,10156637.0,2,2,2
1996,Summer,Belize,4043.26517997242,213660.0,0,0,0
1996,Summer,Benin,369.394384135736,6094272.0,0,0,0
1996,Summer,Bermuda,45063.6149332085,60129.0,0,0,0
1996,Summer,Bhutan,552.873891403681,541471.0,0,0,0
1996,Summer,Boliva,922.113259069714,7779268.0,0,0,0
1996,Summer,Bosnia and Herzegovina,718.933797141505,3764419.0,0,0,0
1996,Summer,Botswana,3156.26865681161,1504724.0,0,0,0
1996,Summer,Brazil,5179.13052009976,164614682.0,3,3,9
1996,Summer,Brunei,25692.2357348562,304620.0,0,0,0
1996,Summer,Bulgaria,1470.19259250682,8362826.0,3,7,5
1996,Summer,Burkina Faso,242.733171352672,10372734.0,0,0,0
1996,Summer,Burundi,143.156741187159,6060110.0,1,0,0
1996,Summer,Cambodia,324.655870983004,10982919.0,0,0,0
1996,Summer,Cameroon,826.965322327363,13970812.0,0,0,0
1996,Summer,Canada,21296.9723536904,29610218.0,3,11,8
1996,Summer,Cape Verde,,,0,0,0
1996,Summer,Cayman Islands,,34065.0,0,0,0
1996,Summer,Central African Republic,293.306575328658,3308235.0,0,0,0
1996,Summer,Chad,216.912541056484,7250974.0,0,0,0
1996,Summer,Chile,5333.50438729711,14587367.0,0,0,0
1996,Summer,China,713.337387811657,1217550000.0,17,22,12
1996,Summer,Colombia,2664.64056059983,37076387.0,0,0,0
1996,Summer,Comoros,786.380773511866,488625.0,0,0,0
1996,Summer,Cook Islands,,,0,0,0
1996,Summer,Costa Rica,3226.96395598625,3632361.0,1,0,0
1996,Summer,Croatia,5299.6410536193,4557097.0,1,1,0
1996,Summer,Cuba,2282.18809324202,10939285.0,9,8,8
1996,Summer,Curacao,,146306.0,0,0,0
1996,Summer,Cyprus,15139.220703125,873426.0,0,0,0
1996,Summer,Czech Republic,6573.19643136362,10315241.0,4,3,4
1996,Summer,Democratic Republic of the Congo,127.416132828292,42757239.0,0,0,0
1996,Summer,Denmark,35621.9878051732,5263074.0,4,1,1
1996,Summer,Djibouti,761.943659476655,643649.0,0,0,0
1996,Summer,Dominica,4210.99532034556,70933.0,0,0,0
1996,Summer,Dominican Republic,2270.86558687203,7952766.0,0,0,0
1996,Summer,Ecuador,2135.8479374308,11703169.0,1,0,0
1996,Summer,Egypt,1008.97637629447,63601632.0,0,0,0
1996,Summer,El Salvador,1651.31016800895,5689943.0,0,0,0
1996,Summer,Equatorial Guinea,391.686868235732,515844.0,0,0,0
1996,Summer,Estonia,3380.92630243199,1415594.0,0,0,0
1996,Summer,Ethiopia,147.327458851964,58883531.0,2,0,1
1996,Summer,Fiji,2648.32766264,784389.0,0,0,0
1996,Summer,Finland,25756.6777073618,5124573.0,1,2,1
1996,Summer,France,26757.6351494145,59753095.0,15,7,15
1996,Summer,Gabon,4942.67870027615,1112944.0,0,0,0
1996,Summer,Gambia,651.784945724837,1164091.0,0,0,0
1996,Summer,Georgia,689.034634153312,4491699.0,0,0,2
1996,Summer,Germany,30599.7891048363,81914831.0,20,18,27
1996,Summer,Ghana,389.271267898831,17462504.0,0,0,0
1996,Summer,Greece,13432.5262183244,10608800.0,4,4,0
1996,Summer,Grenada,3508.294236637,101003.0,0,0,0
1996,Summer,Guam,,148061.0,0,0,0
1996,Summer,Guatemala,1481.05986750672,10536942.0,0,0,0
1996,Summer,Guinea,726.025442583799,7463782.0,0,0,0
1996,Summer,Guinea-Bissau,614.729892454585,1110835.0,0,0,0
1996,Summer,Guyana,927.523847211669,760801.0,0,0,0
1996,Summer,Haiti,377.229465025972,7887312.0,0,0,0
1996,Summer,Honduras,812.817047602244,5874814.0,0,0,0
1996,Summer,Hungary,4542.0120380978,10311238.0,7,4,10
1996,Summer,Iceland,28583.5208959793,268916.0,0,0,0
1996,Summer,India,401.046754673579,982365248.0,0,0,1
1996,Summer,Indonesia,1118.92133024129,199901231.0,1,1,2
1996,Summer,Iran,1914.78121294313,62294919.0,1,1,1
1996,Summer,Iraq,485.258492784825,20783073.0,0,0,0
1996,Summer,Ireland,20835.8977130847,3637510.0,3,0,1
1996,Summer,Israel,20224.2789080629,5692000.0,0,0,1
1996,Summer,Italy,23122.9337219116,56860281.0,13,10,12
1996,Summer,Ivory Coast,1170.23622049666,14665125.0,0,0,0
1996,Summer,Jamaica,2928.89692611996,2558631.0,1,3,2
1996,Summer,Japan,39150.0396308089,125757000.0,3,6,5
1996,Summer,Jordan,1410.17424189419,4732848.0,0,0,0
1996,Summer,Kazakhstan,1281.39152895397,15578227.0,3,4,4
1996,Summer,Kenya,440.527078880876,28589456.0,1,4,3
1996,Summer,Kuwait,18201.0958607918,1626858.0,0,0,0
1996,Summer,Kyrgyzstan,394.856879614212,4628400.0,0,0,0
1996,Summer,Laos,371.341879197673,4951189.0,0,0,0
1996,Summer,Latvia,2360.1714816213,2457222.0,0,1,0
1996,Summer,Lebanon,3393.05090749359,3610663.0,0,0,0
1996,Summer,Lesotho,479.671394625707,1934294.0,0,0,0
1996,Summer,Liberia,71.4065248720036,2160480.0,0,0,0
1996,Summer,Libya,5591.02027544558,5036173.0,0,0,0
1996,Summer,Liechtenstein,80688.7182490376,31354.0,0,0,0
1996,Summer,Lithuania,2340.67545970008,3601613.0,0,0,1
1996,Summer,Luxembourg,50444.3591236175,414225.0,0,0,0
1996,Summer,Macedonia,2306.53366957635,1989441.0,0,0,0
1996,Summer,Madagascar,339.877283663608,13902697.0,0,0,0
1996,Summer,Malawi,320.662735559137,10022783.0,0,0,0
1996,Summer,Malaysia,4837.16897250768,21017619.0,0,1,1
1996,Summer,Maldives,1716.74281753716,259178.0,0,0,0
1996,Summer,Mali,359.662096047648,9837575.0,0,0,0
1996,Summer,Malta,10061.850192141,379905.0,0,0,0
1996,Summer,Mauritania,904.120879798142,2372900.0,0,0,0
1996,Summer,Mauritius,3951.94494649336,1133996.0,0,0,0
1996,Summer,Mexico,4674.36792733681,93147045.0,0,0,1
1996,Summer,Moldova,575.145455139019,2946401.0,0,1,1
1996,Summer,Monaco,98561.0137425657,31001.0,0,0,0
1996,Summer,Mongolia,595.5810149554,2316571.0,0,0,1
1996,Summer,Morocco,1596.83239746094,27383472.0,0,0,2
1996,Summer,Mozambique,244.362651012498,15960445.0,0,0,1
1996,Summer,Myanmar,141.897267580367,44452203.0,0,0,0
1996,Summer,Namibia,2423.3982907313,1663378.0,0,2,0
1996,Summer,Nauru,3678.56242894634,10677.0,0,0,0
1996,Summer,Nepal,198.821907435345,22090352.0,0,0,0
1996,Summer,Netherlands,29063.6236532536,15530498.0,4,5,10
1996,Summer,New Zealand,18794.436039393,3732000.0,3,2,1
1996,Summer,Nicaragua,910.861645917295,4741571.0,0,0,0
1996,Summer,Niger,239.494513213973,9826600.0,0,0,0
1996,Summer,Nigeria,1632.72469370276,110668784.0,2,1,3
1996,Summer,North Korea,,22113428.0,2,1,2
1996,Summer,Norway,37321.9741993473,4381336.0,2,2,3
1996,Summer,Oman,8068.00076784612,2236652.0,0,0,0
1996,Summer,Pakistan,456.996961832943,127349293.0,0,0,0
1996,Summer,Palestine,,,0,0,0
1996,Summer,Panama,3308.18430390528,2796291.0,0,0,0
1996,Summer,Papua New Guinea,1071.04185150251,5314258.0,0,0,0
1996,Summer,Paraguay,2088.17109102236,4887638.0,0,0,0
1996,Summer,Peru,2226.91682429265,24753825.0,0,0,0
1996,Summer,Philippines,1311.09249403865,71401743.0,0,1,0
1996,Summer,Poland,4163.51195431959,38624370.0,7,5,5
1996,Summer,Portugal,12185.0914010629,10063945.0,1,0,1
1996,Summer,Puerto Rico,12173.163688986,3724655.0,0,0,1
1996,Summer,Qatar,17124.7920861356,522531.0,0,0,0
1996,Summer,Republic of Congo,898.794050151577,2785815.0,0,0,0
1996,Summer,Romania,1633.01064354117,22619004.0,4,7,8
1996,Summer,Russia,2643.92919921875,148160129.0,26,21,16
1996,Summer,Rwanda,206.04911417485,6013112.0,0,0,0
1996,Summer,Saint Kitts,7788.42839854571,42472.0,0,0,0
1996,Summer,Saint Lucia,,,0,0,0
1996,Summer,Saint Vincent,,,0,0,0
1996,Summer,Samoa,1419.35849045228,171165.0,0,0,0
1996,Summer,San Marino,,26253.0,0,0,0
1996,Summer,Sao Tome and Principe,987.048712395264,133799.0,0,0,0
1996,Summer,Saudi Arabia,11471.5045960191,19033843.0,0,0,0
1996,Summer,Senegal,723.469950081149,8912872.0,0,0,0
1996,Summer,Serbia,3053.90516860949,7617794.0,1,1,2
1996,Summer,Seychelles,7004.33603896356,76417.0,0,0,0
1996,Summer,Sierra Leone,224.258711163044,4312660.0,0,0,0
1996,Summer,Slovakia,5247.70081044708,5373361.0,1,1,1
1996,Summer,Slovenia,10796.7399446283,1988628.0,0,2,0
1996,Summer,Solomon Islands,1289.33036923435,369517.0,0,0,0
1996,Summer,Somalia,,7682683.0,0,0,0
1996,Summer,South Africa,3617.55336002932,42241007.0,3,1,1
1996,Summer,South Korea,13864.9376534518,45524681.0,7,15,5
1996,Summer,Spain,16100.6215831114,39889852.0,5,6,6
1996,Summer,Sri Lanka,776.192371057587,18367290.0,0,0,0
1996,Summer,Sudan,294.826965332031,24782384.0,0,0,0
1996,Summer,Suriname,1962.88495820295,448207.0,0,0,0
1996,Summer,Swaziland,,,0,0,0
1996,Summer,Sweden,33022.2444768661,8840998.0,2,4,2
1996,Summer,Switzerland,48092.6433036512,7071850.0,4,3,0
1996,Summer,Syria,918.195857362788,14754148.0,1,0,0
1996,Summer,Taiwan,,,0,1,0
1996,Summer,Tajikistan,172.035088688368,5851354.0,0,0,0
1996,Summer,Tanzania,313.658386230469,30444523.0,0,0,0
1996,Summer,Thailand,3054.65690806473,60130190.0,1,0,1
1996,Summer,Togo,452.068436882428,4348808.0,0,0,0
1996,Summer,Tonga,2214.91474789811,96267.0,0,1,0
1996,Summer,Trinidad,4427.27832448289,1257547.0,0,0,2
1996,Summer,Tunisia,2107.40815649257,9267335.0,0,0,1
1996,Summer,Turkey,4041.36210281686,59423278.0,4,1,1
1996,Summer,Turkmenistan,557.894220051334,4287337.0,0,0,0
1996,Summer,UK,24503.3829602903,58166950.0,1,8,6
1996,Summer,USA,29967.7127181749,269394000.0,44,32,25
1996,Summer,Uganda,284.698259285733,21032817.0,0,0,1
1996,Summer,Ukraine,869.846069335938,51057800.0,9,2,12
1996,Summer,United Arab Emirates,28323.1650870532,2539121.0,0,0,0
1996,Summer,Uruguay,6398.43575184095,3247383.0,0,0,0
1996,Summer,Uzbekistan,597.33228695111,23225000.0,0,1,1
1996,Summer,Vanuatu,1529.27573115021,171721.0,0,0,0
1996,Summer,Venezuela,3112.825848106,22385650.0,0,0,0
1996,Summer,Vietnam,337.051231790277,76068739.0,0,0,0
1996,Summer,"Virgin Islands, British",,19508.0,0,0,0
1996,Summer,"Virgin Islands, US",,108095.0,0,0,0
1996,Summer,Yemen,,,0,0,0
1996,Summer,Zambia,399.511304742449,9339740.0,0,1,0
1996,Summer,Zimbabwe,766.913775859535,11541215.0,0,0,0
1998,Winter,Andorra,18536.5084282698,64140.0,0,0,0
1998,Winter,Argentina,8218.99212764682,36063451.0,0,0,0
1998,Winter,Armenia,590.239947333459,3108691.0,0,0,0
1998,Winter,Australia,21516.0403147759,18711000.0,0,0,1
1998,Winter,Austria,27212.4642905708,7976789.0,3,5,9
1998,Winter,Azerbaijan,561.906807871869,7913000.0,0,0,0
1998,Winter,Belarus,1511.32531567314,10069000.0,0,0,2
1998,Winter,Belgium,25338.4432934904,10203008.0,0,0,1
1998,Winter,Bermuda,51629.2814855126,60943.0,0,0,0
1998,Winter,Bosnia and Herzegovina,1006.70479669823,3734338.0,0,0,0
1998,Winter,Brazil,5105.89246192003,169785253.0,0,0,0
1998,Winter,Bulgaria,1820.44866449942,8256786.0,1,0,0
1998,Winter,Canada,21024.5850687045,30155173.0,6,5,4
1998,Winter,Chile,5419.82417297191,14977736.0,0,0,0
1998,Winter,China,835.095348597432,1241935000.0,0,6,2
1998,Winter,Croatia,5712.58985659548,4532135.0,0,0,0
1998,Winter,Cyprus,15092.828125,908710.0,0,0,0
1998,Winter,Czech Republic,6526.59635780951,10294373.0,1,1,1
1998,Winter,Denmark,33346.4884298957,5304219.0,0,1,0
1998,Winter,Estonia,4093.39247738765,1386156.0,0,0,0
1998,Winter,Finland,25999.9861694953,5153498.0,2,4,6
1998,Winter,France,24869.4030795939,60186284.0,2,1,5
1998,Winter,Georgia,851.515542450841,4243607.0,0,0,0
1998,Winter,Germany,27395.9440608051,82047195.0,12,9,8
1998,Winter,Greece,13022.9648774809,10720509.0,0,0,0
1998,Winter,Hungary,4751.7732430202,10266570.0,0,0,0
1998,Winter,Iceland,31519.1647473126,274047.0,0,0,0
1998,Winter,India,413.630864056851,1019483586.0,0,0,0
1998,Winter,Iran,1709.19334096046,63971836.0,0,0,0
1998,Winter,Ireland,24294.8547674007,3712696.0,0,0,0
1998,Winter,Israel,20188.8141481667,5971000.0,0,0,0
1998,Winter,Italy,22365.1837644545,56906744.0,2,6,2
1998,Winter,Jamaica,3419.49352868739,2608874.0,0,0,0
1998,Winter,Japan,32423.7556133801,126400000.0,5,1,4
1998,Winter,Kazakhstan,1414.59289652597,15071640.0,0,0,2
1998,Winter,Kenya,487.883239905452,30250488.0,0,0,0
1998,Winter,Kyrgyzstan,345.137046084246,4769000.0,0,0,0
1998,Winter,Latvia,2893.79998716563,2410019.0,0,0,0
1998,Winter,Liechtenstein,78302.9905905848,32306.0,0,0,0
1998,Winter,Lithuania,3180.64498555255,3549331.0,0,0,0
1998,Winter,Luxembourg,47445.3810812051,424700.0,0,0,0
1998,Winter,Macedonia,1875.81662735988,2012052.0,0,0,0
1998,Winter,Moldova,578.734627562193,2934339.0,0,0,0
1998,Winter,Monaco,90947.2051224438,31554.0,0,0,0
1998,Winter,Mongolia,483.878066074871,2355667.0,0,0,0
1998,Winter,Netherlands,27924.281808994,15707209.0,5,4,2
1998,Winter,New Zealand,14738.4455703918,3815000.0,0,0,0
1998,Winter,North Korea,,22536754.0,0,0,0
1998,Winter,Norway,34803.4634058738,4431464.0,8,9,5
1998,Winter,Poland,4533.5356551781,38663481.0,0,0,0
1998,Winter,Portugal,12199.206385024,10160196.0,0,0,0
1998,Winter,Puerto Rico,14304.4049868015,3781101.0,0,0,0
1998,Winter,Romania,1852.5549693339,22507344.0,0,0,0
1998,Winter,Russia,1834.86181640625,147670784.0,9,6,3
1998,Winter,Serbia,2775.47372982047,7567745.0,0,0,0
1998,Winter,Slovakia,5560.916177503,5390516.0,0,0,0
1998,Winter,Slovenia,11131.5666628231,1981629.0,0,0,0
1998,Winter,South Africa,3309.60933087472,43682259.0,0,0,0
1998,Winter,South Korea,8583.43557499234,46286503.0,3,1,2
1998,Winter,Spain,15382.3348573373,40223509.0,0,0,0
1998,Winter,Sweden,30605.3669074811,8850974.0,0,2,1
1998,Winter,Switzerland,42680.5867322391,7110001.0,2,2,3
1998,Winter,Taiwan,,,0,0,0
1998,Winter,Trinidad,4612.70900312686,1261699.0,0,0,0
1998,Winter,Turkey,4331.02761275037,61329665.0,0,0,0
1998,Winter,UK,28396.3523548013,58487141.0,0,0,1
1998,Winter,USA,32853.6769523009,275854000.0,6,3,4
1998,Winter,Ukraine,831.336791992188,50144500.0,0,1,0
1998,Winter,Uruguay,7836.89183322307,3291053.0,0,0,0
1998,Winter,Uzbekistan,621.048904301242,24051000.0,0,0,0
1998,Winter,Venezuela,3869.98258848894,23288567.0,0,0,0
1998,Winter,"Virgin Islands, US",,108537.0,0,0,0
2000,Summer,Albania,1160.42047054038,3089027.0,0,0,0
2000,Summer,Algeria,1772.92869122761,31042238.0,1,1,3
2000,Summer,American Samoa,,57816.0,0,0,0
2000,Summer,Andorra,21810.2503808666,65390.0,0,0,0
2000,Summer,Angola,563.733795571487,16395477.0,0,0,0
2000,Summer,Antigua,12027.4949768222,76007.0,0,0,0
2000,Summer,Argentina,7637.01489203628,36870796.0,0,2,2
2000,Summer,Armenia,593.450581742282,3069597.0,0,0,1
2000,Summer,Aruba,20681.0230269625,90866.0,0,0,0
2000,Summer,Australia,21908.9968019784,19153000.0,16,25,17
2000,Summer,Austria,24487.2974685956,8011566.0,2,1,0
2000,Summer,Azerbaijan,655.097249579917,8048600.0,2,0,1
2000,Summer,Bahamas,24940.0775086078,298045.0,2,0,1
2000,Summer,Bahrain,20130.2572346624,333166.0,0,0,0
2000,Summer,Bangladesh,396.670730249751,127657862.0,0,0,0
2000,Summer,Barbados,11674.6736471764,271511.0,0,0,1
2000,Summer,Belarus,1276.2880341,9979610.0,3,3,11
2000,Summer,Belgium,23098.8865077401,10251250.0,0,2,3
2000,Summer,Belize,4726.50675459616,247310.0,0,0,0
2000,Summer,Benin,487.424141384242,6865946.0,0,0,0
2000,Summer,Bermuda,56542.9569455727,61833.0,0,0,0
2000,Summer,Bhutan,771.924911410619,591014.0,0,0,0
2000,Summer,Boliva,975.777060358751,8418270.0,0,0,0
2000,Summer,Bosnia and Herzegovina,1338.48059636261,3751176.0,0,0,0
2000,Summer,Botswana,3450.81180622992,1643333.0,0,0,0
2000,Summer,Brazil,3766.54786339835,174790339.0,0,6,6
2000,Summer,Brunei,20130.2572346624,333166.0,0,0,0
2000,Summer,Bulgaria,1621.26210738992,8170172.0,5,6,2
2000,Summer,Burkina Faso,248.908526921752,11607951.0,0,0,0
2000,Summer,Burundi,134.537861752389,6378871.0,0,0,0
2000,Summer,Cambodia,296.426687526334,12155241.0,0,0,0
2000,Summer,Cameroon,708.565731625965,15513944.0,1,0,0
2000,Summer,Canada,24271.0020563821,30685730.0,3,3,8
2000,Summer,Cape Verde,,,0,0,0
2000,Summer,Cayman Islands,,42305.0,0,0,0
2000,Summer,Central African Republic,239.154133726071,3640421.0,0,0,0
2000,Summer,Chad,163.121663683369,8355654.0,0,0,0
2000,Summer,Chile,5052.99245766325,15342350.0,0,0,1
2000,Summer,China,969.199513696287,1262645000.0,28,16,14
2000,Summer,Colombia,2555.00751039968,39629965.0,1,0,0
2000,Summer,Comoros,633.309032776244,542358.0,0,0,0
2000,Summer,Cook Islands,,,0,0,0
2000,Summer,Costa Rica,3812.75388284924,3962369.0,0,0,2
2000,Summer,Croatia,4953.65158789022,4468302.0,1,0,1
2000,Summer,Cuba,2751.3817714814,11126423.0,11,11,7
2000,Summer,Curacao,15841.2612359949,133860.0,0,0,0
2000,Summer,Cyprus,14388.3525390625,943288.0,0,0,0
2000,Summer,Czech Republic,6062.92152842793,10255063.0,2,3,3
2000,Summer,Democratic Republic of the Congo,377.925421481395,47105830.0,0,0,0
2000,Summer,Denmark,30722.0251837567,5339616.0,2,3,1
2000,Summer,Djibouti,737.612183644052,717577.0,0,0,0
2000,Summer,Dominica,4867.39896323759,69650.0,0,0,0
2000,Summer,Dominican Republic,2831.45883638033,8471317.0,0,0,0
2000,Summer,Ecuador,1382.23421759909,12681123.0,0,0,0
2000,Summer,Egypt,1366.09274372613,68831561.0,0,0,0
2000,Summer,El Salvador,1982.87093542615,5887930.0,0,0,0
2000,Summer,Equatorial Guinea,1487.3165506701,606180.0,0,0,0
2000,Summer,Eritrea,314.357396753501,2292413.0,0,0,0
2000,Summer,Estonia,4070.60902410208,1396985.0,1,0,2
2000,Summer,Ethiopia,122.269202606069,66224809.0,4,1,3
2000,Summer,Fiji,1995.72071163264,811011.0,0,0,0
2000,Summer,Finland,24335.9225082659,5176209.0,2,1,1
2000,Summer,France,22340.5939516217,60912500.0,13,14,11
2000,Summer,Gabon,3982.906200928,1228359.0,0,0,0
2000,Summer,Gambia,538.054072348854,1317708.0,0,0,0
2000,Summer,Georgia,749.908534993961,4077131.0,0,0,6
2000,Summer,Germany,23925.8559901991,82211508.0,13,17,26
2000,Summer,Ghana,253.746936203344,19278850.0,0,0,0
2000,Summer,Greece,11638.2010697215,10805808.0,4,6,3
2000,Summer,Grenada,4839.82811114248,102837.0,0,0,0
2000,Summer,Guam,,155323.0,0,0,0
2000,Summer,Guatemala,1648.96578971559,11589761.0,0,0,0
2000,Summer,Guinea,518.157066924026,8240735.0,0,0,0
2000,Summer,Guinea-Bissau,316.945495037639,1201305.0,0,0,0
2000,Summer,Guyana,931.796651718955,746718.0,0,0,0
2000,Summer,Haiti,820.600046761464,8463802.0,0,0,0
2000,Summer,Honduras,1092.56400746252,6574510.0,0,0,0
2000,Summer,Hungary,4629.91760812548,10210971.0,8,6,3
2000,Summer,Iceland,32503.578963236,281205.0,0,0,1
2000,Summer,India,442.750218937263,1056575548.0,0,0,1
2000,Summer,Individual Olympic Athletes,,,0,0,0
2000,Summer,Indonesia,763.711124950924,211513822.0,1,3,2
2000,Summer,Iran,1650.01385833785,65623397.0,3,0,1
2000,Summer,Iraq,1980.18916038782,23497589.0,0,0,0
2000,Summer,Ireland,26334.5672050501,3805174.0,0,1,0
2000,Summer,Israel,21706.5194056329,6289000.0,0,0,1
2000,Summer,Italy,20190.0035636084,56942108.0,13,8,13
2000,Summer,Ivory Coast,936.636541348798,16454660.0,0,0,0
2000,Summer,Jamaica,3453.09252800226,2654698.0,0,6,3
2000,Summer,Japan,39169.3595701504,126843000.0,5,8,5
2000,Summer,Jordan,1570.61002940477,5122495.0,0,0,0
2000,Summer,Kazakhstan,1180.0444563226,14883626.0,3,4,0
2000,Summer,Kenya,414.626365130846,31964557.0,2,3,2
2000,Summer,Kuwait,19296.3471698729,2045123.0,0,0,1
2000,Summer,Kyrgyzstan,279.621738464365,4898400.0,0,0,1
2000,Summer,Laos,318.749852236965,5323701.0,0,0,0
2000,Summer,Latvia,3278.17896440803,2367550.0,1,1,1
2000,Summer,Lebanon,3986.83513941026,3842774.0,0,0,0
2000,Summer,Lesotho,442.779545779081,2032805.0,0,0,0
2000,Summer,Liberia,298.485340578945,2848447.0,0,0,0
2000,Summer,Libya,7214.10040377084,5357893.0,0,0,0
2000,Summer,Liechtenstein,76087.911114202,33184.0,0,0,0
2000,Summer,Lithuania,3300.63634928559,3499536.0,2,0,3
2000,Summer,Luxembourg,48659.5988753233,436300.0,0,0,0
2000,Summer,Macedonia,1861.89899780644,2034823.0,0,0,1
2000,Summer,Madagascar,280.282905559649,15766806.0,0,0,0
2000,Summer,Malawi,224.22415918428,11148751.0,0,0,0
2000,Summer,Malaysia,4083.52874483605,23194252.0,0,0,0
2000,Summer,Maldives,2213.81235053178,279396.0,0,0,0
2000,Summer,Mali,304.652870194271,10946448.0,0,0,0
2000,Summer,Malta,10348.4858902403,390087.0,0,0,0
2000,Summer,Mauritania,680.911061879778,2630217.0,0,0,0
2000,Summer,Mauritius,3981.98343249582,1186873.0,0,0,0
2000,Summer,Mexico,7524.0271380091,98899845.0,1,2,3
2000,Summer,Micronesia,,,0,0,0
2000,Summer,Moldova,440.538683980372,2923783.0,0,1,1
2000,Summer,Monaco,81789.0206522549,32148.0,0,0,0
2000,Summer,Mongolia,476.02755082717,2397417.0,0,0,0
2000,Summer,Morocco,1499.107421875,28793672.0,0,1,4
2000,Summer,Mozambique,327.12623979157,17711925.0,1,0,0
2000,Summer,Myanmar,196.619580625284,46719698.0,0,0,0
2000,Summer,Namibia,2156.67590512714,1794583.0,0,0,0
2000,Summer,Nauru,2648.60152860938,10335.0,0,0,0
2000,Summer,Nepal,223.830289183078,23941099.0,0,0,0
2000,Summer,Netherlands,26225.1697734149,15925513.0,12,9,4
2000,Summer,New Zealand,13641.1027183822,3857700.0,1,0,3
2000,Summer,Nicaragua,1017.3124434882,5069310.0,0,0,0
2000,Summer,Niger,194.771959898935,11331561.0,0,0,0
2000,Summer,Nigeria,547.318298903379,122283853.0,1,2,0
2000,Summer,North Korea,,22929078.0,0,1,3
2000,Summer,Norway,38178.2368777076,4490967.0,4,3,3
2000,Summer,Oman,9753.84755185404,2267973.0,0,0,0
2000,Summer,Pakistan,642.338346499898,142343583.0,0,0,0
2000,Summer,Palau,7798.07504193852,19104.0,0,0,0
2000,Summer,Palestine,,,0,0,0
2000,Summer,Panama,3975.09310275544,3030333.0,0,0,0
2000,Summer,Papua New Guinea,635.957919047725,5847590.0,0,0,0
2000,Summer,Paraguay,1736.11729210765,5323202.0,0,0,0
2000,Summer,Peru,1945.41338451698,26459944.0,0,0,0
2000,Summer,Philippines,1050.79273107952,77991757.0,0,0,0
2000,Summer,Poland,4520.64100449111,38258629.0,6,5,3
2000,Summer,Portugal,11526.3720667968,10289898.0,0,0,2
2000,Summer,Puerto Rico,16192.1269719638,3810605.0,0,0,0
2000,Summer,Qatar,27535.182940934,592467.0,0,0,1
2000,Summer,Republic of Congo,1024.30159109181,3127420.0,0,0,0
2000,Summer,Romania,1659.92904910528,22442971.0,11,6,9
2000,Summer,Russia,1771.59411621094,146596869.0,32,28,29
2000,Summer,Rwanda,251.86926386091,7933688.0,0,0,0
2000,Summer,Saint Kitts,9319.65545093525,44083.0,0,0,0
2000,Summer,Saint Lucia,,,0,0,0
2000,Summer,Saint Vincent,,,0,0,0
2000,Summer,Samoa,1424.75240002471,174454.0,0,0,0
2000,Summer,San Marino,37600.7077379601,27460.0,0,0,0
2000,Summer,Sao Tome and Principe,529.089383412262,142264.0,0,0,0
2000,Summer,Saudi Arabia,11714.5623675159,20663840.0,0,1,1
2000,Summer,Senegal,603.233162455158,9797731.0,0,0,0
2000,Summer,Serbia,974.725469278615,7516346.0,1,1,1
2000,Summer,Seychelles,8063.65500575169,81131.0,0,0,0
2000,Summer,Sierra Leone,143.743743239644,4584570.0,0,0,0
2000,Summer,Slovakia,5421.6448441887,5388720.0,1,3,1
2000,Summer,Slovenia,10135.7219109212,1988925.0,2,0,0
2000,Summer,Solomon Islands,953.17190137706,412665.0,0,0,0
2000,Summer,Somalia,,8872250.0,0,0,0
2000,Summer,South Africa,3217.84693448467,44967713.0,0,2,3
2000,Summer,South Korea,12710.2995795579,47008111.0,8,10,10
2000,Summer,Spain,14743.2671031455,40567864.0,3,3,5
2000,Summer,Sri Lanka,860.199884304769,18777606.0,0,1,0
2000,Summer,Sudan,362.116882324219,27275019.0,0,0,0
2000,Summer,Suriname,1988.22172925433,470944.0,0,0,0
2000,Summer,Swaziland,,,0,0,0
2000,Summer,Sweden,29632.5890811623,8872109.0,4,5,3
2000,Summer,Switzerland,38865.021939688,7184250.0,1,6,2
2000,Summer,Syria,1138.1884854278,16410847.0,0,0,0
2000,Summer,Taiwan,,,0,1,4
2000,Summer,Tajikistan,136.925716400723,6216329.0,0,0,0
2000,Summer,Tanzania,401.698150634766,33499177.0,0,0,0
2000,Summer,Thailand,2005.97694514234,62952639.0,1,0,2
2000,Summer,Togo,409.889802792768,4924406.0,0,0,0
2000,Summer,Tonga,1995.07667546271,97962.0,0,0,0
2000,Summer,Trinidad,6178.58975559687,1267159.0,0,1,1
2000,Summer,Tunisia,2199.04465936314,9708347.0,0,0,0
2000,Summer,Turkey,4199.3798635759,63240196.0,3,0,2
2000,Summer,Turkmenistan,633.835487638011,4516128.0,0,0,0
2000,Summer,UK,28383.8761094996,58892514.0,11,10,7
2000,Summer,USA,36329.9560727102,282162411.0,36,24,31
2000,Summer,Uganda,258.050338731086,23650159.0,0,0,0
2000,Summer,Ukraine,653.294311523438,49176500.0,3,10,10
2000,Summer,United Arab Emirates,29865.502347066,3134067.0,0,0,0
2000,Summer,Uruguay,6987.70098766257,3319734.0,0,1,0
2000,Summer,Uzbekistan,555.149231099186,24650400.0,1,1,2
2000,Summer,Vanuatu,1460.23817692229,184964.0,0,0,0
2000,Summer,Venezuela,4776.2816763938,24192449.0,0,0,0
2000,Summer,Vietnam,404.029784055118,79910411.0,0,1,0
2000,Summer,"Virgin Islands, British",,20313.0,0,0,0
2000,Summer,"Virgin Islands, US",,108642.0,0,0,0
2000,Summer,Yemen,,,0,0,0
2000,Summer,Zambia,359.429500988221,10415942.0,0,0,0
2000,Summer,Zimbabwe,562.833757496076,11881482.0,0,0,0
2002,Winter,Andorra,26528.1300628236,70048.0,0,0,0
2002,Winter,Argentina,2569.69963519124,37681743.0,0,0,0
2002,Winter,Armenia,742.651118319819,3033976.0,0,0,0
2002,Winter,Australia,20335.0960191023,19651400.0,2,0,0
2002,Winter,Austria,26334.862215032,8081957.0,3,4,10
2002,Winter,Azerbaijan,763.108895463487,8171950.0,0,0,0
2002,Winter,Belarus,1479.38066337175,9865548.0,0,0,1
2002,Winter,Belgium,25006.191397109,10332785.0,0,0,0
2002,Winter,Bermuda,63358.5658652763,62912.0,0,0,0
2002,Winter,Bosnia and Herzegovina,1606.5467454132,3759389.0,0,0,0
2002,Winter,Brazil,2855.94017137049,179537523.0,0,0,0
2002,Winter,Bulgaria,2092.98288625558,7837161.0,0,1,2
2002,Winter,Cameroon,789.623811072554,16357605.0,0,0,0
2002,Winter,Canada,24256.0192337185,31360079.0,7,3,7
2002,Winter,Chile,4430.84741157984,15684413.0,0,0,0
2002,Winter,China,1163.55957673426,1280400000.0,2,2,4
2002,Winter,Costa Rica,4067.71851429092,4100922.0,0,0,0
2002,Winter,Croatia,6219.58164143945,4302174.0,3,1,0
2002,Winter,Cyprus,16093.2158203125,976968.0,0,0,0
2002,Winter,Czech Republic,8101.26018588111,10196916.0,1,2,0
2002,Winter,Denmark,33257.1622586509,5375931.0,0,0,0
2002,Winter,Estonia,5343.18310760735,1379350.0,1,1,1
2002,Winter,Fiji,2136.56794118683,815257.0,0,0,0
2002,Winter,Finland,26989.389260959,5200598.0,4,2,1
2002,Winter,France,24144.5727019529,61805266.0,4,5,2
2002,Winter,Georgia,853.526171868939,3978515.0,0,0,0
2002,Winter,Germany,25486.5942008748,82488495.0,12,16,8
2002,Winter,Greece,13782.195640943,10902022.0,0,0,0
2002,Winter,Hungary,6658.04494326809,10158608.0,0,0,0
2002,Winter,Iceland,32749.379004627,287523.0,0,0,0
2002,Winter,India,469.149928973927,1093317187.0,0,0,0
2002,Winter,Iran,1891.25756091033,67284801.0,0,0,0
2002,Winter,Ireland,32705.4345565698,3931947.0,0,0,0
2002,Winter,Israel,19076.4584298321,6570000.0,0,0,0
2002,Winter,Italy,22451.3964379368,57059007.0,4,4,5
2002,Winter,Jamaica,3680.64551727724,2692843.0,0,0,0
2002,Winter,Japan,32820.7936433254,127445000.0,0,1,1
2002,Winter,Kazakhstan,1573.55219932325,14858948.0,0,0,0
2002,Winter,Kenya,402.936385605382,33751746.0,0,0,0
2002,Winter,Kyrgyzstan,321.726775366804,4990700.0,0,0,0
2002,Winter,Latvia,4003.60935783538,2310173.0,0,0,0
2002,Winter,Lebanon,4290.85283803266,4182205.0,0,0,0
2002,Winter,Liechtenstein,79795.1785891101,33885.0,0,0,0
2002,Winter,Lithuania,4148.13091485015,3443067.0,0,0,0
2002,Winter,Macedonia,1989.13537265159,2048930.0,0,0,0
2002,Winter,Mexico,7983.03398381759,101684764.0,0,0,0
2002,Winter,Moldova,570.799866188293,2910504.0,0,0,0
2002,Winter,Monaco,90051.4459877468,32804.0,0,0,0
2002,Winter,Mongolia,570.249213248399,2443261.0,0,0,0
2002,Winter,Nepal,238.89140296106,24725625.0,0,0,0
2002,Winter,Netherlands,29446.5330872868,16148929.0,3,5,0
2002,Winter,New Zealand,16874.1874918196,3948500.0,0,0,0
2002,Winter,Norway,43170.557174499,4538159.0,12,5,7
2002,Winter,Poland,5223.45178967082,38230364.0,0,1,1
2002,Winter,Romania,2119.85509684554,21730496.0,0,0,0
2002,Winter,Russia,2377.52954101563,145306497.0,5,4,4
2002,Winter,San Marino,41790.8432718184,28175.0,0,0,0
2002,Winter,Serbia,2390.73459447107,7496522.0,0,0,0
2002,Winter,Slovakia,6554.62808369461,5376912.0,0,0,0
2002,Winter,Slovenia,11639.1297780477,1994530.0,0,0,1
2002,Winter,South Africa,2688.23676032806,46150913.0,0,0,0
2002,Winter,South Korea,13642.9424537101,47644736.0,2,2,0
2002,Winter,Spain,17111.0685058941,41431558.0,0,0,0
2002,Winter,Sweden,29957.7776664916,8924958.0,0,2,5
2002,Winter,Switzerland,42458.7384679187,7284753.0,3,2,6
2002,Winter,Taiwan,,,0,0,0
2002,Winter,Tajikistan,186.951638285222,6426861.0,0,0,0
2002,Winter,Thailand,2089.75183111554,64069093.0,0,0,0
2002,Winter,Trinidad,6762.93080808096,1277210.0,0,0,0
2002,Winter,Turkey,3591.08628982587,65145357.0,0,0,0
2002,Winter,UK,30158.7017807858,59370479.0,1,0,1
2002,Winter,USA,37997.7596573051,287625193.0,10,13,11
2002,Winter,Ukraine,903.011901855469,48202470.0,0,0,0
2002,Winter,Uzbekistan,381.409296889283,25271850.0,0,0,0
2002,Winter,Venezuela,3652.09896501865,25100407.0,0,0,0
2002,Winter,"Virgin Islands, US",30062.0225050457,108509.0,0,0,0
2004,Summer,Afghanistan,221.763653873013,24726689.0,0,0,0
2004,Summer,Albania,2446.90949947798,3026939.0,0,0,0
2004,Summer,Algeria,2816.99384960555,32692153.0,0,0,0
2004,Summer,American Samoa,8958.42866697173,59684.0,0,0,0
2004,Summer,Andorra,39021.1107100919,76250.0,0,0,0
2004,Summer,Angola,1451.47117872493,18758138.0,0,0,0
2004,Summer,Antigua,13037.8895772257,80347.0,0,0,0
2004,Summer,Argentina,4242.02099089422,38491970.0,2,0,4
2004,Summer,Armenia,1130.08791444158,3000715.0,0,0,0
2004,Summer,Aruba,23700.6319899197,98744.0,0,0,0
2004,Summer,Australia,30886.0500949401,20127400.0,17,16,17
2004,Summer,Austria,36614.2506533707,8171966.0,2,4,1
2004,Summer,Azerbaijan,1045.0136328106,8306500.0,1,0,4
2004,Summer,Bahamas,26650.2934234303,318893.0,1,0,1
2004,Summer,Bahrain,24423.0946995548,359434.0,0,0,0
2004,Summer,Bangladesh,455.614016909798,136986429.0,0,0,0
2004,Summer,Barbados,12886.3665272467,275283.0,0,0,0
2004,Summer,Belarus,2378.33700470129,9730146.0,2,5,6
2004,Summer,Belgium,35429.4077933344,10421137.0,1,0,2
2004,Summer,Belize,5153.71308265363,276516.0,0,0,0
2004,Summer,Benin,758.695803786371,7750003.0,0,0,0
2004,Summer,Bermuda,71692.1589001679,63740.0,0,0,0
2004,Summer,Bhutan,1130.35934606796,638809.0,0,0,0
2004,Summer,Boliva,953.191893246277,9069044.0,0,0,0
2004,Summer,Bosnia and Herzegovina,2452.6860917386,3764194.0,0,0,0
2004,Summer,Botswana,4956.69287735214,1765533.0,0,0,0
2004,Summer,Brazil,3663.82262497811,184006479.0,5,2,3
2004,Summer,Brunei,24423.0946995548,359434.0,0,0,0
2004,Summer,Bulgaria,3389.68743360274,7716860.0,2,1,9
2004,Summer,Burkina Faso,403.81283743461,13030576.0,0,0,0
2004,Summer,Burundi,125.194965184533,7131688.0,0,0,0
2004,Summer,Cambodia,444.199067529081,13066475.0,0,0,0
2004,Summer,Cameroon,1133.39326749673,17259322.0,1,0,0
2004,Summer,Canada,32145.5412620217,31940655.0,3,6,3
2004,Summer,Cape Verde,,,0,0,0
2004,Summer,Cayman Islands,,47899.0,0,0,0
2004,Summer,Central African Republic,303.461321152782,3959883.0,0,0,0
2004,Summer,Chad,445.850767157087,9734761.0,0,0,0
2004,Summer,Chile,6120.59152055344,16014972.0,2,0,1
2004,Summer,China,1530.92726215723,1296075000.0,32,18,14
2004,Summer,Colombia,2818.57195413044,42075953.0,0,0,2
2004,Summer,Comoros,1072.28409029621,597230.0,0,0,0
2004,Summer,Cook Islands,,,0,0,0
2004,Summer,Costa Rica,4431.0117207843,4225156.0,0,0,0
2004,Summer,Croatia,9718.97322801967,4304600.0,1,2,2
2004,Summer,Cuba,3399.21962893402,11250369.0,9,7,11
2004,Summer,Curacao,16671.3403391655,134192.0,0,0,0
2004,Summer,Cyprus,23792.619140625,1010410.0,0,0,0
2004,Summer,Czech Republic,11782.5546676117,10197101.0,1,3,5
2004,Summer,Democratic Republic of the Congo,180.664764963633,53068869.0,0,0,0
2004,Summer,Denmark,46625.050098011,5404523.0,2,1,5
2004,Summer,Dominica,5778.83306546506,70387.0,0,0,0
2004,Summer,Dominican Republic,2451.69161616569,8974444.0,1,0,0
2004,Summer,Ecuador,2586.20914663347,13596390.0,0,0,0
2004,Summer,Egypt,991.255689145253,74172073.0,1,1,3
2004,Summer,El Salvador,2285.68907438892,6023801.0,0,0,0
2004,Summer,Equatorial Guinea,4901.30127408119,716949.0,0,0,0
2004,Summer,Eritrea,426.840947887032,2719809.0,0,0,1
2004,Summer,Estonia,8916.0728274602,1362550.0,0,1,2
2004,Summer,Ethiopia,133.169812538096,74239508.0,2,3,2
2004,Summer,Fiji,3097.19096651759,817864.0,0,0,0
2004,Summer,Finland,37768.1334202029,5228172.0,0,2,0
2004,Summer,France,33644.9282220364,62704901.0,11,9,13
2004,Summer,Gabon,5465.79193590708,1353788.0,0,0,0
2004,Summer,Gambia,593.285346326581,1496524.0,0,0,0
2004,Summer,Georgia,1305.04748557208,3927340.0,2,2,0
2004,Summer,Germany,34566.7359143735,82516260.0,13,16,20
2004,Summer,Ghana,406.132105329565,21272328.0,0,0,0
2004,Summer,Greece,21449.2552764245,10955141.0,6,6,4
2004,Summer,Grenada,5480.26117644588,104346.0,0,0,0
2004,Summer,Guam,23618.8266894573,158094.0,0,0,0
2004,Summer,Guatemala,1840.91184884,12682108.0,0,0,0
2004,Summer,Guinea,584.897740538081,8925729.0,0,0,0
2004,Summer,Guinea-Bissau,431.376557669634,1313492.0,0,0,0
2004,Summer,Guyana,1033.31030902188,745737.0,0,0,0
2004,Summer,Haiti,683.185298155273,9047082.0,0,0,0
2004,Summer,Honduras,1215.13995412761,7282953.0,0,0,0
2004,Summer,Hungary,10291.2694721409,10107146.0,8,6,3
2004,Summer,Iceland,47809.6073050042,292074.0,0,0,0
2004,Summer,India,624.258826510066,1129623466.0,0,1,0
2004,Summer,Indonesia,1126.84004447173,223285666.0,1,1,2
2004,Summer,Iran,2672.4226651404,68951279.0,2,2,2
2004,Summer,Iraq,1328.37157628292,26313838.0,0,0,0
2004,Summer,Ireland,47754.2023194244,4070262.0,0,0,0
2004,Summer,Israel,20568.0694088834,6809000.0,1,0,1
2004,Summer,Italy,31348.1901841445,57685327.0,10,11,11
2004,Summer,Ivory Coast,1199.82524528546,17970493.0,0,0,0
2004,Summer,Jamaica,3807.56293124552,2725017.0,2,1,2
2004,Summer,Japan,38298.9801712303,127761000.0,16,9,12
2004,Summer,Jordan,1940.08641342805,5580241.0,0,0,0
2004,Summer,Kazakhstan,2722.47407755402,15012984.0,1,4,3
2004,Summer,Kenya,463.662781300121,35635267.0,1,4,2
2004,Summer,Kiribati,1083.2688987175,90498.0,0,0,0
2004,Summer,Kuwait,27552.2827399787,2200498.0,0,0,0
2004,Summer,Kyrgyzstan,433.233873286,5104700.0,0,0,0
2004,Summer,Laos,409.296298284117,5662199.0,0,0,0
2004,Summer,Latvia,6109.73265186817,2263122.0,0,4,0
2004,Summer,Lebanon,4600.68371412993,4569377.0,0,0,0
2004,Summer,Lesotho,766.685820928242,2005953.0,0,0,0
2004,Summer,Liberia,284.140223992458,3135654.0,0,0,0
2004,Summer,Libya,5773.76333234281,5710163.0,0,0,0
2004,Summer,Liechtenstein,100280.831356705,34444.0,0,0,0
2004,Summer,Lithuania,6734.57487061946,3377075.0,1,2,0
2004,Summer,Luxembourg,76544.9170868473,458095.0,0,0,0
2004,Summer,Macedonia,2818.5814561242,2057044.0,0,0,0
2004,Summer,Madagascar,272.20074858856,17802992.0,0,0,0
2004,Summer,Malawi,404.674248445428,12301837.0,0,0,0
2004,Summer,Malaysia,4939.24851854427,25190647.0,0,0,0
2004,Summer,Maldives,4070.2609459446,311265.0,0,0,0
2004,Summer,Mali,495.006294680645,12369078.0,0,0,0
2004,Summer,Malta,15212.1313438497,401268.0,0,0,0
2004,Summer,Mauritania,823.554457141893,2939246.0,0,0,0
2004,Summer,Mauritius,5460.60800184198,1221003.0,0,0,0
2004,Summer,Mexico,7849.66759649565,104514934.0,0,3,1
2004,Summer,Micronesia,,,0,0,0
2004,Summer,Moldova,897.178494749468,2895147.0,0,0,0
2004,Summer,Monaco,125160.228087598,33499.0,0,0,0
2004,Summer,Mongolia,794.154552001815,2496394.0,0,0,1
2004,Summer,Morocco,2183.55541992188,30115196.0,2,1,0
2004,Summer,Mozambique,400.056973161545,19910549.0,0,0,0
2004,Summer,Myanmar,224.508811413327,48564489.0,0,0,0
2004,Summer,Namibia,3403.15496192955,1907737.0,0,0,0
2004,Summer,Nauru,3040.51349889,9906.0,0,0,0
2004,Summer,Nepal,279.587750044428,25419337.0,0,0,0
2004,Summer,Netherlands,40611.3414353091,16281779.0,4,9,9
2004,Summer,New Zealand,25420.234882944,4087500.0,3,2,0
2004,Summer,Nicaragua,1098.62118662335,5364930.0,0,0,0
2004,Summer,Niger,283.468281798296,13125914.0,0,0,0
2004,Summer,Nigeria,962.48104194733,135320420.0,0,0,2
2004,Summer,North Korea,,23732740.0,0,4,1
2004,Summer,Norway,57768.6980958462,4591910.0,5,0,1
2004,Summer,Oman,11800.8507411171,2445524.0,0,0,0
2004,Summer,Pakistan,771.902247348954,156664698.0,0,0,0
2004,Summer,Palau,8393.73052541231,19861.0,0,0,0
2004,Summer,Palestine,,,0,0,0
2004,Summer,Panama,4644.56581177581,3269356.0,0,0,0
2004,Summer,Papua New Guinea,620.596147680561,6354247.0,0,0,0
2004,Summer,Paraguay,1786.21533938543,5730556.0,0,1,0
2004,Summer,Peru,2397.25147277714,27624226.0,0,0,0
2004,Summer,Philippines,1099.63013023758,84710544.0,0,0,0
2004,Summer,Poland,6711.72715262967,38182222.0,3,2,5
2004,Summer,Portugal,18064.1580932987,10483861.0,0,2,1
2004,Summer,Puerto Rico,20988.9923326534,3826878.0,0,0,0
2004,Summer,Qatar,41035.5008380177,753332.0,0,0,0
2004,Summer,Republic of Congo,1306.10136324599,3510468.0,0,0,0
2004,Summer,Romania,3494.99056448955,21451748.0,8,5,6
2004,Summer,Russia,4102.36474609375,144067316.0,28,26,36
2004,Summer,Rwanda,269.540446333402,8680516.0,0,0,0
2004,Summer,Saint Kitts,10944.6183741768,46323.0,0,0,0
2004,Summer,Saint Lucia,,,0,0,0
2004,Summer,Saint Vincent,,,0,0,0
2004,Summer,Samoa,2189.26042607992,178597.0,0,0,0
2004,Summer,San Marino,58232.0176184948,28942.0,0,0,0
2004,Summer,Sao Tome and Principe,726.560882130444,153736.0,0,0,0
2004,Summer,Saudi Arabia,13154.4978989446,23132686.0,0,0,0
2004,Summer,Senegal,918.102079522155,10810086.0,0,0,0
2004,Summer,Serbia,3597.08798057009,7463157.0,0,2,0
2004,Summer,Seychelles,10827.671636033,82475.0,0,0,0
2004,Summer,Sierra Leone,417.749983329227,5433995.0,0,0,0
2004,Summer,Slovakia,10650.1290097126,5372280.0,2,2,2
2004,Summer,Slovenia,17103.8297783905,1997012.0,0,1,3
2004,Summer,Solomon Islands,986.070953503889,458549.0,0,0,0
2004,Summer,Somalia,,10130251.0,0,0,0
2004,Summer,South Africa,5221.46333731721,47291610.0,1,3,2
2004,Summer,South Korea,17121.6301633201,48082519.0,9,12,9
2004,Summer,Spain,24925.0267844576,42921895.0,3,11,6
2004,Summer,Sri Lanka,1028.62068132555,19387153.0,0,0,0
2004,Summer,Sudan,705.113342285156,30214189.0,0,0,0
2004,Summer,Suriname,2887.7721728844,493680.0,0,0,0
2004,Summer,Swaziland,,,0,0,0
2004,Summer,Sweden,42758.0048564929,8993531.0,4,2,1
2004,Summer,Switzerland,54659.4571488233,7389625.0,1,1,3
2004,Summer,Syria,1368.1148230028,17827827.0,0,0,1
2004,Summer,Taiwan,,,2,2,1
2004,Summer,Tajikistan,305.745158587502,6662391.0,0,0,0
2004,Summer,Tanzania,450.385284423828,37379766.0,0,0,0
2004,Summer,Thailand,2641.56268717857,64995303.0,3,1,4
2004,Summer,Timor-Leste,474.420726695663,971889.0,0,0,0
2004,Summer,Togo,560.266308533382,5467770.0,0,0,0
2004,Summer,Tonga,2195.44890047673,100214.0,0,0,0
2004,Summer,Trinidad,9871.03419820086,1290115.0,0,0,1
2004,Summer,Tunisia,3067.41936376975,10022278.0,0,0,0
2004,Summer,Turkey,5979.6054216148,67010930.0,3,3,5
2004,Summer,Turkmenistan,1379.23009682692,4703396.0,0,0,0
2004,Summer,UK,40504.4118103928,59987905.0,9,9,12
2004,Summer,USA,41724.6316287624,292805298.0,36,39,26
2004,Summer,Uganda,292.38185796262,26821300.0,0,0,0
2004,Summer,Ukraine,1401.01806640625,47451626.0,8,5,9
2004,Summer,United Arab Emirates,33376.7152295209,4068577.0,1,0,0
2004,Summer,Uruguay,4168.66065438387,3321486.0,0,0,0
2004,Summer,Uzbekistan,462.171492867885,25864350.0,2,1,2
2004,Summer,Vanuatu,1774.31867585894,204123.0,0,0,0
2004,Summer,Venezuela,4269.08970872392,25996594.0,0,0,2
2004,Summer,Vietnam,565.452284586212,83062819.0,0,0,0
2004,Summer,"Virgin Islands, British",,22329.0,0,0,0
2004,Summer,"Virgin Islands, US",35006.3614404514,108466.0,0,0,0
2004,Summer,Yemen,,,0,0,0
2004,Summer,Zambia,548.685974566277,11550641.0,0,0,0
2004,Summer,Zimbabwe,469.719298949304,12019911.0,1,1,1
2006,Winter,Albania,3057.77257038113,2992547.0,0,0,0
2006,Winter,Algeria,3660.66104745322,33641007.0,0,0,0
2006,Winter,Andorra,43467.1963063068,80995.0,0,0,0
2006,Winter,Argentina,5869.38028970204,39289876.0,0,0,0
2006,Winter,Armenia,2041.65267068997,2958301.0,0,0,0
2006,Winter,Australia,36658.8243476122,20697900.0,1,0,1
2006,Winter,Austria,40382.2078298575,8268641.0,9,7,7
2006,Winter,Azerbaijan,2472.95725732287,8484550.0,0,0,0
2006,Winter,Belarus,3848.22350300163,9604924.0,0,1,0
2006,Winter,Belgium,38705.1067959147,10547958.0,0,0,0
2006,Winter,Bermuda,97781.4558996721,64523.0,0,0,0
2006,Winter,Bosnia and Herzegovina,3166.12865344833,3765422.0,0,0,0
2006,Winter,Brazil,5934.14561857454,188167353.0,0,0,0
2006,Winter,Bulgaria,4523.1465578805,7601022.0,0,1,0
2006,Winter,Canada,40504.0370977806,32571174.0,7,10,7
2006,Winter,Chile,9318.65655296121,16354507.0,0,0,0
2006,Winter,China,2129.25696999613,1311020000.0,2,4,5
2006,Winter,Costa Rica,5256.59640859159,4345421.0,0,0,0
2006,Winter,Croatia,11501.2099669894,4311159.0,1,2,0
2006,Winter,Cyprus,26729.28125,1045508.0,0,0,0
2006,Winter,Czech Republic,15259.0788162004,10238905.0,1,2,1
2006,Winter,Denmark,52119.1787984282,5437272.0,0,0,0
2006,Winter,Estonia,12641.4800976473,1346810.0,3,0,0
2006,Winter,Ethiopia,189.345737521418,78489205.0,0,0,0
2006,Winter,Finland,41214.0187765069,5266268.0,0,6,3
2006,Winter,France,36431.5658906555,63621376.0,3,2,4
2006,Winter,Georgia,1996.02013272284,3880347.0,0,0,0
2006,Winter,Germany,36980.3349948954,82376451.0,11,12,6
2006,Winter,Greece,24416.0232970275,11020362.0,0,0,0
2006,Winter,Hungary,11478.4891640501,10071370.0,0,0,0
2006,Winter,Iceland,58172.1426656622,303782.0,0,0,0
2006,Winter,India,801.668353659022,1165486291.0,0,0,0
2006,Winter,Iran,3618.91601364428,70554756.0,0,0,0
2006,Winter,Ireland,54329.1618599624,4273591.0,0,0,0
2006,Winter,Israel,22527.2619795719,7053700.0,0,0,0
2006,Winter,Italy,33537.1286994269,58143979.0,5,0,6
2006,Winter,Japan,35991.546002862,127854000.0,1,0,0
2006,Winter,Kazakhstan,5030.13494711519,15308085.0,0,0,0
2006,Winter,Kenya,699.80237063381,37649039.0,0,0,0
2006,Winter,Kyrgyzstan,543.113512472219,5218400.0,0,0,0
2006,Winter,Latvia,9211.7374468148,2218357.0,0,0,1
2006,Winter,Lebanon,4635.2514117486,4759760.0,0,0,0
2006,Winter,Liechtenstein,114167.939211301,34975.0,0,0,0
2006,Winter,Lithuania,9210.10118229413,3269909.0,0,0,0
2006,Winter,Luxembourg,90788.8004876145,472637.0,0,0,0
2006,Winter,Macedonia,3440.4411057968,2063132.0,0,0,0
2006,Winter,Madagascar,324.146874882604,18880265.0,0,0,0
2006,Winter,Moldova,1183.02481442894,2880095.0,0,0,0
2006,Winter,Monaco,143083.461107202,34189.0,0,0,0
2006,Winter,Mongolia,1329.89179579053,2558854.0,0,0,0
2006,Winter,Nepal,340.431796437968,26066687.0,0,0,0
2006,Winter,Netherlands,45123.5432406426,16346101.0,3,2,4
2006,Winter,New Zealand,26654.5932018985,4184600.0,0,0,0
2006,Winter,North Korea,,24054866.0,0,0,0
2006,Winter,Norway,74434.4996835671,4660677.0,2,8,9
2006,Winter,Poland,9068.85528307627,38141267.0,0,1,1
2006,Winter,Portugal,19839.4540499032,10522288.0,0,0,0
2006,Winter,Romania,5757.53127301178,21193760.0,0,0,0
2006,Winter,Russia,6920.19970703125,143049637.0,8,6,8
2006,Winter,San Marino,63270.7780755157,29694.0,0,0,0
2006,Winter,Senegal,1017.20196747987,11382272.0,0,0,0
2006,Winter,Serbia,4492.7136699046,7411569.0,0,0,0
2006,Winter,Slovakia,13167.8954730379,5373054.0,0,1,0
2006,Winter,Slovenia,19563.005059144,2006868.0,0,0,0
2006,Winter,South Africa,6077.38293388876,48489464.0,0,0,0
2006,Winter,South Korea,22609.7059431449,48438292.0,6,3,2
2006,Winter,Spain,28421.686527407,44397319.0,0,0,0
2006,Winter,Sweden,46531.3762240485,9080505.0,7,2,5
2006,Winter,Switzerland,59011.0324592016,7483934.0,5,4,5
2006,Winter,Taiwan,,,0,0,0
2006,Winter,Tajikistan,401.018403316427,6922590.0,0,0,0
2006,Winter,Thailand,3331.32043511773,65812540.0,0,0,0
2006,Winter,Turkey,7990.08251407245,68756809.0,0,0,0
2006,Winter,UK,44695.161023424,60846820.0,0,1,0
2006,Winter,USA,46302.0008800056,298379912.0,9,9,7
2006,Winter,Ukraine,2366.494140625,46787786.0,0,0,2
2006,Winter,Uzbekistan,649.118167003925,26488250.0,0,0,0
2006,Winter,Venezuela,6739.38065342218,26850190.0,0,0,0
2008,Summer,Afghanistan,381.73323802844,27722281.0,0,0,1
2008,Summer,Albania,4498.50486763601,2947314.0,0,0,0
2008,Summer,Algeria,5180.91881514686,34730604.0,0,1,1
2008,Summer,American Samoa,10030.8089130902,57490.0,0,0,0
2008,Summer,Andorra,49132.4925840057,83860.0,0,0,0
2008,Summer,Angola,4578.15526451517,21695636.0,0,0,0
2008,Summer,Antigua,18786.6743142216,85394.0,0,0,0
2008,Summer,Argentina,8944.1102657357,40080159.0,2,0,4
2008,Summer,Armenia,3777.66859313767,2907615.0,0,0,6
2008,Summer,Aruba,28171.9094008501,101362.0,0,0,0
2008,Summer,Australia,49811.2067218988,21249200.0,14,15,17
2008,Summer,Austria,51581.3982361071,8321496.0,0,1,2
2008,Summer,Azerbaijan,5574.46810432575,8763400.0,1,2,4
2008,Summer,Bahamas,29392.3824416397,343680.0,0,1,1
2008,Summer,Bahrain,42156.5685838672,379418.0,0,0,0
2008,Summer,Bangladesh,613.06204104124,144304164.0,0,0,0
2008,Summer,Barbados,17565.6929970592,279946.0,0,0,0
2008,Summer,Belarus,6376.17569162063,9527985.0,4,5,9
2008,Summer,Belgium,48303.397956286,10709973.0,1,1,0
2008,Summer,Belize,5711.81458859709,306822.0,0,0,0
2008,Summer,Benin,1060.60254502099,8696915.0,0,0,0
2008,Summer,Bermuda,110268.562401264,65273.0,0,0,0
2008,Summer,Bhutan,1919.59774896395,671611.0,0,0,0
2008,Summer,Boliva,1692.67248455876,9721457.0,0,0,0
2008,Summer,Bosnia and Herzegovina,4841.69311934649,3754261.0,0,0,0
2008,Summer,Botswana,5503.07395314313,1915636.0,0,0,0
2008,Summer,Brazil,8908.33338467948,192030362.0,3,4,9
2008,Summer,Bulgaria,7271.30338858025,7492561.0,1,1,3
2008,Summer,Burkina Faso,619.437533256264,14689725.0,0,0,0
2008,Summer,Burundi,189.502074570768,8126104.0,0,0,0
2008,Summer,Cambodia,866.283999789749,13883835.0,0,0,0
2008,Summer,Cameroon,1492.14269801453,19252674.0,1,0,0
2008,Summer,Canada,46710.2526864484,33247118.0,3,9,7
2008,Summer,Cape Verde,,,0,0,0
2008,Summer,Cayman Islands,89655.1185574521,53835.0,0,0,0
2008,Summer,Central African Republic,437.24827472489,4273368.0,0,0,0
2008,Summer,Chad,1166.36883453841,11183589.0,0,0,0
2008,Summer,Chile,10683.2188772511,16708255.0,0,1,0
2008,Summer,China,3523.44302065213,1324655000.0,51,21,28
2008,Summer,Colombia,5541.83629665898,44254972.0,0,1,1
2008,Summer,Comoros,1455.02768595586,657227.0,0,0,0
2008,Summer,Cook Islands,,,0,0,0
2008,Summer,Costa Rica,6937.24261596055,4463123.0,0,0,0
2008,Summer,Croatia,15888.0606949392,4309705.0,0,2,3
2008,Summer,Cuba,4986.12436479175,11236975.0,2,11,11
2008,Summer,Curacao,19423.3352430175,145880.0,0,0,0
2008,Summer,Cyprus,35397.296875,1081568.0,0,0,0
2008,Summer,Czech Republic,22774.7045076205,10384603.0,3,3,0
2008,Summer,Democratic Republic of the Congo,352.900363371995,60411195.0,0,0,0
2008,Summer,Denmark,64616.6657583663,5493621.0,2,2,3
2008,Summer,Djibouti,1119.15233346969,816361.0,0,0,0
2008,Summer,Dominica,6971.32633839289,70829.0,0,0,0
2008,Summer,Dominican Republic,5023.58513403515,9458079.0,1,1,0
2008,Summer,Ecuador,4194.75750661981,14535740.0,0,1,0
2008,Summer,Egypt,1896.21594269779,79636081.0,0,0,1
2008,Summer,El Salvador,2983.24829577976,6131767.0,0,0,0
2008,Summer,Equatorial Guinea,18210.5552970599,860839.0,0,0,0
2008,Summer,Eritrea,490.066956003333,3062782.0,0,0,0
2008,Summer,Estonia,18205.9064113446,1337090.0,1,1,0
2008,Summer,Ethiopia,316.410475118075,82916236.0,4,1,2
2008,Summer,Fiji,3899.92231512129,845356.0,0,0,0
2008,Summer,Finland,53769.4726240385,5313399.0,1,1,2
2008,Summer,France,45464.8181385158,64374979.0,7,16,18
2008,Summer,Gabon,9688.64519690633,1518538.0,0,0,0
2008,Summer,Gambia,859.127671411226,1689288.0,0,0,0
2008,Summer,Georgia,3324.7537205015,3848449.0,3,0,3
2008,Summer,Germany,46379.1647953479,82110097.0,16,10,15
2008,Summer,Ghana,1182.65761256016,23563832.0,0,0,0
2008,Summer,Greece,31695.8331092209,11077841.0,0,2,2
2008,Summer,Grenada,7448.2040563865,105457.0,0,0,0
2008,Summer,Guam,28112.2316573422,159037.0,0,0,0
2008,Summer,Guatemala,2763.05988172926,13739299.0,0,0,0
2008,Summer,Guinea,703.532825784369,9738796.0,0,0,0
2008,Summer,Guinea-Bissau,640.210331101753,1446936.0,0,0,0
2008,Summer,Guyana,4008.9628671603,746815.0,0,0,0
2008,Summer,Haiti,1094.66058421644,9646570.0,0,0,0
2008,Summer,Honduras,1732.49062702803,7980955.0,0,0,0
2008,Summer,Hungary,15762.6322515113,10038188.0,3,5,2
2008,Summer,Iceland,57489.3399795216,317414.0,0,1,0
2008,Summer,India,992.519584923828,1200669762.0,1,0,2
2008,Summer,Indonesia,2124.55483920618,235469755.0,1,1,3
2008,Summer,Iran,5377.4115072957,72120608.0,1,0,1
2008,Summer,Iraq,4542.96609046032,28385739.0,0,0,0
2008,Summer,Ireland,61353.1065629523,4489544.0,0,1,2
2008,Summer,Israel,30269.217773489,7308800.0,0,0,1
2008,Summer,Italy,40828.5795580937,58826731.0,8,9,10
2008,Summer,Ivory Coast,1583.97066701372,19605568.0,0,0,0
2008,Summer,Jamaica,5029.80095281745,2781869.0,5,2,2
2008,Summer,Japan,39876.3039685725,128063000.0,9,7,9
2008,Summer,Jordan,3241.6524135556,6556473.0,0,0,0
2008,Summer,Kazakhstan,8123.54705891736,15776938.0,2,4,7
2008,Summer,Kenya,915.54435473604,39791984.0,6,4,5
2008,Summer,Kiribati,1410.62246914058,98760.0,0,0,0
2008,Summer,Kuwait,55585.1889344442,2656010.0,0,0,0
2008,Summer,Kyrgyzstan,966.388569370494,5318700.0,0,1,1
2008,Summer,Laos,885.747376088762,6046630.0,0,0,0
2008,Summer,Latvia,15677.6080864506,2177322.0,1,1,1
2008,Summer,Lebanon,5912.04532820842,4764745.0,0,0,0
2008,Summer,Lesotho,898.482517882593,1987130.0,0,0,0
2008,Summer,Liberia,451.713856283285,3607863.0,0,0,0
2008,Summer,Libya,13906.1407818125,6058740.0,0,0,0
2008,Summer,Liechtenstein,143249.227302093,35469.0,0,0,0
2008,Summer,Lithuania,14955.5345462921,3198231.0,0,2,3
2008,Summer,Luxembourg,120422.137934157,488650.0,0,0,0
2008,Summer,Macedonia,5026.4202989873,2067309.0,0,0,0
2008,Summer,Madagascar,512.579800058444,19996476.0,0,0,0
2008,Summer,Malawi,554.048820396119,13727899.0,0,0,0
2008,Summer,Malaysia,8371.82156086005,27236003.0,0,1,0
2008,Summer,Maldives,6757.43280929292,343448.0,0,0,0
2008,Summer,Mali,767.19483895009,14113578.0,0,0,0
2008,Summer,Malta,22315.3104212988,409379.0,0,0,0
2008,Summer,Marshall Islands,2817.60522775322,56166.0,0,0,0
2008,Summer,Mauritania,1635.5630623124,3296237.0,0,0,0
2008,Summer,Mauritius,8140.50808595895,1244121.0,0,0,1
2008,Summer,Mexico,10523.7685403244,110815272.0,2,0,1
2008,Summer,Micronesia,,,0,0,0
2008,Summer,Moldova,2110.55305353857,2867964.0,0,0,1
2008,Summer,Monaco,204263.797114294,34860.0,0,0,0
2008,Summer,Mongolia,2127.42678594737,2631899.0,2,2,0
2008,Summer,Montenegro,7359.95118960869,616969.0,0,0,0
2008,Summer,Morocco,3183.20043945313,31536807.0,0,1,1
2008,Summer,Mozambique,592.159111184122,22276596.0,0,0,0
2008,Summer,Myanmar,658.442487229705,49929642.0,0,0,0
2008,Summer,Namibia,4204.78555422749,2043382.0,0,0,0
2008,Summer,Nauru,3756.84531228766,9880.0,0,0,0
2008,Summer,Nepal,464.817391891529,26666581.0,0,0,0
2008,Summer,Netherlands,58246.7026905874,16445593.0,7,5,4
2008,Summer,New Zealand,31324.7397977102,4259800.0,3,2,4
2008,Summer,Nicaragua,1523.68437086409,5667436.0,0,0,0
2008,Summer,Niger,475.044955398162,15250913.0,0,0,0
2008,Summer,Nigeria,2154.10543545364,150269622.0,0,1,3
2008,Summer,North Korea,,24310143.0,2,1,3
2008,Summer,Norway,97503.5407803783,4768212.0,3,5,1
2008,Summer,Oman,26576.779241509,2750956.0,0,0,0
2008,Summer,Pakistan,1067.04324565284,171648984.0,0,0,0
2008,Summer,Palau,10577.501907762,18708.0,0,0,0
2008,Summer,Palestine,,,0,0,0
2008,Summer,Panama,7347.59049046839,3516204.0,1,0,0
2008,Summer,Papua New Guinea,1624.79319935188,6976200.0,0,0,0
2008,Summer,Paraguay,4384.95469437803,6081296.0,0,0,0
2008,Summer,Peru,4197.58444634142,28562321.0,0,0,0
2008,Summer,Philippines,1959.29233534978,90901967.0,0,0,0
2008,Summer,Poland,14048.5604672654,38125759.0,3,6,1
2008,Summer,Portugal,24949.0413566739,10558177.0,1,1,0
2008,Summer,Puerto Rico,24898.3345857045,3760866.0,0,0,0
2008,Summer,Qatar,80781.4039187792,1436670.0,0,0,0
2008,Summer,Republic of Congo,2832.09177777643,4011487.0,0,0,0
2008,Summer,Romania,10435.1561230787,20537875.0,4,1,3
2008,Summer,Russia,11635.2841796875,142742366.0,23,21,28
2008,Summer,Rwanda,528.326391755502,9524532.0,0,0,0
2008,Summer,Saint Kitts,16604.9448615905,48178.0,0,0,0
2008,Summer,Saint Lucia,,,0,0,0
2008,Summer,Saint Vincent,,,0,0,0
2008,Summer,Samoa,3373.60639884263,183270.0,0,0,0
2008,Summer,San Marino,75902.1320521765,30434.0,0,0,0
2008,Summer,Sao Tome and Principe,1081.8684584729,171122.0,0,0,0
2008,Summer,Saudi Arabia,22320.4888964331,25888535.0,0,0,0
2008,Summer,Senegal,1398.79218010021,12004700.0,0,0,0
2008,Summer,Serbia,7376.73517910716,7350222.0,0,1,2
2008,Summer,Seychelles,11265.4376270005,86956.0,0,0,0
2008,Summer,Sierra Leone,705.359014080005,6133599.0,0,0,0
2008,Summer,Slovakia,18744.3192278346,5379233.0,3,2,1
2008,Summer,Slovenia,27461.9764165315,2021316.0,1,2,2
2008,Summer,Solomon Islands,1525.84666261203,503366.0,0,0,0
2008,Summer,Somalia,,11397188.0,0,0,0
2008,Summer,South Africa,6184.75474328399,49779472.0,0,1,0
2008,Summer,South Korea,22252.3125108061,49054708.0,13,10,8
2008,Summer,Spain,35603.248328071,45954106.0,5,10,3
2008,Summer,Sri Lanka,1973.58476901287,19983984.0,0,0,0
2008,Summer,Sudan,1527.58239746094,33060844.0,0,1,0
2008,Summer,Suriname,6576.08546307249,517122.0,0,0,0
2008,Summer,Swaziland,,,0,0,0
2008,Summer,Sweden,55817.1759726485,9219637.0,0,4,1
2008,Summer,Switzerland,74175.1927898555,7647675.0,2,1,4
2008,Summer,Syria,2429.12477087189,20664037.0,0,0,0
2008,Summer,Taiwan,,,0,0,4
2008,Summer,Tajikistan,703.327375898643,7209924.0,0,1,1
2008,Summer,Tanzania,675.977233886719,41853944.0,0,0,0
2008,Summer,Thailand,4309.13509292986,66530980.0,2,2,0
2008,Summer,Timor-Leste,628.153191495026,1055428.0,0,0,0
2008,Summer,Togo,718.948386717473,6083417.0,0,0,1
2008,Summer,Tonga,3218.45303993196,103384.0,0,0,0
2008,Summer,Trinidad,21298.9945258063,1314449.0,1,1,0
2008,Summer,Tunisia,4255.05008019523,10414425.0,1,0,0
2008,Summer,Turkey,10913.4079047769,70418612.0,1,3,3
2008,Summer,Turkmenistan,3605.50395120549,4935765.0,0,0,0
2008,Summer,UK,47652.4030691881,61806995.0,19,13,16
2008,Summer,USA,48570.0459804586,304093966.0,36,39,35
2008,Summer,Uganda,472.842681495852,30431734.0,0,0,0
2008,Summer,Ukraine,4017.806640625,46258189.0,7,5,15
2008,Summer,United Arab Emirates,50054.1700681803,7089486.0,0,0,0
2008,Summer,Uruguay,9423.96562595893,3340221.0,0,0,0
2008,Summer,Uzbekistan,1074.72928796701,27302800.0,1,2,3
2008,Summer,Vanuatu,2603.60883136724,224700.0,0,0,0
2008,Summer,Venezuela,11262.4514256759,27635827.0,0,0,1
2008,Summer,Vietnam,1163.83195772873,86243424.0,0,1,0
2008,Summer,"Virgin Islands, British",,26096.0,0,0,0
2008,Summer,"Virgin Islands, US",39152.3750657306,108397.0,0,0,0
2008,Summer,Yemen,,,0,0,0
2008,Summer,Zambia,1375.50211006997,12848531.0,0,0,0
2008,Summer,Zimbabwe,340.917447588572,12379553.0,1,3,0
2010,Winter,Albania,4149.14469936847,2913021.0,0,0,0
2010,Winter,Algeria,4912.78585503672,35977451.0,0,0,0
2010,Winter,Andorra,42746.830391567,84454.0,0,0,0
2010,Winter,Argentina,10260.1313108254,40788453.0,0,0,0
2010,Winter,Armenia,3041.34450723339,2877314.0,0,0,0
2010,Winter,Australia,52313.8939041213,22031750.0,2,1,0
2010,Winter,Austria,46611.1393420232,8363404.0,4,6,6
2010,Winter,Azerbaijan,5843.5337683582,9054332.0,0,0,0
2010,Winter,Belarus,6034.67885177216,9490583.0,1,1,1
2010,Winter,Belgium,44197.393671162,10895586.0,0,0,0
2010,Winter,Bermuda,104111.824244802,65124.0,0,0,0
2010,Winter,Bosnia and Herzegovina,4506.47828548389,3705478.0,0,0,0
2010,Winter,Brazil,11403.2840038694,195713637.0,0,0,0
2010,Winter,Bulgaria,6853.94805511171,7395599.0,0,0,0
2010,Winter,Canada,47560.6666009406,34004889.0,14,7,5
2010,Winter,Cayman Islands,76837.6710064442,56672.0,0,0,0
2010,Winter,Chile,12632.8704724192,17062531.0,0,0,0
2010,Winter,China,4629.24551710077,1337705000.0,5,2,4
2010,Winter,Colombia,6398.2958447102,45222699.0,0,0,0
2010,Winter,Croatia,13729.7654965022,4295427.0,0,2,1
2010,Winter,Cyprus,31105.02734375,1112617.0,0,0,0
2010,Winter,Czech Republic,20160.4355077059,10474410.0,2,0,4
2010,Winter,Denmark,58104.5445594981,5547683.0,0,0,0
2010,Winter,Estonia,14663.7041018705,1331475.0,0,1,0
2010,Winter,Ethiopia,330.619412798644,87639962.0,0,0,0
2010,Winter,Finland,46506.2919016566,5363352.0,0,1,4
2010,Winter,France,40694.8211697025,65027505.0,2,3,6
2010,Winter,Georgia,3281.72930937343,3786695.0,0,0,0
2010,Winter,Germany,42396.9665976293,81776930.0,10,13,7
2010,Winter,Ghana,1263.89251760539,24779614.0,0,0,0
2010,Winter,Greece,26653.0488008626,11121341.0,0,0,0
2010,Winter,Hungary,13189.8433874768,10000023.0,0,0,0
2010,Winter,Iceland,43776.4677400475,318041.0,0,0,0
2010,Winter,India,1347.51939071367,1234281163.0,0,0,0
2010,Winter,Iran,6291.19443655454,73762519.0,0,0,0
2010,Winter,Ireland,48623.9666422487,4560155.0,0,0,0
2010,Winter,Israel,31439.0887027614,7623600.0,0,0,0
2010,Winter,Italy,35856.8625485539,59277417.0,1,1,3
2010,Winter,Jamaica,4809.977380312,2810464.0,0,0,0
2010,Winter,Japan,44968.1562349739,128070000.0,0,3,2
2010,Winter,Kazakhstan,8793.07589980782,16321872.0,0,1,0
2010,Winter,Kyrgyzstan,876.954476440354,5447900.0,0,0,0
2010,Winter,Latvia,11188.4191700977,2097555.0,0,2,0
2010,Winter,Lebanon,7625.81051551165,4953064.0,0,0,0
2010,Winter,Liechtenstein,141089.812849014,35996.0,0,0,0
2010,Winter,Lithuania,11829.122609457,3097282.0,0,0,0
2010,Winter,Macedonia,4833.36586759968,2070737.0,0,0,0
2010,Winter,Mexico,9728.80078377082,114092961.0,0,0,0
2010,Winter,Moldova,2436.79935102421,2861487.0,0,0,0
2010,Winter,Monaco,161853.920622244,35609.0,0,0,0
2010,Winter,Mongolia,2625.21881402433,2719902.0,0,0,0
2010,Winter,Montenegro,6678.63930800758,619428.0,0,0,0
2010,Winter,Morocco,3067.9853515625,32343384.0,0,0,0
2010,Winter,Nepal,585.278491984574,27013207.0,0,0,0
2010,Winter,Netherlands,51305.7338533973,16615394.0,4,1,3
2010,Winter,New Zealand,33761.9009639947,4350700.0,0,0,0
2010,Winter,North Korea,,24548840.0,0,0,0
2010,Winter,Norway,88163.2085931423,4889252.0,9,8,6
2010,Winter,Pakistan,987.304571124485,179424643.0,0,0,0
2010,Winter,Peru,5072.11494019615,29027680.0,0,0,0
2010,Winter,Poland,12567.7317676382,38042794.0,1,3,2
2010,Winter,Portugal,22551.935098809,10573100.0,0,0,0
2010,Winter,Romania,8399.5374234284,20246871.0,0,0,0
2010,Winter,Russia,10674.990234375,142849468.0,3,5,7
2010,Winter,San Marino,56543.1898204098,31221.0,0,0,0
2010,Winter,Senegal,1275.88357492357,12678143.0,0,0,0
2010,Winter,Serbia,5970.92660940072,7291436.0,0,0,0
2010,Winter,Slovakia,16899.448680529,5391428.0,1,1,1
2010,Winter,Slovenia,23329.8417691156,2048583.0,0,2,1
2010,Winter,South Africa,7973.47195771517,51216967.0,0,0,0
2010,Winter,South Korea,24071.2620526362,49554112.0,6,6,2
2010,Winter,Spain,30658.7422282912,46576897.0,0,0,0
2010,Winter,Sweden,52542.5759090299,9378126.0,5,2,4
2010,Winter,Switzerland,76531.3729407691,7824909.0,6,0,3
2010,Winter,Taiwan,,,0,0,0
2010,Winter,Tajikistan,737.338883219356,7527397.0,0,0,0
2010,Winter,Turkey,10698.9699409757,72326992.0,0,0,0
2010,Winter,UK,39778.3220528565,62766365.0,1,0,0
2010,Winter,USA,48642.6100179312,309327143.0,9,15,13
2010,Winter,Ukraine,3039.63232421875,45870741.0,0,0,0
2010,Winter,Uzbekistan,1753.20730243278,28562400.0,0,0,0
2012,Summer,Afghanistan,651.417134470046,31161378.0,0,0,1
2012,Summer,Albania,4280.93316338873,2900401.0,0,0,0
2012,Summer,Algeria,6033.64884689543,37383899.0,1,0,0
2012,Summer,American Samoa,11745.4899153958,55669.0,0,0,0
2012,Summer,Andorra,41500.5499988288,82427.0,0,0,0
2012,Summer,Angola,5702.45306277434,25107925.0,0,0,0
2012,Summer,Antigua,15639.8078114787,90407.0,0,0,0
2012,Summer,Argentina,12949.717486654,41733271.0,1,1,2
2012,Summer,Armenia,3511.56399687426,2884239.0,0,1,2
2012,Summer,Aruba,25119.6655449838,102565.0,0,0,0
2012,Summer,Australia,68301.4402512587,22733465.0,7,16,12
2012,Summer,Austria,48250.4059142637,8429991.0,0,0,0
2012,Summer,Azerbaijan,7495.86527658099,9295784.0,2,2,6
2012,Summer,Bahamas,28552.0242683151,363581.0,1,0,0
2012,Summer,Bahrain,46968.5971164922,398997.0,0,0,1
2012,Summer,Bangladesh,859.680536375497,151005733.0,0,0,0
2012,Summer,Barbados,20804.1150004694,283698.0,0,0,0
2012,Summer,Belarus,6953.21591683101,9464495.0,2,5,5
2012,Summer,Belgium,44874.1709182123,11106932.0,0,1,2
2012,Summer,Belize,5732.66519942347,338001.0,0,0,0
2012,Summer,Benin,1071.5258366283,9729254.0,0,0,0
2012,Summer,Bermuda,100213.493385287,64798.0,0,0,0
2012,Summer,Bhutan,2751.2128864294,701582.0,0,0,0
2012,Summer,Boliva,2575.59857098084,10377677.0,0,0,0
2012,Summer,Bosnia and Herzegovina,4693.78899115381,3604972.0,0,0,0
2012,Summer,Botswana,6595.53845015424,2039551.0,0,1,0
2012,Summer,Brazil,12521.7238454434,199287292.0,3,5,9
2012,Summer,Brunei,46968.5971164922,398997.0,0,0,0
2012,Summer,Bulgaria,7431.95789508871,7305888.0,0,1,1
2012,Summer,Burkina Faso,731.470138867833,16571252.0,0,0,0
2012,Summer,Burundi,231.098787811507,9245992.0,0,0,0
2012,Summer,Cambodia,1192.80263041673,14780454.0,0,0,0
2012,Summer,Cameroon,1449.09874362279,21485267.0,0,0,0
2012,Summer,Canada,52670.3447335415,34714222.0,1,5,12
2012,Summer,Cape Verde,,,0,0,0
2012,Summer,Cayman Islands,75101.5906883232,58963.0,0,0,0
2012,Summer,Central African Republic,544.395849142785,4436411.0,0,0,0
2012,Summer,Chad,1354.34344701937,12784748.0,0,0,0
2012,Summer,Chile,15241.9069981119,17400359.0,0,0,0
2012,Summer,China,6405.0574241349,1350695000.0,38,27,24
2012,Summer,Colombia,8108.59838244229,46075721.0,1,3,4
2012,Summer,Comoros,1490.31511351281,723865.0,0,0,0
2012,Summer,Cook Islands,,,0,0,0
2012,Summer,Costa Rica,10126.9991024177,4688003.0,0,0,0
2012,Summer,Croatia,13507.7805260991,4267558.0,3,1,2
2012,Summer,Cuba,6470.83673392653,11257112.0,5,3,6
2012,Summer,Cyprus,28991.935546875,1135046.0,0,1,0
2012,Summer,Czech Republic,20014.0354015165,10510785.0,4,3,3
2012,Summer,Democratic Republic of the Congo,409.931424783784,69020749.0,0,0,0
2012,Summer,Denmark,58443.7747103968,5591572.0,2,4,3
2012,Summer,Djibouti,1400.19357858954,868136.0,0,0,0
2012,Summer,Dominica,7528.51001990155,70954.0,0,0,0
2012,Summer,Dominican Republic,6013.81965002603,9930916.0,1,1,0
2012,Summer,Ecuador,5634.08393191094,15474099.0,0,0,0
2012,Summer,Egypt,2996.0677072015,86422240.0,0,2,0
2012,Summer,El Salvador,3497.91256915509,6237922.0,0,0,0
2012,Summer,Equatorial Guinea,17308.5723924575,1031191.0,0,0,0
2012,Summer,Eritrea,,,0,0,0
2012,Summer,Estonia,17568.2137969714,1322696.0,0,1,1
2012,Summer,Ethiopia,452.101031885754,92726982.0,3,1,3
2012,Summer,Fiji,4341.40338748749,865065.0,0,0,0
2012,Summer,Finland,47551.6740841369,5413971.0,0,1,2
2012,Summer,France,40863.5814412333,65659814.0,11,11,13
2012,Summer,Gabon,9296.96587941088,1749677.0,0,1,0
2012,Summer,Gambia,692.579361628102,1905020.0,0,0,0
2012,Summer,Georgia,4530.69533409431,3728874.0,1,3,3
2012,Summer,Germany,44718.0159214069,80425823.0,11,19,14
2012,Summer,Ghana,1543.77524235764,25996454.0,0,0,0
2012,Summer,Greece,21624.346052551,11045011.0,0,0,2
2012,Summer,Grenada,7092.71985352677,107452.0,1,0,0
2012,Summer,Guam,31653.7506538168,159990.0,0,0,0
2012,Summer,Guatemala,3286.61959336267,14781942.0,0,1,0
2012,Summer,Guinea,699.353377212197,10652032.0,0,0,0
2012,Summer,Guinea-Bissau,635.461653303881,1604981.0,0,0,0
2012,Summer,Guyana,5444.39751913913,755388.0,0,0,0
2012,Summer,Haiti,1361.39396587374,10250922.0,0,0,0
2012,Summer,Honduras,2126.03474686503,8640692.0,0,0,0
2012,Summer,Hungary,12950.1594488143,9920362.0,8,4,6
2012,Summer,Iceland,46594.9869146614,320716.0,0,0,0
2012,Summer,India,1429.32199520032,1265780243.0,0,2,4
2012,Summer,Individual Olympic Athletes,,,0,0,0
2012,Summer,Indonesia,3632.27254030331,248451714.0,0,1,1
2012,Summer,Iran,8114.08099831877,75539881.0,4,5,3
2012,Summer,Iraq,6477.59618450955,31890012.0,0,0,0
2012,Summer,Ireland,49335.8408099555,4599533.0,1,1,3
2012,Summer,Israel,33321.4300881602,7910500.0,0,0,0
2012,Summer,Italy,34854.3949441965,59539717.0,8,9,11
2012,Summer,Ivory Coast,1546.9460184731,21547188.0,0,0,0
2012,Summer,Jamaica,5340.83333232158,2842128.0,4,4,4
2012,Summer,Japan,49145.2804308193,127629000.0,7,14,17
2012,Summer,Jordan,4169.50470054618,8089963.0,0,0,0
2012,Summer,Kazakhstan,12018.7966527993,16792090.0,7,1,5
2012,Summer,Kenya,1285.00536171512,44343469.0,2,4,5
2012,Summer,Kiribati,1843.55336349889,106359.0,0,0,0
2012,Summer,Kuwait,52155.2225833921,3348852.0,0,0,1
2012,Summer,Kyrgyzstan,1168.62244675446,5607200.0,0,0,0
2012,Summer,Laos,1563.5650771337,6444527.0,0,0,0
2012,Summer,Latvia,13329.3499931271,2034319.0,1,0,1
2012,Summer,Lebanon,8406.98405608118,5537620.0,0,0,0
2012,Summer,Lesotho,1217.93071228944,2014988.0,0,0,0
2012,Summer,Liberia,638.368751462083,4135662.0,0,0,0
2012,Summer,Libya,14975.8902795144,6285751.0,0,0,0
2012,Summer,Liechtenstein,148842.035144342,36615.0,0,0,0
2012,Summer,Lithuania,14288.1853493139,2987773.0,2,1,2
2012,Summer,Luxembourg,112584.676270958,530946.0,0,0,0
2012,Summer,Macedonia,5049.8265386157,2074275.0,0,0,0
2012,Summer,Madagascar,493.511162904211,22346641.0,0,0,0
2012,Summer,Malawi,558.46208832772,15396010.0,0,0,0
2012,Summer,Malaysia,10600.5744240026,29068189.0,0,1,1
2012,Summer,Maldives,7461.29703686309,397231.0,0,0,0
2012,Summer,Mali,872.506092465564,15979492.0,0,0,0
2012,Summer,Malta,22878.3130866521,420028.0,0,0,0
2012,Summer,Marshall Islands,3514.26515490383,56712.0,0,0,0
2012,Summer,Mauritania,1859.11733247641,3706555.0,0,0,0
2012,Summer,Mauritius,9421.52514098225,1255882.0,0,0,0
2012,Summer,Mexico,10744.1335242686,117274156.0,1,3,3
2012,Summer,Micronesia,,,0,0,0
2012,Summer,Moldova,3044.8084324815,2859458.0,0,0,2
2012,Summer,Monaco,165444.651378771,36459.0,0,0,0
2012,Summer,Mongolia,4328.89001905655,2824698.0,0,2,3
2012,Summer,Montenegro,6552.48071710904,620601.0,0,1,0
2012,Summer,Morocco,3164.17724609375,33241898.0,0,0,1
2012,Summer,Mozambique,685.685748199513,24862673.0,0,0,0
2012,Summer,Myanmar,1202.6658960055,51413703.0,0,0,0
2012,Summer,Namibia,5942.64680978673,2194777.0,0,0,0
2012,Summer,Nauru,9842.77032731856,10136.0,0,0,0
2012,Summer,Nepal,788.202937148377,26989160.0,0,0,0
2012,Summer,Netherlands,50473.9442002689,16754962.0,6,6,8
2012,Summer,New Zealand,40053.6991536369,4408100.0,6,2,5
2012,Summer,Nicaragua,1784.69836017555,5982530.0,0,0,0
2012,Summer,Niger,528.510104469655,17795209.0,0,0,0
2012,Summer,Nigeria,2633.19734671361,167228803.0,0,0,0
2012,Summer,North Korea,,24800638.0,4,0,2
2012,Summer,Norway,102175.919298374,5018573.0,2,1,1
2012,Summer,Oman,24642.2978768596,3498031.0,0,0,0
2012,Summer,Pakistan,1204.36475491585,187280125.0,0,0,0
2012,Summer,Palau,12137.1732239921,17635.0,0,0,0
2012,Summer,Palestine,,,0,0,0
2012,Summer,Panama,11064.8063662003,3770635.0,0,0,0
2012,Summer,Papua New Guinea,2635.0873631547,7631003.0,0,0,0
2012,Summer,Paraguay,5642.16991672846,6421510.0,0,0,0
2012,Summer,Peru,6519.37852981527,29506790.0,0,0,0
2012,Summer,Philippines,2614.61644401308,97212639.0,0,0,0
2012,Summer,Poland,13087.420943321,38063164.0,2,2,6
2012,Summer,Portugal,20593.4274224109,10514844.0,0,1,0
2012,Summer,Puerto Rico,27742.024476618,3634488.0,0,1,1
2012,Summer,Qatar,108470.387023229,2196078.0,0,0,2
2012,Summer,Republic of Congo,3732.32737320389,4510197.0,0,0,0
2012,Summer,Romania,8929.95366231474,20058035.0,2,5,2
2012,Summer,Russia,15401.8515625,143201721.0,24,26,32
2012,Summer,Rwanda,706.817269168561,10549668.0,0,0,0
2012,Summer,Saint Kitts,17532.0559008608,49881.0,0,0,0
2012,Summer,Saint Lucia,,,0,0,0
2012,Summer,Saint Vincent,,,0,0,0
2012,Summer,Samoa,3934.60320799981,189089.0,0,0,0
2012,Summer,San Marino,47945.8991734281,32103.0,0,0,0
2012,Summer,Sao Tome and Principe,1192.0202911189,188394.0,0,0,0
2012,Summer,Saudi Arabia,28733.4375513452,29154906.0,0,0,1
2012,Summer,Senegal,1326.83798848379,13401990.0,0,0,0
2012,Summer,Serbia,6263.04086072815,7199077.0,1,1,2
2012,Summer,Seychelles,12337.1554669388,88303.0,0,0,0
2012,Summer,Sierra Leone,937.504428180231,6712586.0,0,0,0
2012,Summer,Slovakia,17516.9691054078,5407579.0,0,1,3
2012,Summer,Slovenia,22442.1417859955,2057159.0,1,1,2
2012,Summer,Solomon Islands,2066.25738638356,556066.0,0,0,0
2012,Summer,Somalia,,12715487.0,0,0,0
2012,Summer,South Africa,8076.97678479741,52832659.0,3,2,1
2012,Summer,South Korea,26600.5477433903,50199853.0,13,8,7
2012,Summer,Spain,28456.4438151477,46773055.0,3,10,4
2012,Summer,Sri Lanka,3327.77613691283,20425000.0,0,0,0
2012,Summer,Sudan,1019.22210693359,36193781.0,0,0,0
2012,Summer,Suriname,8851.24050668908,541247.0,0,0,0
2012,Summer,Swaziland,,,0,0,0
2012,Summer,Sweden,57749.5615420853,9519374.0,1,4,3
2012,Summer,Switzerland,85836.2076767359,7996861.0,2,2,0
2012,Summer,Syria,1897.66115018696,20438861.0,0,0,0
2012,Summer,Taiwan,,,0,1,1
2012,Summer,Tajikistan,952.452819695469,7874838.0,0,0,1
2012,Summer,Tanzania,861.969909667969,47053033.0,0,0,0
2012,Summer,Thailand,5725.52802835463,67835969.0,0,2,1
2012,Summer,Timor-Leste,1022.61906675901,1133002.0,0,0,0
2012,Summer,Togo,762.39162379069,6773807.0,0,0,0
2012,Summer,Tonga,4384.17058724217,102736.0,0,0,0
2012,Summer,Trinidad,20332.1389531925,1344814.0,1,1,2
2012,Summer,Tunisia,4297.26782454273,10846993.0,1,1,1
2012,Summer,Turkey,11776.7593362033,74651046.0,2,2,1
2012,Summer,Turkmenistan,6053.8748468749,5267906.0,0,0,0
2012,Summer,UK,42688.3263728372,63700215.0,29,17,19
2012,Summer,USA,51708.4011556577,313877662.0,46,28,29
2012,Summer,Uganda,795.222867553127,34558700.0,1,0,0
2012,Summer,Ukraine,3951.34228515625,45593342.0,6,5,9
2012,Summer,United Arab Emirates,53141.6124340099,9141598.0,0,0,0
2012,Summer,Uruguay,16259.5940814256,3378975.0,0,0,0
2012,Summer,Uzbekistan,2307.34649117185,29774500.0,1,0,2
2012,Summer,Vanuatu,3004.78416664293,249505.0,0,0,0
2012,Summer,Venezuela,12607.2361246243,29360827.0,1,0,0
2012,Summer,Vietnam,2185.11767654291,89801926.0,0,0,0
2012,Summer,"Virgin Islands, British",,28654.0,0,0,0
2012,Summer,"Virgin Islands, US",37795.3192590675,108188.0,0,0,0
2012,Summer,Yemen,,,0,0,0
2012,Summer,Zambia,1710.05061343728,14465148.0,0,0,0
2012,Summer,Zimbabwe,1239.22709745709,13115149.0,0,0,0
2014,Winter,Albania,4793.59751131525,2889104.0,0,0,0
2014,Winter,Andorra,44369.6712976777,79213.0,0,0,0
2014,Winter,Argentina,12233.1444119186,42669500.0,0,0,0
2014,Winter,Armenia,3852.11800610384,2912403.0,0,0,0
2014,Winter,Australia,62817.2061751737,23475686.0,0,2,1
2014,Winter,Austria,51314.9722616322,8546356.0,4,8,5
2014,Winter,Azerbaijan,7890.84028062087,9535079.0,0,0,0
2014,Winter,Belarus,8341.31809294883,9474511.0,5,0,1
2014,Winter,Belgium,47995.7786961339,11209057.0,0,0,0
2014,Winter,Bermuda,100961.576602811,65138.0,0,0,0
2014,Winter,Bosnia and Herzegovina,5206.06573475132,3482106.0,0,0,0
2014,Winter,Brazil,12274.9941630213,202763744.0,0,0,0
2014,Winter,Bulgaria,8069.60005667684,7223938.0,0,0,0
2014,Winter,Canada,50960.8431174661,35437435.0,10,10,5
2014,Winter,Cayman Islands,75845.3055572577,60848.0,0,0,0
2014,Winter,Chile,14529.6767206336,17758969.0,0,0,0
2014,Winter,China,7781.06597484974,1364270000.0,3,4,2
2014,Winter,Croatia,14186.7295493276,4238389.0,0,1,0
2014,Winter,Cyprus,26993.103515625,1152297.0,0,0,0
2014,Winter,Czech Republic,20038.4163180257,10525347.0,2,4,2
2014,Winter,Denmark,62520.4509747011,5643475.0,0,0,0
2014,Winter,Dominica,8131.74876096735,71091.0,0,0,0
2014,Winter,Estonia,20581.7898991695,1314545.0,0,0,0
2014,Winter,Finland,50073.7760815871,5461512.0,1,3,1
2014,Winter,France,43148.0459288416,66312067.0,4,4,7
2014,Winter,Georgia,4830.33486170249,3719414.0,0,0,0
2014,Winter,Germany,48959.5991203133,80982500.0,8,6,5
2014,Winter,Greece,21474.7257123892,10892413.0,0,0,0
2014,Winter,Hungary,14352.501883174,9866468.0,0,0,0
2014,Winter,Iceland,55140.364935793,327386.0,0,0,0
2014,Winter,India,1553.88396075118,1295600768.0,0,0,0
2014,Winter,Individual Olympic Athletes,,,0,0,0
2014,Winter,Iran,5672.06372896319,77465769.0,0,0,0
2014,Winter,Ireland,57214.5379785709,4657740.0,0,0,0
2014,Winter,Israel,38343.3046626235,8215700.0,0,0,0
2014,Winter,Italy,36028.3494022349,60789140.0,0,2,6
2014,Winter,Jamaica,4975.11325459872,2875137.0,0,0,0
2014,Winter,Japan,38475.3952461838,127276000.0,1,4,3
2014,Winter,Kazakhstan,12427.7094576939,17288285.0,0,0,1
2014,Winter,Kyrgyzstan,1264.52668823891,5835500.0,0,0,0
2014,Winter,Latvia,15185.814581236,1993782.0,0,2,2
2014,Winter,Lebanon,7577.6413302369,6261046.0,0,0,0
2014,Winter,Liechtenstein,178735.153020908,37219.0,0,0,0
2014,Winter,Lithuania,16446.1647181663,2932367.0,0,0,0
2014,Winter,Luxembourg,123678.702143275,556319.0,0,0,0
2014,Winter,Macedonia,5925.38592218015,2077780.0,0,0,0
2014,Winter,Malta,27424.5765646694,434558.0,0,0,0
2014,Winter,Mexico,11391.3773497683,120355137.0,0,0,0
2014,Winter,Moldova,3289.95758568777,2856950.0,0,0,0
2014,Winter,Monaco,195693.570738894,37320.0,0,0,0
2014,Winter,Mongolia,4126.23975800524,2940111.0,0,0,0
2014,Winter,Montenegro,7342.17339453427,621810.0,0,0,0
2014,Winter,Morocco,3435.40698242188,34192358.0,0,0,0
2014,Winter,Nepal,821.455224911731,26905982.0,0,0,0
2014,Winter,Netherlands,53457.2234864322,16865008.0,8,7,9
2014,Winter,New Zealand,44618.266973847,4516500.0,0,0,0
2014,Winter,Norway,97666.6951838749,5137232.0,11,5,10
2014,Winter,Pakistan,1266.61340849959,195305012.0,0,0,0
2014,Winter,Paraguay,6652.25478942461,6599524.0,0,0,0
2014,Winter,Peru,6667.13410360861,30090372.0,0,0,0
2014,Winter,Philippines,2866.83803761407,100513137.0,0,0,0
2014,Winter,Poland,14262.2841914116,38011735.0,4,1,1
2014,Winter,Portugal,22120.6850127107,10401062.0,0,0,0
2014,Winter,Romania,10031.7710755404,19908979.0,0,0,0
2014,Winter,Russia,14055.47265625,143819667.0,13,11,9
2014,Winter,San Marino,51260.4938347125,32941.0,0,0,0
2014,Winter,Serbia,6886.67809068704,7130576.0,0,0,0
2014,Winter,Slovakia,18770.9289896545,5418649.0,1,0,0
2014,Winter,Slovenia,24013.0682060959,2061980.0,2,2,4
2014,Winter,South Korea,30667.0912467447,50746659.0,3,3,2
2014,Winter,Spain,29707.765509467,46480882.0,0,0,0
2014,Winter,Sweden,59583.4584491714,9696110.0,2,7,6
2014,Winter,Switzerland,88724.9909402638,8188649.0,6,3,2
2014,Winter,Taiwan,,,0,0,0
2014,Winter,Tajikistan,1081.54402932039,8252828.0,0,0,0
2014,Winter,Thailand,5801.1978916205,68438748.0,0,0,0
2014,Winter,Timor-Leste,1224.74956308733,1174333.0,0,0,0
2014,Winter,Togo,855.584809246574,7137997.0,0,0,0
2014,Winter,Tonga,4136.59013792529,101023.0,0,0,0
2014,Winter,Turkey,12209.3862327674,77229262.0,0,0,0
2014,Winter,UK,47746.2421759562,64602298.0,1,1,2
2014,Winter,USA,54973.4207515712,318386329.0,9,7,12
2014,Winter,Ukraine,3054.908203125,45272155.0,1,0,1
2014,Winter,Uzbekistan,2674.9628382103,30757700.0,0,0,0
2014,Winter,Venezuela,7096.22047105512,30042973.0,0,0,0
2014,Winter,"Virgin Islands, British",,28985.0,0,0,0
2014,Winter,"Virgin Islands, US",33045.3643795999,107882.0,0,0,0
2014,Winter,Zimbabwe,1372.91526173161,13586710.0,0,0,0
2016,Summer,Afghanistan,522.082215583898,35383028.0,0,0,0
2016,Summer,Albania,4457.63412207495,2876101.0,0,0,0
2016,Summer,Algeria,4424.98529027556,40551398.0,0,2,0
2016,Summer,American Samoa,12843.3342903627,55739.0,0,0,0
2016,Summer,Andorra,40129.8385811474,77295.0,0,0,0
2016,Summer,Angola,2051.81462126253,28842482.0,0,0,0
2016,Summer,Antigua,16556.8551801588,94520.0,0,0,0
2016,Summer,Argentina,12699.9623137756,43590368.0,3,1,0
2016,Summer,Armenia,3524.42476874707,2936147.0,1,3,0
2016,Summer,Aruba,27441.5502144601,104865.0,0,0,0
2016,Summer,Australia,50084.4440606385,24190907.0,8,11,10
2016,Summer,Austria,45061.4993920192,8736668.0,0,0,1
2016,Summer,Azerbaijan,3880.6852276838,9757812.0,1,7,10
2016,Summer,Bahamas,30616.5363157284,377923.0,1,0,1
2016,Summer,Bahrain,26663.2972950602,419791.0,1,1,0
2016,Summer,Bangladesh,1649.28380858601,157977151.0,0,0,0
2016,Summer,Barbados,20295.5672072046,285798.0,0,0,0
2016,Summer,Belarus,5039.77560949445,9501534.0,1,4,4
2016,Summer,Belgium,41854.5498296444,11331422.0,2,2,2
2016,Summer,Belize,6140.86713919469,368399.0,0,0,0
2016,Summer,Benin,1010.5338961993,10872072.0,0,0,0
2016,Summer,Bermuda,108747.356144305,64554.0,0,0,0
2016,Summer,Bhutan,3152.30905106786,736706.0,0,0,0
2016,Summer,Boliva,3035.87347732132,11031822.0,0,0,0
2016,Summer,Bosnia and Herzegovina,4928.5665903114,3386263.0,0,0,0
2016,Summer,Botswana,6749.05994339013,2159925.0,0,0,0
2016,Summer,Brazil,8836.28546025694,206163056.0,7,6,6
2016,Summer,Brunei,26663.2972950602,419791.0,0,0,0
2016,Summer,Bulgaria,7822.49923292968,7127822.0,0,1,2
2016,Summer,Burkina Faso,663.742364842886,18646350.0,0,0,0
2016,Summer,Burundi,232.937812100153,10488002.0,0,1,0
2016,Summer,Cambodia,1675.19555711109,15766290.0,0,0,0
2016,Summer,Cameroon,1441.7201725688,23926549.0,0,0,0
2016,Summer,Canada,42314.0615817218,36109487.0,4,3,15
2016,Summer,Cape Verde,,,0,0,0
2016,Summer,Cayman Islands,77802.2535658023,62564.0,0,0,0
2016,Summer,Central African Republic,387.176203444318,4537683.0,0,0,0
2016,Summer,Chad,861.831767630746,14561658.0,0,0,0
2016,Summer,Chile,13649.8520452803,18209072.0,0,0,0
2016,Summer,China,8254.86859320357,1378665000.0,26,18,26
2016,Summer,Colombia,5959.84250367574,48175048.0,3,2,3
2016,Summer,Comoros,1365.48403444497,795597.0,0,0,0
2016,Summer,Cook Islands,,,0,0,0
2016,Summer,Costa Rica,12091.0301606154,4899336.0,0,0,0
2016,Summer,Croatia,12820.1653893008,4174349.0,5,3,2
2016,Summer,Cuba,8110.55874283616,11335108.0,5,2,4
2016,Summer,Cyprus,24280.056640625,1170189.0,0,0,0
2016,Summer,Czech Republic,18753.9686718096,10566332.0,1,2,7
2016,Summer,Democratic Republic of the Congo,459.765036590388,78789130.0,0,0,0
2016,Summer,Denmark,54500.9260410217,5728010.0,2,6,7
2016,Summer,Djibouti,2510.4300076241,929117.0,0,0,0
2016,Summer,Dominica,8802.56172041363,71307.0,0,0,0
2016,Summer,Dominican Republic,7160.44200982307,10397738.0,0,0,1
2016,Summer,Ecuador,5917.63771271481,16491116.0,0,0,0
2016,Summer,Egypt,3270.6287768197,94447071.0,0,0,3
2016,Summer,El Salvador,3901.34014965811,6356137.0,0,0,0
2016,Summer,Equatorial Guinea,7453.19797948517,1215181.0,0,0,0
2016,Summer,Eritrea,,,0,0,0
2016,Summer,Estonia,18666.3736521706,1315790.0,0,0,1
2016,Summer,Ethiopia,641.651523286233,103603461.0,1,2,5
2016,Summer,Fiji,5363.79026679243,872406.0,1,0,0
2016,Summer,Finland,43451.2562442158,5495303.0,0,0,1
2016,Summer,France,37024.2157133669,66724104.0,10,18,14
2016,Summer,Gabon,6677.07003901644,2007882.0,0,0,0
2016,Summer,Gambia,650.056501323611,2149134.0,0,0,0
2016,Summer,Georgia,4143.40125686315,3727505.0,2,1,4
2016,Summer,Germany,42948.9381932694,82348669.0,17,10,15
2016,Summer,Ghana,1912.47991339951,28481947.0,0,0,0
2016,Summer,Greece,17919.2426377048,10775971.0,3,1,2
2016,Summer,Grenada,9221.23461079424,110263.0,0,1,0
2016,Summer,Guam,35930.6594898711,162948.0,0,0,0
2016,Summer,Guatemala,4060.13784737643,15827690.0,0,0,0
2016,Summer,Guinea,711.996509782316,11738434.0,0,0,0
2016,Summer,Guinea-Bissau,679.665386626818,1782434.0,0,0,0
2016,Summer,Guyana,5870.87823759835,771363.0,0,0,0
2016,Summer,Haiti,1318.40268167953,10839976.0,0,0,0
2016,Summer,Honduras,2307.34468351082,9270794.0,0,0,0
2016,Summer,Hungary,13215.8605277789,9814023.0,8,3,4
2016,Summer,Iceland,62854.0906407932,335439.0,0,0,0
2016,Summer,India,1707.50892912243,1324517250.0,0,1,1
2016,Summer,Individual Olympic Athletes,,,1,0,1
2016,Summer,Indonesia,3521.46943457574,261556386.0,1,2,0
2016,Summer,Iran,5710.59947089104,79563991.0,3,1,4
2016,Summer,Iraq,4334.42096404188,36610632.0,0,0,0
2016,Summer,Ireland,64129.5571542383,4755335.0,0,2,0
2016,Summer,Israel,37671.5389138798,8546000.0,0,0,2
2016,Summer,Italy,31391.5692898108,60627498.0,8,12,8
2016,Summer,Ivory Coast,1862.59597081287,23822726.0,1,0,1
2016,Summer,Jamaica,5302.29553353854,2906242.0,6,3,2
2016,Summer,Japan,39375.4731620781,126994511.0,12,8,21
2016,Summer,Jordan,3986.71677010853,9554286.0,1,0,0
2016,Summer,Kazakhstan,7475.56688689424,17794055.0,3,5,10
2016,Summer,Kenya,1554.12610314423,49051531.0,6,6,1
2016,Summer,Kiribati,1742.66799324117,112529.0,0,0,0
2016,Summer,Kosovo,3759.44959067104,1777557.0,1,0,0
2016,Summer,Kyrgyzstan,1103.27489428412,6079500.0,0,0,0
2016,Summer,Laos,2303.22156035363,6845848.0,0,0,0
2016,Summer,Latvia,13838.5266823272,1959537.0,0,0,0
2016,Summer,Lebanon,8089.012088155,6714281.0,0,0,0
2016,Summer,Lesotho,992.491840678465,2075041.0,0,0,0
2016,Summer,Liberia,714.613063145659,4586788.0,0,0,0
2016,Summer,Libya,7525.80299308216,6492160.0,0,0,0
2016,Summer,Liechtenstein,165375.491396259,37655.0,0,0,0
2016,Summer,Lithuania,14934.2702840428,2868231.0,0,1,3
2016,Summer,Luxembourg,106899.293549552,582014.0,0,0,0
2016,Summer,Macedonia,5598.48622617967,2080746.0,0,0,0
2016,Summer,Madagascar,453.970714522463,24894370.0,0,0,0
2016,Summer,Malawi,450.506105510719,17205253.0,0,0,0
2016,Summer,Malaysia,9476.53409809923,30684652.0,0,4,1
2016,Summer,Maldives,9947.80744731739,475505.0,0,0,0
2016,Summer,Mali,872.468587171653,17965448.0,0,0,0
2016,Summer,Malta,26459.0770929988,455356.0,0,0,0
2016,Summer,Marshall Islands,4229.80988911945,57723.0,0,0,0
2016,Summer,Mauritania,1565.76575722696,4163532.0,0,0,0
2016,Summer,Mauritius,10095.1225574156,1263473.0,0,0,0
2016,Summer,Mexico,9097.92397674769,123333379.0,0,3,2
2016,Summer,Micronesia,,,0,0,0
2016,Summer,Moldova,2847.08794770479,2802170.0,0,0,0
2016,Summer,Monaco,173604.753555915,38070.0,0,0,0
2016,Summer,Mongolia,3619.90026383792,3056358.0,0,1,1
2016,Summer,Montenegro,6968.01539365317,622303.0,0,0,0
2016,Summer,Morocco,3140.85546875,35126274.0,0,0,1
2016,Summer,Mozambique,441.489734819071,27829930.0,0,0,0
2016,Summer,Myanmar,1229.19713491328,53045199.0,0,0,0
2016,Summer,Namibia,4395.68776162376,2358044.0,0,0,0
2016,Summer,Nauru,8748.15632605428,10474.0,0,0,0
2016,Summer,Nepal,877.256454696737,27263430.0,0,0,0
2016,Summer,Netherlands,46808.5291492503,17030314.0,8,7,4
2016,Summer,New Zealand,40113.7195382428,4714100.0,4,9,5
2016,Summer,Nicaragua,2131.68704828322,6303970.0,0,0,0
2016,Summer,Niger,502.706475406446,20788789.0,0,1,0
2016,Summer,Nigeria,2070.4127339595,185960244.0,0,0,1
2016,Summer,North Korea,,25307665.0,2,3,2
2016,Summer,Norway,70867.3609970749,5234519.0,0,0,4
2016,Summer,Oman,17110.1897460545,4479217.0,0,0,0
2016,Summer,Pakistan,1424.69161195897,203631356.0,0,0,0
2016,Summer,Palau,17150.4759377239,17718.0,0,0,0
2016,Summer,Palestine,,,0,0,0
2016,Summer,Panama,14832.3611652459,4037073.0,0,0,0
2016,Summer,Papua New Guinea,2316.39479758492,8271766.0,0,0,0
2016,Summer,Paraguay,5775.15963399596,6777878.0,0,0,0
2016,Summer,Peru,6217.03599995447,30926036.0,0,0,0
2016,Summer,Philippines,2985.19564024046,103663812.0,0,1,0
2016,Summer,Poland,12464.0110508476,37970087.0,2,3,6
2016,Summer,Portugal,19980.2808866516,10325452.0,0,0,1
2016,Summer,Puerto Rico,29978.0889268918,3406672.0,1,0,0
2016,Summer,Qatar,61253.6217997091,2654379.0,0,1,0
2016,Summer,Republic of Congo,2093.10728558843,4980996.0,0,0,0
2016,Summer,Romania,9404.54005870715,19702267.0,1,1,2
2016,Summer,Russia,8663.158203125,144342397.0,19,17,20
2016,Summer,Rwanda,729.519133812945,11668829.0,0,0,0
2016,Summer,Saint Kitts,21387.5415511103,51629.0,0,0,0
2016,Summer,Saint Lucia,,,0,0,0
2016,Summer,Saint Vincent,,,0,0,0
2016,Summer,Samoa,4147.07097674888,194540.0,0,0,0
2016,Summer,San Marino,44359.4797662688,33503.0,0,0,0
2016,Summer,Sao Tome and Principe,1434.87018050521,203221.0,0,0,0
2016,Summer,Saudi Arabia,22267.7217050387,32443443.0,0,0,0
2016,Summer,Senegal,1266.43957151587,14993514.0,0,0,0
2016,Summer,Serbia,5982.37030126471,7058322.0,2,4,2
2016,Summer,Seychelles,16566.9946042294,94677.0,0,0,0
2016,Summer,Sierra Leone,844.416411175476,7328846.0,0,0,0
2016,Summer,Slovakia,16636.0769133073,5430798.0,2,2,0
2016,Summer,Slovenia,21447.8377796036,2065042.0,1,2,1
2016,Summer,Solomon Islands,2082.62383124213,619438.0,0,0,0
2016,Summer,Somalia,,14185635.0,0,0,0
2016,Summer,South Africa,5651.20585165749,56207649.0,2,6,2
2016,Summer,South Korea,30832.0628072516,51217803.0,9,3,9
2016,Summer,South Sudan,,10832520.0,0,0,0
2016,Summer,Spain,26755.6061149398,46484062.0,7,4,6
2016,Summer,Sri Lanka,4149.19190775593,21203000.0,0,0,0
2016,Summer,Sudan,1033.21594238281,39847433.0,0,0,0
2016,Summer,Suriname,5644.2061057532,564883.0,0,0,0
2016,Summer,Swaziland,,,0,0,0
2016,Summer,Sweden,51703.5088332851,9923085.0,2,6,3
2016,Summer,Switzerland,82153.0745447889,8373338.0,3,2,2
2016,Summer,Syria,656.3490586313,17465567.0,0,0,0
2016,Summer,Taiwan,,,1,0,2
2016,Summer,Tajikistan,788.710481734485,8663575.0,1,0,0
2016,Summer,Tanzania,953.0107421875,53049231.0,0,0,0
2016,Summer,Thailand,5833.57715617098,68971313.0,2,2,2
2016,Summer,Timor-Leste,1335.54391073349,1219289.0,0,0,0
2016,Summer,Togo,772.581357620609,7509952.0,0,0,0
2016,Summer,Tonga,3987.98626206287,101143.0,0,0,0
2016,Summer,Trinidad,17449.1538801956,1377563.0,0,0,1
2016,Summer,Tunisia,3847.80354448809,11303942.0,0,0,3
2016,Summer,Turkey,10984.3643169061,79827868.0,1,3,4
2016,Summer,Turkmenistan,5686.98040962764,5662371.0,0,0,0
2016,Summer,UK,41257.9085545556,65611593.0,27,23,17
2016,Summer,USA,57638.1018367192,323071755.0,46,37,38
2016,Summer,Uganda,752.696571725656,39649173.0,0,0,0
2016,Summer,Ukraine,2158.46118164063,45004673.0,2,5,4
2016,Summer,United Arab Emirates,42721.0999383185,9360975.0,0,0,1
2016,Summer,Uruguay,17009.7584207276,3424139.0,0,0,0
2016,Summer,Uzbekistan,2753.37951427589,31847900.0,4,2,7
2016,Summer,Vanuatu,2956.12644801489,278326.0,0,0,0
2016,Summer,Venezuela,3670.15737848208,29851249.0,0,1,2
2016,Summer,Vietnam,2735.0604380416,93640435.0,1,1,0
2016,Summer,"Virgin Islands, British",,29355.0,0,0,0
2016,Summer,"Virgin Islands, US",35324.9748874586,107516.0,0,0,0
2016,Summer,Yemen,,,0,0,0
2016,Summer,Zambia,1239.08527877713,16363449.0,0,0,0
2016,Summer,Zimbabwe,1408.13945253431,14030338.0,0,0,0
