year,season,country,noc,conflict_name,conflict_start,conflict_end,conflict_reason,conflict_result,medal_count,participated
1992,Summer,China,CHN,,,,,,53,True
2012,Summer,China,CHN,,,,,,89,True
1920,Summer,Denmark,DEN,,,,,,13,True
1900,Summer,Denmark,DEN,,,,,,7,True
1932,Summer,Netherlands,NED,,,,,,8,True
1952,Summer,Finland,FIN,,,,,,22,True
2000,Summer,Finland,FIN,,,,,,4,True
1996,Summer,Finland,FIN,,,,,,4,True
1912,Summer,Finland,FIN,,,,,,26,True
1920,Summer,Finland,FIN,,,,,,34,True
1924,Summer,Finland,FIN,,,,,,37,True
1948,Summer,Finland,FIN,,,,,,22,True
2008,Summer,Norway,NOR,,,,,,9,True
2016,Summer,Romania,ROU,,,,,,4,True
2000,Summer,Norway,NOR,,,,,,10,True
2004,Summer,Norway,NOR,,,,,,6,True
1920,Summer,Norway,NOR,,,,,,29,True
1984,Summer,Netherlands,NED,,,,,,13,True
1968,Summer,Norway,NOR,,,,,,2,True
1972,Summer,Norway,NOR,,,,,,4,True
1988,Summer,Netherlands,NED,,,,,,9,True
1996,Summer,Netherlands,NED,,,,,,19,True
2000,Summer,Netherlands,NED,,,,,,25,True
1936,Summer,Estonia,EST,,,,,,7,True
1912,Summer,Norway,NOR,,,,,,10,True
1992,Summer,Finland,FIN,,,,,,5,True
2012,Summer,France,FRA,,,,,,35,True
1996,Summer,Norway,NOR,,,,,,7,True
1992,Summer,Norway,NOR,,,,,,7,True
1936,Summer,Norway,NOR,,,,,,6,True
1948,Summer,Norway,NOR,,,,,,7,True
1952,Summer,Norway,NOR,,,,,,5,True
1956,Summer,Norway,NOR,,,,,,3,True
1960,Summer,Norway,NOR,,,,,,1,True
1924,Summer,Norway,NOR,,,,,,10,True
1928,Summer,Norway,NOR,,,,,,4,True
2012,Summer,Morocco,MAR,,,,,,1,True
2004,Summer,Estonia,EST,,,,,,3,True
2008,Summer,Estonia,EST,,,,,,2,True
1992,Summer,Estonia,EST,,,,,,2,True
1996,Summer,Estonia,EST,,,,,,0,True
2016,Summer,Spain,ESP,,,,,,17,True
1976,Summer,France,FRA,,,,,,9,True
2000,Summer,Egypt,EGY,,,,,,0,True
1948,Summer,Iran,IRI,,,,,,1,True
1956,Summer,France,FRA,,,,,,14,True
1988,Summer,Bulgaria,BUL,,,,,,35,True
1924,Summer,Bulgaria,BUL,,,,,,0,True
1956,Summer,Bulgaria,BUL,,,,,,5,True
1960,Summer,Bulgaria,BUL,,,,,,7,True
2016,Summer,Italy,ITA,,,,,,28,True
2008,Summer,Spain,ESP,,,,,,18,True
1992,Summer,Chad,CHA,,,,,,0,True
2016,Summer,Azerbaijan,AZE,,,,,,18,True
1972,Summer,Sudan,SUD,,,,,,0,True
2008,Summer,Russia,RUS,,,,,,72,True
2012,Summer,Russia,RUS,,,,,,82,True
2000,Summer,Argentina,ARG,,,,,,4,True
2000,Summer,Cuba,CUB,,,,,,29,True
1992,Summer,Cuba,CUB,,,,,,31,True
2004,Summer,Belarus,BLR,,,,,,13,True
2008,Summer,Belarus,BLR,,,,,,18,True
2008,Summer,France,FRA,,,,,,41,True
2016,Summer,France,FRA,,,,,,42,True
2012,Summer,Argentina,ARG,,,,,,4,True
2004,Summer,Greece,GRE,,,,,,16,True
2000,Summer,Cameroon,CMR,,,,,,1,True
1968,Summer,Cameroon,CMR,,,,,,1,True
1996,Summer,Turkey,TUR,,,,,,6,True
1924,Summer,Chile,CHI,,,,,,0,True
1996,Summer,Spain,ESP,,,,,,17,True
2000,Summer,Mexico,MEX,,,,,,6,True
1992,Summer,Chile,CHI,,,,,,0,True
2004,Summer,USA,USA,Iraq War,2003.0,2011.0,"Alleged weapons of mass destruction, Regime change, Terrorism","USA victory, Overthrow of Saddam Hussein, Ongoing instability",101,True
1976,Summer,Spain,ESP,,,,,,2,True
1980,Summer,Spain,ESP,,,,,,6,True
1984,Summer,Spain,ESP,,,,,,5,True
1964,Summer,Russia,URS,Vietnam War,1955.0,1975.0,"Cold War, Spread of communism in Southeast Asia","North Vietnamese victory, Unification under communism",93,True
1980,Summer,Russia,URS,Afghanistan War,1979.0,1989.0,"Soviet invasion to support communist government, US-led resistance to spread communism","Soviet withdrawal, Afghan victory",195,True
1984,Summer,Chile,CHI,,,,,,0,True
2004,Summer,Russia,RUS,,,,,,90,True
2012,Summer,Italy,ITA,,,,,,28,True
2008,Summer,Italy,ITA,,,,,,27,True
2004,Summer,France,FRA,,,,,,33,True
2004,Summer,Nicaragua,NCA,,,,,,0,True
1976,Summer,Nicaragua,NCA,,,,,,0,True
1968,Summer,Mexico,MEX,,,,,,9,True
1992,Summer,Hungary,HUN,,,,,,30,True
1936,Summer,Hungary,HUN,,,,,,16,True
1972,Summer,Nigeria,NGR,,,,,,1,True
1920,Summer,Egypt,EGY,,,,,,0,True
1928,Summer,Egypt,EGY,,,,,,4,True
1936,Summer,Italy,ITA,,,,,,27,True
1972,Summer,Chad,CHA,,,,,,0,True
2012,Summer,Algeria,ALG,,,,,,1,True
2016,Summer,Algeria,ALG,,,,,,2,True
1988,Summer,Italy,ITA,,,,,,14,True
1996,Summer,Italy,ITA,,,,,,35,True
2000,Summer,Italy,ITA,,,,,,34,True
1984,Summer,Italy,ITA,,,,,,32,True
1992,Summer,Italy,ITA,,,,,,19,True
1980,Summer,Italy,ITA,,,,,,15,True
1976,Summer,Kuwait,KUW,,,,,,0,True
1980,Summer,Kuwait,KUW,,,,,,0,True
2016,Summer,Bahrain,BRN,,,,,,2,True
1996,Summer,Pakistan,PAK,,,,,,0,True
1964,Summer,Iraq,IRQ,,,,,,0,True
2004,Summer,Iraq,IRQ,Iraq War,2003.0,2011.0,"Alleged weapons of mass destruction, Regime change, Terrorism","USA victory, Overthrow of Saddam Hussein, Ongoing instability",0,True
1992,Summer,Pakistan,PAK,,,,,,1,True
1960,Summer,Syria,UAR,,,,,,2,True
1964,Summer,Egypt,EGY,,,,,,0,True
1988,Summer,Lebanon,LIB,,,,,,0,True
1952,Summer,Egypt,EGY,,,,,,1,True
2004,Summer,Qatar,QAT,,,,,,0,True
2000,Summer,Pakistan,PAK,,,,,,0,True
2004,Summer,Pakistan,PAK,,,,,,0,True
2012,Summer,Pakistan,PAK,,,,,,0,True
1984,Summer,Malaysia,MAS,,,,,,0,True
2008,Summer,Pakistan,PAK,,,,,,0,True
2012,Summer,Iran,IRI,,,,,,12,True
2008,Summer,Azerbaijan,AZE,,,,,,7,True
2000,Summer,Azerbaijan,AZE,,,,,,3,True
1900,Summer,Germany,GER,,,,,,8,True
2016,Summer,Netherlands,NED,,,,,,19,True
2016,Summer,Iraq,IRQ,,,,,,0,True
1906,Summer,Greece,GRE,,,,,,35,True
1996,Summer,Canada,CAN,,,,,,22,True
2000,Summer,Canada,CAN,,,,,,14,True
2016,Summer,Ireland,IRL,,,,,,2,True
1928,Summer,USA,USA,,,,,,56,True
2008,Summer,Australia,AUS,,,,,,46,True
2008,Summer,South Africa,RSA,,,,,,1,True
1976,Summer,Canada,CAN,,,,,,11,True
2008,Summer,Canada,CAN,,,,,,19,True
2016,Summer,USA,USA,,,,,,121,True
1900,Summer,USA,USA,,,,,,54,True
2008,Summer,USA,USA,Iraq War,2003.0,2011.0,"Alleged weapons of mass destruction, Regime change, Terrorism","USA victory, Overthrow of Saddam Hussein, Ongoing instability",110,True
2008,Summer,Morocco,MAR,,,,,,2,True
2004,Summer,Egypt,EGY,,,,,,5,True
2012,Summer,Egypt,EGY,,,,,,2,True
2008,Summer,Egypt,EGY,,,,,,1,True
2008,Summer,Eritrea,ERI,,,,,,0,True
2016,Summer,Egypt,EGY,,,,,,3,True
1992,Summer,Egypt,EGY,,,,,,0,True
1996,Summer,Egypt,EGY,,,,,,0,True
1964,Summer,Tanzania,TAN,,,,,,0,True
1972,Summer,Tanzania,TAN,,,,,,0,True
1952,Summer,France,FRA,,,,,,18,True
1972,Summer,Kuwait,KUW,,,,,,0,True
1984,Summer,Jordan,JOR,,,,,,0,True
1960,Summer,Sudan,SUD,,,,,,0,True
1968,Summer,Sudan,SUD,,,,,,0,True
1948,Summer,Egypt,EGY,,,,,,5,True
1976,Summer,Egypt,EGY,,,,,,0,True
1984,Summer,Egypt,EGY,,,,,,1,True
1972,Summer,Egypt,EGY,,,,,,0,True
1976,Summer,Tunisia,TUN,,,,,,0,True
1988,Summer,Egypt,EGY,,,,,,0,True
1996,Summer,Libya,LBA,,,,,,0,True
1936,Summer,Egypt,EGY,,,,,,5,True
2008,Summer,Sudan,SUD,,,,,,1,True
1980,Summer,Algeria,ALG,,,,,,0,True
1988,Summer,Algeria,ALG,,,,,,0,True
1992,Summer,Algeria,ALG,,,,,,2,True
2008,Summer,Algeria,ALG,,,,,,2,True
2016,Summer,Iran,IRI,,,,,,8,True
2016,Summer,Belgium,BEL,,,,,,6,True
2012,Summer,Australia,AUS,,,,,,35,True
1992,Summer,Qatar,QAT,,,,,,1,True
1996,Summer,Qatar,QAT,,,,,,0,True
1988,Summer,Djibouti,DJI,,,,,,1,True
1992,Summer,Djibouti,DJI,,,,,,0,True
2000,Summer,USA,USA,,,,,,91,True
2012,Summer,USA,USA,,,,,,103,True
2000,Summer,Australia,AUS,,,,,,58,True
2004,Summer,Australia,AUS,,,,,,50,True
2008,Summer,Palestine,PLE,,,,,,0,True
1984,Summer,Canada,CAN,,,,,,44,True
1976,Summer,Iran,IRI,,,,,,2,True
2012,Summer,Cameroon,CMR,,,,,,0,True
1996,Summer,Comoros,COM,,,,,,0,True
1996,Summer,Chad,CHA,,,,,,0,True
2016,Summer,Cameroon,CMR,,,,,,0,True
2016,Summer,Kazakhstan,KAZ,,,,,,18,True
2016,Summer,Brunei,BRU,,,,,,0,True
1980,Summer,Iraq,IRQ,,,,,,0,True
2000,Summer,Kuwait,KUW,,,,,,1,True
1996,Summer,Malaysia,MAS,,,,,,2,True
2000,Summer,Malaysia,MAS,,,,,,0,True
1992,Summer,Malaysia,MAS,,,,,,1,True
1996,Summer,Brunei,BRU,,,,,,0,True
2000,Summer,Brunei,BRU,,,,,,0,True
2000,Summer,Sudan,SUD,,,,,,0,True
1928,Summer,India,IND,,,,,,1,True
1960,Summer,Iraq,IRQ,,,,,,1,True
1984,Summer,Saudi Arabia,KSA,Afghanistan War,1979.0,1989.0,"Soviet invasion to support communist government, US-led resistance to spread communism","Soviet withdrawal, Afghan victory",0,True
1980,Summer,Syria,SYR,,,,,,0,True
1988,Summer,Maldives,MDV,,,,,,0,True
2000,Summer,Bahrain,BRN,,,,,,0,True
1984,Summer,Bahrain,BRN,,,,,,0,True
1972,Summer,Ethiopia,ETH,,,,,,2,True
1968,Summer,Malaysia,MAS,,,,,,0,True
1960,Summer,Pakistan,PAK,,,,,,2,True
1964,Summer,Pakistan,PAK,,,,,,1,True
2008,Summer,Iraq,IRQ,Iraq War,2003.0,2011.0,"Alleged weapons of mass destruction, Regime change, Terrorism","USA victory, Overthrow of Saddam Hussein, Ongoing instability",0,True
2012,Summer,Iraq,IRQ,,,,,,0,True
1948,Summer,Pakistan,PAK,,,,,,0,True
1996,Summer,United Arab Emirates,UAE,,,,,,0,True
1988,Summer,Yemen,YAR,,,,,,0,True
1952,Summer,Pakistan,PAK,,,,,,0,True
2004,Summer,Indonesia,INA,,,,,,4,True
1968,Summer,Nigeria,NGR,,,,,,0,True
1972,Summer,Russia,URS,Vietnam War,1955.0,1975.0,"Cold War, Spread of communism in Southeast Asia","North Vietnamese victory, Unification under communism",99,True
1968,Summer,Philippines,PHI,,,,,,0,True
2008,Summer,Qatar,QAT,,,,,,0,True
1992,Summer,Iraq,IRQ,,,,,,0,True
1988,Summer,United Arab Emirates,UAE,,,,,,0,True
1984,Summer,United Arab Emirates,UAE,,,,,,0,True
1992,Summer,Kuwait,KUW,,,,,,0,True
1992,Summer,,SGP,,,,,,0,True
1996,Summer,,SGP,,,,,,0,True
1988,Summer,Nigeria,NGR,,,,,,0,True
1996,Summer,Azerbaijan,AZE,,,,,,1,True
1996,Summer,Uzbekistan,UZB,,,,,,2,True
2000,Summer,Uzbekistan,UZB,,,,,,4,True
2012,Summer,Uzbekistan,UZB,,,,,,3,True
2016,Summer,Uzbekistan,UZB,,,,,,13,True
2004,Summer,Azerbaijan,AZE,,,,,,5,True
2012,Summer,Azerbaijan,AZE,,,,,,10,True
2012,Summer,United Arab Emirates,UAE,,,,,,0,True
1988,Summer,Kuwait,KUW,,,,,,0,True
2004,Summer,Uzbekistan,UZB,,,,,,5,True
2008,Summer,Kyrgyzstan,KGZ,,,,,,2,True
2012,Summer,Kyrgyzstan,KGZ,,,,,,0,True
2016,Summer,Tajikistan,TJK,,,,,,1,True
2016,Summer,Russia,RUS,,,,,,56,True
2004,Summer,Tajikistan,TJK,,,,,,0,True
2008,Summer,Tajikistan,TJK,,,,,,2,True
2012,Summer,Tajikistan,TJK,,,,,,1,True
1980,Summer,Libya,LBA,,,,,,0,True
1992,Summer,Russia,EUN,,,,,,112,True
1988,Summer,Russia,URS,Afghanistan War,1979.0,1989.0,"Soviet invasion to support communist government, US-led resistance to spread communism","Soviet withdrawal, Afghan victory",131,True
2004,Summer,Kyrgyzstan,KGZ,,,,,,0,True
1936,Summer,Japan,JPN,,,,,,20,True
1960,Summer,Japan,JPN,,,,,,18,True
1992,Summer,Japan,JPN,,,,,,22,True
1972,Summer,Japan,JPN,,,,,,29,True
1968,Summer,Japan,JPN,,,,,,25,True
1976,Summer,Japan,JPN,,,,,,25,True
2000,Summer,Japan,JPN,,,,,,18,True
2008,Summer,Japan,JPN,,,,,,25,True
1996,Summer,Japan,JPN,,,,,,14,True
1984,Summer,Japan,JPN,,,,,,31,True
1988,Summer,Japan,JPN,,,,,,14,True
2004,Summer,Japan,JPN,,,,,,37,True
1980,Summer,Republic of Congo,CGO,,,,,,0,True
1992,Summer,Ethiopia,ETH,,,,,,3,True
1984,Summer,Cameroon,CMR,,,,,,1,True
1924,Summer,Switzerland,SUI,,,,,,25,True
1928,Summer,Switzerland,SUI,,,,,,17,True
1972,Summer,Brazil,BRA,,,,,,2,True
1976,Summer,Brazil,BRA,,,,,,2,True
2004,Summer,Spain,ESP,,,,,,20,True
1928,Summer,Germany,GER,,,,,,39,True
1972,Summer,Germany,GDR,,,,,,106,True
2012,Summer,Canada,CAN,,,,,,18,True
2016,Summer,Canada,CAN,,,,,,22,True
2008,Summer,Germany,GER,,,,,,41,True
2000,Summer,Spain,ESP,,,,,,11,True
1924,Summer,Monaco,MON,,,,,,1,True
1936,Summer,Monaco,MON,,,,,,0,True
1948,Summer,Monaco,MON,,,,,,0,True
1952,Summer,Monaco,MON,,,,,,0,True
2012,Summer,Cuba,CUB,,,,,,14,True
1992,Summer,Spain,ESP,,,,,,22,True
2016,Summer,Germany,GER,,,,,,42,True
1960,Summer,Israel,ISR,,,,,,0,True
1904,Summer,USA,USA,,,,,,230,True
2016,Summer,Mexico,MEX,,,,,,5,True
1948,Summer,Uruguay,URU,,,,,,2,True
1988,Summer,Spain,ESP,,,,,,4,True
1952,Summer,Spain,ESP,,,,,,1,True
1996,Summer,Cameroon,CMR,,,,,,0,True
2000,Summer,Ethiopia,ETH,,,,,,8,True
2016,Summer,Ethiopia,ETH,,,,,,8,True
1968,Summer,Argentina,ARG,,,,,,2,True
1972,Summer,Argentina,ARG,,,,,,1,True
1976,Summer,Argentina,ARG,,,,,,0,True
1912,Summer,Sweden,SWE,,,,,,65,True
1988,Summer,Sweden,SWE,,,,,,11,True
1948,Summer,Sweden,SWE,,,,,,46,True
1952,Summer,Sweden,SWE,,,,,,35,True
1956,Summer,South Africa,RSA,,,,,,4,True
1996,Summer,Algeria,ALG,,,,,,3,True
1972,Summer,Italy,ITA,,,,,,18,True
2004,Summer,Turkey,TUR,,,,,,11,True
2008,Summer,Turkey,TUR,,,,,,7,True
2000,Summer,Sri Lanka,SRI,,,,,,1,True
2016,Summer,Sri Lanka,SRI,,,,,,0,True
2016,Summer,Armenia,ARM,,,,,,4,True
1992,Summer,Ivory Coast,CIV,,,,,,0,True
1996,Summer,Ivory Coast,CIV,,,,,,0,True
2008,Summer,Ivory Coast,CIV,,,,,,0,True
2012,Summer,Spain,ESP,,,,,,17,True
1984,Summer,France,FRA,,,,,,28,True
1988,Summer,Germany,GDR,,,,,,142,True
1988,Summer,Tunisia,TUN,,,,,,0,True
1988,Summer,Iraq,IRQ,,,,,,0,True
2008,Summer,Kazakhstan,KAZ,,,,,,13,True
2012,Summer,Japan,JPN,,,,,,38,True
2016,Summer,Kenya,KEN,,,,,,13,True
1976,Summer,Bulgaria,BUL,,,,,,22,True
1980,Summer,Bulgaria,BUL,,,,,,41,True
2012,Summer,Nigeria,NGR,,,,,,0,True
2016,Summer,Nigeria,NGR,,,,,,1,True
1980,Summer,Benin,BEN,,,,,,0,True
1984,Summer,Benin,BEN,,,,,,0,True
2016,Summer,Brazil,BRA,,,,,,19,True
1928,Summer,UK,GBR,,,,,,22,True
1936,Summer,UK,GBR,,,,,,14,True
1932,Summer,USA,USA,,,,,,110,True
1976,Summer,Netherlands,NED,,,,,,5,True
1996,Summer,Ghana,GHA,,,,,,0,True
1972,Summer,Somalia,SOM,,,,,,0,True
2016,Summer,Australia,AUS,,,,,,29,True
1968,Summer,Lebanon,LIB,,,,,,0,True
1972,Summer,Lebanon,LIB,,,,,,1,True
2000,Summer,Syria,SYR,,,,,,0,True
2000,Summer,Morocco,MAR,,,,,,5,True
1988,Summer,Niger,NIG,,,,,,0,True
1988,Summer,Libya,LBA,,,,,,0,True
1984,Summer,Algeria,ALG,,,,,,2,True
1984,Summer,Iraq,IRQ,,,,,,0,True
1968,Summer,Egypt,EGY,,,,,,0,True
2004,Summer,Mali,MLI,,,,,,0,True
1956,Summer,Afghanistan,AFG,,,,,,0,True
1996,Summer,USA,USA,,,,,,101,True
1912,Summer,Germany,GER,,,,,,26,True
1936,Summer,Romania,ROU,,,,,,1,True
1988,Summer,Hungary,HUN,,,,,,23,True
1906,Summer,Germany,GER,,,,,,14,True
1976,Summer,UK,GBR,,,,,,13,True
1980,Summer,UK,GBR,,,,,,21,True
2016,Summer,Chile,CHI,,,,,,0,True
2016,Summer,Switzerland,SUI,,,,,,7,True
1984,Summer,India,IND,,,,,,0,True
1988,Summer,India,IND,,,,,,0,True
1992,Summer,India,IND,,,,,,0,True
1996,Summer,India,IND,,,,,,1,True
1980,Summer,Poland,POL,,,,,,32,True
2000,Summer,Sweden,SWE,,,,,,12,True
2004,Summer,Sweden,SWE,,,,,,7,True
2008,Summer,Sweden,SWE,,,,,,5,True
1968,Summer,France,FRA,,,,,,15,True
1984,Summer,Costa Rica,CRC,,,,,,0,True
1976,Summer,Panama,PAN,,,,,,0,True
1920,Summer,UK,GBR,,,,,,43,True
1924,Summer,UK,GBR,,,,,,35,True
1906,Summer,UK,GBR,,,,,,25,True
1912,Summer,UK,GBR,,,,,,41,True
1984,Summer,USA,USA,Afghanistan War,1979.0,1989.0,"Soviet invasion to support communist government, US-led resistance to spread communism","Soviet withdrawal, Afghan victory",173,True
1972,Summer,USA,USA,Vietnam War,1955.0,1975.0,"Cold War, Spread of communism in Southeast Asia","North Vietnamese victory, Unification under communism",94,True
1976,Summer,USA,USA,,,,,,94,True
1920,Summer,Sweden,SWE,,,,,,64,True
1960,Summer,Sweden,SWE,,,,,,6,True
1964,Summer,Sweden,SWE,,,,,,8,True
2016,Summer,Belarus,BLR,,,,,,9,True
1992,Summer,Morocco,MAR,,,,,,3,True
1996,Summer,Georgia,GEO,,,,,,2,True
1996,Summer,Slovenia,SLO,,,,,,2,True
1960,Summer,Russia,URS,Vietnam War,1955.0,1975.0,"Cold War, Spread of communism in Southeast Asia","North Vietnamese victory, Unification under communism",103,True
2016,Summer,Guyana,GUY,,,,,,0,True
1988,Summer,Guyana,GUY,,,,,,0,True
1956,Summer,New Zealand,NZL,,,,,,2,True
1960,Summer,New Zealand,NZL,,,,,,3,True
2016,Summer,Georgia,GEO,,,,,,7,True
1988,Summer,Portugal,POR,,,,,,1,True
1992,Summer,Portugal,POR,,,,,,0,True
1996,Summer,Portugal,POR,,,,,,2,True
2008,Summer,Portugal,POR,,,,,,2,True
2012,Summer,Portugal,POR,,,,,,1,True
1996,Summer,France,FRA,,,,,,37,True
2012,Summer,Switzerland,SUI,,,,,,4,True
2016,Summer,Portugal,POR,,,,,,1,True
1976,Summer,Cuba,CUB,,,,,,13,True
2004,Summer,Brazil,BRA,,,,,,10,True
1968,Summer,Portugal,POR,,,,,,0,True
1976,Summer,Paraguay,PAR,,,,,,0,True
2008,Summer,Angola,ANG,,,,,,0,True
1984,Summer,Brazil,BRA,,,,,,8,True
1980,Summer,Cuba,CUB,,,,,,20,True
1996,Summer,Venezuela,VEN,,,,,,0,True
1976,Summer,Portugal,POR,,,,,,2,True
1980,Summer,Portugal,POR,,,,,,0,True
1988,Summer,France,FRA,,,,,,16,True
2012,Summer,Colombia,COL,,,,,,8,True
2016,Summer,Colombia,COL,,,,,,8,True
2016,Summer,Djibouti,DJI,,,,,,0,True
2000,Summer,Russia,RUS,,,,,,89,True
1952,Summer,Romania,ROU,,,,,,4,True
2012,Summer,Ethiopia,ETH,,,,,,7,True
1988,Summer,USA,USA,Afghanistan War,1979.0,1989.0,"Soviet invasion to support communist government, US-led resistance to spread communism","Soviet withdrawal, Afghan victory",94,True
2008,Summer,Iran,IRI,,,,,,2,True
2008,Summer,Bangladesh,BAN,,,,,,0,True
2012,Summer,Jordan,JOR,,,,,,0,True
2016,Summer,Jordan,JOR,,,,,,1,True
1996,Summer,Palestine,PLE,,,,,,0,True
2012,Summer,Palestine,PLE,,,,,,0,True
2000,Summer,Jordan,JOR,,,,,,0,True
2004,Summer,Jordan,JOR,,,,,,0,True
1996,Summer,Kazakhstan,KAZ,,,,,,11,True
2004,Summer,Sudan,SUD,,,,,,0,True
2004,Summer,Palestine,PLE,,,,,,0,True
2000,Summer,China,CHN,,,,,,58,True
1988,Summer,Kenya,KEN,,,,,,9,True
2008,Summer,Nigeria,NGR,,,,,,4,True
1968,Summer,Peru,PER,,,,,,0,True
1964,Summer,Peru,PER,,,,,,0,True
2004,Summer,Libya,LBA,,,,,,0,True
2004,Summer,Somalia,SOM,,,,,,0,True
1964,Summer,Japan,JPN,,,,,,29,True
2016,Summer,Palestine,PLE,,,,,,0,True
2016,Summer,Saudi Arabia,KSA,,,,,,0,True
1996,Summer,Mexico,MEX,,,,,,1,True
1984,Summer,Kuwait,KUW,,,,,,0,True
2004,Summer,Mexico,MEX,,,,,,4,True
1976,Summer,Russia,URS,,,,,,125,True
2012,Summer,Kazakhstan,KAZ,,,,,,13,True
1988,Summer,Jordan,JOR,,,,,,0,True
1968,Summer,Turkey,TUR,,,,,,2,True
1948,Summer,Turkey,TUR,,,,,,12,True
1952,Summer,Turkey,TUR,,,,,,3,True
1972,Summer,France,FRA,,,,,,13,True
2008,Summer,Romania,ROU,,,,,,8,True
1948,Summer,Italy,ITA,,,,,,31,True
1908,Summer,Italy,ITA,,,,,,4,True
1948,Summer,Chile,CHI,,,,,,0,True
1920,Summer,Spain,ESP,,,,,,2,True
1960,Summer,Chile,CHI,,,,,,0,True
1988,Summer,Uruguay,URU,,,,,,0,True
1968,Summer,El Salvador,ESA,,,,,,0,True
1992,Summer,Puerto Rico,PUR,,,,,,1,True
1992,Summer,Colombia,COL,,,,,,1,True
1972,Summer,Colombia,COL,,,,,,3,True
1972,Summer,Peru,PER,,,,,,0,True
2008,Summer,Venezuela,VEN,,,,,,1,True
1984,Summer,Mexico,MEX,,,,,,6,True
1968,Summer,UK,GBR,,,,,,13,True
1972,Summer,UK,GBR,,,,,,18,True
1960,Summer,Philippines,PHI,,,,,,0,True
2004,Summer,India,IND,,,,,,1,True
2008,Summer,India,IND,,,,,,3,True
2016,Summer,India,IND,,,,,,2,True
2012,Summer,UK,GBR,,,,,,65,True
2000,Summer,Germany,GER,,,,,,56,True
1964,Summer,Ghana,GHA,,,,,,1,True
2016,Summer,Ghana,GHA,,,,,,0,True
1992,Summer,Ghana,GHA,,,,,,1,True
1984,Summer,Switzerland,SUI,,,,,,8,True
1984,Summer,Uganda,UGA,,,,,,0,True
1988,Summer,Morocco,MAR,,,,,,3,True
1996,Summer,Morocco,MAR,,,,,,2,True
2000,Summer,UK,GBR,,,,,,28,True
2008,Summer,UK,GBR,Iraq War,2003.0,2011.0,"Alleged weapons of mass destruction, Regime change, Terrorism","USA victory, Overthrow of Saddam Hussein, Ongoing instability",48,True
1900,Summer,France,FRA,,,,,,102,True
1924,Summer,France,FRA,,,,,,40,True
2012,Summer,Uganda,UGA,,,,,,1,True
1996,Summer,Uganda,UGA,,,,,,1,True
2000,Summer,Uganda,UGA,,,,,,0,True
2008,Summer,Tunisia,TUN,,,,,,1,True
2012,Summer,Tunisia,TUN,,,,,,3,True
1956,Summer,Belgium,BEL,,,,,,2,True
1960,Summer,Belgium,BEL,,,,,,4,True
2012,Summer,Netherlands,NED,,,,,,20,True
1988,Summer,Cameroon,CMR,,,,,,0,True
1956,Summer,Australia,AUS,,,,,,35,True
1964,Summer,Ivory Coast,CIV,,,,,,0,True
1988,Summer,Uganda,UGA,,,,,,0,True
1988,Summer,Brazil,BRA,,,,,,6,True
1924,Summer,Belgium,BEL,,,,,,13,True
1976,Summer,New Zealand,NZL,,,,,,4,True
1920,Summer,USA,USA,,,,,,95,True
2004,Summer,UK,GBR,Iraq War,2003.0,2011.0,"Alleged weapons of mass destruction, Regime change, Terrorism","USA victory, Overthrow of Saddam Hussein, Ongoing instability",30,True
1996,Summer,Germany,GER,,,,,,65,True
1968,Summer,Netherlands,NED,,,,,,7,True
1932,Summer,Belgium,BEL,,,,,,1,True
2000,Summer,Slovenia,SLO,,,,,,2,True
1992,Summer,Mexico,MEX,,,,,,1,True
1972,Summer,Cuba,CUB,,,,,,8,True
2016,Summer,Honduras,HON,,,,,,0,True
1936,Summer,Mexico,MEX,,,,,,3,True
1960,Summer,Argentina,ARG,,,,,,2,True
1964,Summer,Argentina,ARG,,,,,,1,True
1936,Summer,Chile,CHI,,,,,,0,True
2008,Summer,Argentina,ARG,,,,,,6,True
1984,Summer,Ecuador,ECU,,,,,,0,True
2008,Summer,Mexico,MEX,,,,,,3,True
2012,Summer,Mexico,MEX,,,,,,7,True
2016,Summer,El Salvador,ESA,,,,,,0,True
2016,Summer,Venezuela,VEN,,,,,,3,True
1952,Summer,Argentina,ARG,,,,,,5,True
2008,Summer,Cuba,CUB,,,,,,24,True
1980,Summer,Venezuela,VEN,,,,,,1,True
2016,Summer,Argentina,ARG,,,,,,4,True
1952,Summer,Uruguay,URU,,,,,,2,True
1952,Summer,Ghana,GHA,,,,,,0,True
1968,Summer,Ghana,GHA,,,,,,0,True
1972,Summer,Ghana,GHA,,,,,,1,True
1948,Summer,Denmark,DEN,,,,,,22,True
1952,Summer,Denmark,DEN,,,,,,6,True
2012,Summer,Venezuela,VEN,,,,,,1,True
1972,Summer,Uruguay,URU,,,,,,0,True
1948,Summer,Mexico,MEX,,,,,,5,True
2016,Summer,Turkmenistan,TKM,,,,,,0,True
1924,Summer,Hungary,HUN,,,,,,10,True
2016,Summer,Japan,JPN,,,,,,41,True
1984,Summer,New Zealand,NZL,,,,,,11,True
2000,Summer,Turkey,TUR,,,,,,5,True
2008,Summer,Mauritius,MRI,,,,,,1,True
1936,Summer,USA,USA,,,,,,57,True
1988,Summer,Mexico,MEX,,,,,,2,True
1992,Summer,Seychelles,SEY,,,,,,0,True
1976,Summer,Czech Republic,TCH,,,,,,8,True
1980,Summer,Czech Republic,TCH,,,,,,14,True
1908,Summer,Germany,GER,,,,,,13,True
1992,Summer,UK,GBR,,,,,,20,True
1976,Summer,Germany,GDR,,,,,,129,True
1912,Summer,Luxembourg,LUX,,,,,,0,True
1936,Summer,Germany,GER,,,,,,101,True
1912,Summer,France,FRA,,,,,,15,True
1948,Summer,France,FRA,,,,,,32,True
1912,Summer,Hungary,HUN,,,,,,8,True
1984,Summer,Kenya,KEN,,,,,,3,True
1992,Summer,Kenya,KEN,,,,,,8,True
2004,Summer,Germany,GER,,,,,,49,True
1996,Summer,Sudan,SUD,,,,,,0,True
1988,Summer,Mauritania,MTN,,,,,,0,True
1924,Summer,Poland,POL,,,,,,2,True
1992,Summer,Poland,POL,,,,,,19,True
1972,Summer,Poland,POL,,,,,,21,True
1976,Summer,Poland,POL,,,,,,26,True
1948,Summer,Poland,POL,,,,,,2,True
1988,Summer,Czech Republic,TCH,,,,,,8,True
1992,Summer,Czech Republic,TCH,,,,,,7,True
1960,Summer,Mexico,MEX,,,,,,1,True
1996,Summer,Greece,GRE,,,,,,8,True
2008,Summer,Poland,POL,,,,,,10,True
2012,Summer,Poland,POL,,,,,,10,True
1992,Summer,Germany,GER,,,,,,82,True
1952,Summer,Hungary,HUN,,,,,,42,True
1972,Summer,Iran,IRI,,,,,,3,True
2012,Summer,Niger,NIG,,,,,,0,True
1964,Summer,Bulgaria,BUL,,,,,,10,True
1968,Summer,Bulgaria,BUL,,,,,,9,True
2012,Summer,Saint Kitts,SKN,,,,,,0,True
2016,Summer,Saint Kitts,SKN,,,,,,0,True
1992,Summer,Australia,AUS,,,,,,27,True
1912,Summer,USA,USA,,,,,,63,True
1952,Summer,Canada,CAN,,,,,,3,True
2000,Summer,South Africa,RSA,,,,,,5,True
1908,Summer,UK,GBR,,,,,,143,True
1976,Summer,Trinidad,TTO,,,,,,1,True
1980,Summer,Trinidad,TTO,,,,,,0,True
1984,Summer,Dominican Republic,DOM,,,,,,1,True
1972,Summer,Canada,CAN,,,,,,5,True
1988,Summer,Saint Vincent,VIN,,,,,,0,True
1936,Summer,Canada,CAN,,,,,,9,True
1976,Summer,Australia,AUS,,,,,,5,True
1984,Summer,UK,GBR,,,,,,37,True
1988,Summer,UK,GBR,,,,,,24,True
1988,Summer,Puerto Rico,PUR,,,,,,0,True
2016,Summer,UK,GBR,,,,,,67,True
1984,Summer,Australia,AUS,,,,,,24,True
1988,Summer,Australia,AUS,,,,,,14,True
1996,Summer,Australia,AUS,,,,,,41,True
1908,Summer,USA,USA,,,,,,46,True
1928,Summer,Canada,CAN,,,,,,15,True
1960,Summer,Canada,CAN,,,,,,1,True
1968,Summer,Germany,FRG,,,,,,51,True
1992,Summer,USA,USA,,,,,,108,True
1928,Summer,Sweden,SWE,,,,,,25,True
2004,Summer,New Zealand,NZL,,,,,,5,True
2008,Summer,New Zealand,NZL,,,,,,9,True
2012,Summer,New Zealand,NZL,,,,,,13,True
2016,Summer,New Zealand,NZL,,,,,,18,True
1952,Summer,Poland,POL,,,,,,4,True
2012,Summer,Germany,GER,,,,,,44,True
1960,Summer,Poland,POL,,,,,,21,True
1980,Summer,Sweden,SWE,,,,,,12,True
1984,Summer,Jamaica,JAM,,,,,,3,True
1988,Summer,Jamaica,JAM,,,,,,2,True
2000,Summer,Ghana,GHA,,,,,,0,True
1988,Summer,Philippines,PHI,,,,,,1,True
1988,Summer,Somalia,SOM,,,,,,0,True
1996,Summer,Somalia,SOM,,,,,,0,True
2016,Summer,Turkey,TUR,,,,,,8,True
1948,Summer,Spain,ESP,,,,,,1,True
1936,Summer,Turkey,TUR,,,,,,2,True
2000,Summer,Algeria,ALG,,,,,,5,True
1928,Summer,Belgium,BEL,,,,,,3,True
1936,Summer,Belgium,BEL,,,,,,3,True
1948,Summer,Belgium,BEL,,,,,,7,True
1992,Summer,France,FRA,,,,,,29,True
1960,Summer,France,FRA,,,,,,5,True
1992,Summer,South Africa,RSA,,,,,,2,True
1960,Summer,UK,GBR,,,,,,20,True
1920,Summer,Switzerland,SUI,,,,,,11,True
1964,Summer,UK,GBR,,,,,,18,True
1960,Summer,Ghana,GHA,,,,,,1,True
2008,Summer,Liberia,LBR,,,,,,0,True
2012,Summer,Liberia,LBR,,,,,,0,True
1984,Summer,Ghana,GHA,,,,,,0,True
1988,Summer,Ghana,GHA,,,,,,0,True
1948,Summer,UK,GBR,,,,,,27,True
1984,Summer,Nigeria,NGR,,,,,,2,True
1996,Summer,Nigeria,NGR,,,,,,6,True
1992,Summer,Nigeria,NGR,,,,,,4,True
1996,Summer,Suriname,SUR,,,,,,0,True
2000,Summer,Suriname,SUR,,,,,,0,True
1956,Summer,Philippines,PHI,,,,,,0,True
1980,Summer,Netherlands,NED,,,,,,3,True
1928,Summer,France,FRA,,,,,,25,True
1932,Summer,France,FRA,,,,,,20,True
2012,Summer,Eritrea,ERI,,,,,,0,True
2016,Summer,Eritrea,ERI,,,,,,0,True
2000,Summer,Somalia,SOM,,,,,,0,True
1984,Summer,Somalia,SOM,,,,,,0,True
2012,Summer,Brazil,BRA,,,,,,17,True
1972,Summer,Cameroon,CMR,,,,,,0,True
1996,Summer,Ethiopia,ETH,,,,,,3,True
2008,Summer,Ethiopia,ETH,,,,,,7,True
1952,Summer,Germany,GER,,,,,,24,True
2016,Summer,Uganda,UGA,,,,,,0,True
1952,Summer,Brazil,BRA,,,,,,3,True
1980,Summer,Nigeria,NGR,,,,,,0,True
1964,Summer,Brazil,BRA,,,,,,1,True
2008,Summer,Nepal,NEP,,,,,,0,True
1972,Summer,Uganda,UGA,,,,,,2,True
2008,Summer,Armenia,ARM,,,,,,6,True
2000,Summer,Libya,LBA,,,,,,0,True
1980,Summer,Brazil,BRA,,,,,,4,True
1936,Summer,Uruguay,URU,,,,,,0,True
2000,Summer,France,FRA,,,,,,38,True
2016,Summer,Mongolia,MGL,,,,,,2,True
1932,Summer,Philippines,PHI,,,,,,3,True
1936,Summer,Philippines,PHI,,,,,,1,True
1952,Summer,USA,USA,Korean War,1950.0,1953.0,Ideological division of Korea (Communism vs. Capitalism),"Stalemate, Korean Peninsula divided",76,True
1992,Summer,Brazil,BRA,,,,,,3,True
1960,Summer,Germany,GER,,,,,,42,True
1912,Summer,Austria,AUT,,,,,,4,True
1924,Summer,Austria,AUT,,,,,,4,True
1964,Summer,Germany,GER,,,,,,50,True
1912,Summer,Russia,RUS,,,,,,5,True
1936,Summer,Sweden,SWE,,,,,,21,True
1908,Summer,Sweden,SWE,,,,,,25,True
2012,Summer,Sweden,SWE,,,,,,8,True
1924,Summer,Sweden,SWE,,,,,,29,True
1960,Summer,Ethiopia,ETH,,,,,,1,True
1924,Summer,Netherlands,NED,,,,,,11,True
1928,Summer,Netherlands,NED,,,,,,23,True
1996,Summer,Syria,SYR,,,,,,1,True
1960,Summer,Morocco,MAR,,,,,,1,True
1964,Summer,Morocco,MAR,,,,,,0,True
1960,Summer,Uganda,UGA,,,,,,0,True
1984,Summer,Ivory Coast,CIV,,,,,,1,True
2000,Summer,Palau,PLW,,,,,,0,True
1948,Summer,Philippines,PHI,,,,,,0,True
1992,Summer,Sweden,SWE,,,,,,12,True
2000,Summer,Lithuania,LTU,,,,,,5,True
2004,Summer,Lithuania,LTU,,,,,,3,True
1984,Summer,Sweden,SWE,,,,,,19,True
2016,Summer,Lithuania,LTU,,,,,,4,True
1972,Summer,Hungary,HUN,,,,,,35,True
1972,Summer,Philippines,PHI,,,,,,0,True
1984,Summer,Monaco,MON,,,,,,0,True
1996,Summer,Puerto Rico,PUR,,,,,,1,True
1964,Summer,Puerto Rico,PUR,,,,,,0,True
1968,Summer,Puerto Rico,PUR,,,,,,0,True
1972,Summer,Togo,TOG,,,,,,0,True
1920,Summer,Belgium,BEL,,,,,,42,True
2016,Summer,Namibia,NAM,,,,,,0,True
1984,Summer,Indonesia,INA,,,,,,0,True
1988,Summer,Indonesia,INA,,,,,,1,True
1996,Summer,Brazil,BRA,,,,,,15,True
2000,Summer,Brazil,BRA,,,,,,12,True
1960,Summer,Curacao,AHO,,,,,,0,True
1972,Summer,Curacao,AHO,,,,,,0,True
2004,Summer,Netherlands,NED,,,,,,22,True
2008,Summer,Netherlands,NED,,,,,,16,True
2008,Summer,Brazil,BRA,,,,,,16,True
1996,Summer,Hungary,HUN,,,,,,21,True
1952,Summer,Chile,CHI,,,,,,2,True
1980,Summer,Mongolia,MGL,,,,,,4,True
2004,Summer,Ukraine,UKR,,,,,,22,True
2008,Summer,Ukraine,UKR,,,,,,27,True
2016,Summer,Kyrgyzstan,KGZ,,,,,,0,True
1996,Summer,Ukraine,UKR,,,,,,23,True
2000,Summer,Ukraine,UKR,,,,,,23,True
1984,Summer,Iceland,ISL,,,,,,1,True
2008,Summer,American Samoa,ASA,,,,,,0,True
1948,Summer,Switzerland,SUI,,,,,,22,True
1936,Summer,Switzerland,SUI,,,,,,18,True
1988,Summer,Switzerland,SUI,,,,,,4,True
1972,Summer,Austria,AUT,,,,,,3,True
1912,Summer,Belgium,BEL,,,,,,6,True
1976,Summer,Switzerland,SUI,,,,,,4,True
2012,Summer,Belgium,BEL,,,,,,3,True
2008,Summer,Belgium,BEL,,,,,,2,True
1992,Summer,Switzerland,SUI,,,,,,1,True
1972,Summer,Switzerland,SUI,,,,,,3,True
2016,Summer,Puerto Rico,PUR,,,,,,1,True
1996,Summer,Russia,RUS,,,,,,63,True
1968,Summer,Russia,URS,Vietnam War,1955.0,1975.0,"Cold War, Spread of communism in Southeast Asia","North Vietnamese victory, Unification under communism",91,True
1984,Summer,Morocco,MAR,,,,,,2,True
2012,Summer,Malaysia,MAS,,,,,,2,True
2016,Summer,Malaysia,MAS,,,,,,5,True
2004,Summer,Ethiopia,ETH,,,,,,7,True
1936,Summer,Afghanistan,AFG,,,,,,0,True
1980,Summer,Switzerland,SUI,,,,,,2,True
1988,Summer,Iran,IRI,,,,,,1,True
2000,Summer,Iran,IRI,,,,,,4,True
2016,Summer,Samoa,SAM,,,,,,0,True
2000,Summer,Nigeria,NGR,,,,,,3,True
2016,Summer,Angola,ANG,,,,,,0,True
1976,Summer,Romania,ROU,,,,,,27,True
2016,Summer,South Africa,RSA,,,,,,10,True
2000,Summer,Greece,GRE,,,,,,13,True
2008,Summer,Greece,GRE,,,,,,4,True
2012,Summer,Greece,GRE,,,,,,2,True
2016,Summer,Greece,GRE,,,,,,6,True
1992,Summer,Iran,IRI,,,,,,3,True
1952,Summer,Iran,IRI,,,,,,7,True
1948,Summer,Afghanistan,AFG,,,,,,0,True
1988,Summer,Pakistan,PAK,Afghanistan War,1979.0,1989.0,"Soviet invasion to support communist government, US-led resistance to spread communism","Soviet withdrawal, Afghan victory",1,True
2012,Summer,Romania,ROU,,,,,,9,True
1984,Summer,Romania,ROU,,,,,,52,True
2012,Summer,Rwanda,RWA,,,,,,0,True
2004,Summer,Italy,ITA,,,,,,32,True
1996,Summer,Croatia,CRO,,,,,,2,True
2000,Summer,Croatia,CRO,,,,,,2,True
2000,Summer,Dominica,DMA,,,,,,0,True
1996,Summer,Dominica,DMA,,,,,,0,True
1968,Summer,Panama,PAN,,,,,,0,True
1980,Summer,Seychelles,SEY,,,,,,0,True
1924,Summer,Egypt,EGY,,,,,,0,True
1972,Summer,Benin,BEN,,,,,,0,True
1992,Summer,Benin,BEN,,,,,,0,True
2012,Summer,Togo,TOG,,,,,,0,True
1980,Summer,France,FRA,,,,,,14,True
1988,Summer,Haiti,HAI,,,,,,0,True
1996,Summer,Haiti,HAI,,,,,,0,True
2000,Summer,Denmark,DEN,,,,,,6,True
2016,Summer,Norway,NOR,,,,,,4,True
1956,Summer,Russia,URS,Vietnam War,1955.0,1975.0,"Cold War, Spread of communism in Southeast Asia","North Vietnamese victory, Unification under communism",98,True
1960,Summer,Kenya,KEN,,,,,,0,True
1964,Summer,Kenya,KEN,,,,,,1,True
1908,Summer,Denmark,DEN,,,,,,5,True
2004,Summer,Algeria,ALG,,,,,,0,True
1972,Summer,Romania,ROU,,,,,,16,True
2004,Summer,Armenia,ARM,,,,,,0,True
1964,Summer,Iran,IRI,,,,,,2,True
1980,Summer,Malta,MLT,,,,,,0,True
1984,Summer,Malta,MLT,,,,,,0,True
1988,Summer,Malta,MLT,,,,,,0,True
2004,Summer,Malta,MLT,,,,,,0,True
1948,Summer,Australia,AUS,,,,,,13,True
1952,Summer,Australia,AUS,,,,,,11,True
1964,Summer,Italy,ITA,,,,,,27,True
1984,Summer,Luxembourg,LUX,,,,,,0,True
1952,Summer,Italy,ITA,,,,,,21,True
1948,Summer,Cuba,CUB,,,,,,1,True
1956,Summer,Trinidad,TTO,,,,,,0,True
2008,Summer,Austria,AUT,,,,,,3,True
1964,Summer,Hungary,HUN,,,,,,22,True
1928,Summer,Italy,ITA,,,,,,20,True
1932,Summer,Italy,ITA,,,,,,36,True
1996,Summer,Tunisia,TUN,,,,,,1,True
2008,Summer,Seychelles,SEY,,,,,,0,True
1984,Summer,Germany,FRG,,,,,,59,True
1976,Summer,Greece,GRE,,,,,,0,True
1984,Summer,Puerto Rico,PUR,,,,,,2,True
1984,Summer,Cyprus,CYP,,,,,,0,True
2008,Summer,Dominican Republic,DOM,,,,,,2,True
1996,Summer,Benin,BEN,,,,,,0,True
1948,Summer,Argentina,ARG,,,,,,7,True
1988,Summer,Argentina,ARG,,,,,,2,True
1952,Summer,Cuba,CUB,,,,,,0,True
1988,Summer,Togo,TOG,,,,,,0,True
2000,Summer,Angola,ANG,,,,,,0,True
1960,Summer,Uruguay,URU,,,,,,0,True
1984,Summer,Argentina,ARG,,,,,,0,True
1980,Summer,Guinea,GUI,,,,,,0,True
1996,Summer,Cuba,CUB,,,,,,25,True
1980,Summer,Costa Rica,CRC,,,,,,0,True
1964,Summer,Spain,ESP,,,,,,0,True
1984,Summer,Panama,PAN,,,,,,0,True
1992,Summer,Panama,PAN,,,,,,0,True
2004,Summer,Cuba,CUB,,,,,,27,True
1968,Summer,Costa Rica,CRC,,,,,,0,True
1964,Summer,Mexico,MEX,,,,,,1,True
1924,Summer,Mexico,MEX,,,,,,0,True
1972,Summer,Mexico,MEX,,,,,,1,True
1976,Summer,Mexico,MEX,,,,,,2,True
2004,Summer,Belize,BIZ,,,,,,0,True
1988,Summer,Costa Rica,CRC,,,,,,1,True
1988,Summer,Chile,CHI,,,,,,1,True
2016,Summer,Cuba,CUB,,,,,,11,True
1960,Summer,Cuba,CUB,,,,,,0,True
2008,Summer,Nicaragua,NCA,,,,,,0,True
2004,Summer,Puerto Rico,PUR,,,,,,0,True
1928,Summer,Mexico,MEX,,,,,,0,True
1992,Summer,Argentina,ARG,,,,,,1,True
1936,Summer,Argentina,ARG,,,,,,7,True
2008,Summer,Paraguay,PAR,,,,,,0,True
2012,Summer,Paraguay,PAR,,,,,,0,True
2016,Summer,Paraguay,PAR,,,,,,0,True
1924,Summer,Argentina,ARG,,,,,,6,True
1992,Summer,Nicaragua,NCA,,,,,,0,True
1996,Summer,Nicaragua,NCA,,,,,,0,True
2012,Summer,Uruguay,URU,,,,,,0,True
2016,Summer,Indonesia,INA,,,,,,3,True
1996,Summer,Kenya,KEN,,,,,,8,True
1996,Summer,UK,GBR,,,,,,15,True
1964,Summer,Australia,AUS,,,,,,18,True
2008,Summer,Comoros,COM,,,,,,0,True
2012,Summer,Comoros,COM,,,,,,0,True
2004,Summer,Morocco,MAR,,,,,,3,True
1980,Summer,Cameroon,CMR,,,,,,0,True
1964,Summer,Nigeria,NGR,,,,,,1,True
1948,Summer,Ireland,IRL,,,,,,1,True
1992,Summer,Togo,TOG,,,,,,0,True
1968,Summer,Morocco,MAR,,,,,,0,True
1948,Summer,India,IND,,,,,,1,True
1936,Summer,Finland,FIN,,,,,,20,True
1932,Summer,Finland,FIN,,,,,,25,True
1972,Summer,Denmark,DEN,,,,,,1,True
1968,Summer,Uruguay,URU,,,,,,0,True
1972,Summer,Netherlands,NED,,,,,,5,True
1928,Summer,Finland,FIN,,,,,,25,True
1948,Summer,USA,USA,,,,,,84,True
1906,Summer,Finland,FIN,,,,,,4,True
1928,Summer,Denmark,DEN,,,,,,9,True
1932,Summer,Sweden,SWE,,,,,,24,True
1964,Summer,Norway,NOR,,,,,,0,True
1984,Summer,Norway,NOR,,,,,,3,True
1956,Summer,Sweden,SWE,,,,,,19,True
1980,Summer,India,IND,,,,,,1,True
1984,Summer,Qatar,QAT,,,,,,0,True
1976,Summer,Malaysia,MAS,,,,,,0,True
2012,Summer,Indonesia,INA,,,,,,2,True
1968,Summer,Pakistan,PAK,,,,,,1,True
2012,Summer,Maldives,MDV,,,,,,0,True
1948,Summer,Iraq,IRQ,,,,,,0,True
1956,Summer,India,IND,,,,,,1,True
1984,Summer,Pakistan,PAK,Afghanistan War,1979.0,1989.0,"Soviet invasion to support communist government, US-led resistance to spread communism","Soviet withdrawal, Afghan victory",1,True
2000,Summer,Iraq,IRQ,,,,,,0,True
1996,Summer,Iraq,IRQ,,,,,,0,True
1972,Summer,Pakistan,PAK,,,,,,1,True
2000,Summer,Maldives,MDV,,,,,,0,True
2016,Summer,Bangladesh,BAN,,,,,,0,True
1980,Summer,Finland,FIN,,,,,,8,True
1960,Summer,Finland,FIN,,,,,,5,True
1968,Summer,Finland,FIN,,,,,,4,True
1988,Summer,Finland,FIN,,,,,,4,True
2004,Summer,Finland,FIN,,,,,,2,True
1972,Summer,Finland,FIN,,,,,,8,True
1976,Summer,Finland,FIN,,,,,,6,True
2012,Summer,Benin,BEN,,,,,,0,True
2012,Summer,Ivory Coast,CIV,,,,,,0,True
2016,Summer,Ivory Coast,CIV,,,,,,2,True
2008,Summer,Namibia,NAM,,,,,,0,True
2012,Summer,Namibia,NAM,,,,,,0,True
1948,Summer,Peru,PER,,,,,,1,True
1956,Summer,Chile,CHI,,,,,,4,True
1992,Summer,Libya,LBA,,,,,,0,True
1948,Summer,Colombia,COL,,,,,,0,True
1956,Summer,Mexico,MEX,,,,,,2,True
2012,Summer,Estonia,EST,,,,,,2,True
2012,Summer,Trinidad,TTO,,,,,,4,True
2016,Summer,Trinidad,TTO,,,,,,1,True
2004,Summer,China,CHN,,,,,,64,True
2016,Summer,China,CHN,,,,,,70,True
1996,Summer,Argentina,ARG,,,,,,3,True
2004,Summer,Argentina,ARG,,,,,,6,True
1992,Summer,Mauritania,MTN,,,,,,0,True
1996,Summer,Mauritania,MTN,,,,,,0,True
2012,Summer,Lithuania,LTU,,,,,,5,True
1964,Summer,Austria,AUT,,,,,,0,True
1968,Summer,Austria,AUT,,,,,,4,True
1956,Summer,Japan,JPN,,,,,,17,True
1964,Summer,France,FRA,,,,,,15,True
1956,Summer,Thailand,THA,,,,,,0,True
1996,Summer,South Africa,RSA,,,,,,5,True
1932,Summer,UK,GBR,,,,,,17,True
2000,Summer,New Zealand,NZL,,,,,,4,True
2016,Summer,,SGP,,,,,,0,True
2016,Summer,Morocco,MAR,,,,,,1,True
2000,Summer,Peru,PER,,,,,,0,True
2004,Summer,Bermuda,BER,,,,,,0,True
2008,Summer,Bermuda,BER,,,,,,0,True
1908,Summer,Australia,ANZ,,,,,,5,True
2004,Summer,Kazakhstan,KAZ,,,,,,8,True
2012,Summer,Ukraine,UKR,,,,,,20,True
1928,Summer,Japan,JPN,,,,,,5,True
1952,Summer,Nigeria,NGR,,,,,,0,True
1956,Summer,Nigeria,NGR,,,,,,0,True
2004,Summer,Uganda,UGA,,,,,,0,True
2016,Summer,Sweden,SWE,,,,,,11,True
2000,Summer,Serbia,SCG,,,,,,3,True
1984,Summer,Syria,SYR,,,,,,1,True
2000,Summer,Hungary,HUN,,,,,,17,True
2004,Summer,Hungary,HUN,,,,,,17,True
1988,Summer,Turkey,TUR,,,,,,2,True
2000,Summer,Ivory Coast,CIV,,,,,,0,True
1980,Summer,Sierra Leone,SLE,,,,,,0,True
1924,Summer,Turkey,TUR,,,,,,0,True
1956,Summer,Turkey,TUR,,,,,,7,True
1960,Summer,Turkey,TUR,,,,,,9,True
1964,Summer,Turkey,TUR,,,,,,6,True
1972,Summer,Turkey,TUR,,,,,,1,True
2012,Summer,Saint Vincent,VIN,,,,,,0,True
2012,Summer,Turkey,TUR,,,,,,5,True
1976,Summer,Turkey,TUR,,,,,,0,True
1928,Summer,Lithuania,LTU,,,,,,0,True
2004,Summer,Samoa,SAM,,,,,,0,True
2008,Summer,Samoa,SAM,,,,,,0,True
1972,Summer,Australia,AUS,,,,,,17,True
1968,Summer,Sweden,SWE,,,,,,4,True
1984,Summer,Turkey,TUR,,,,,,3,True
2016,Summer,Ukraine,UKR,,,,,,11,True
2000,Summer,Cyprus,CYP,,,,,,0,True
2004,Summer,Cyprus,CYP,,,,,,0,True
2008,Summer,Cyprus,CYP,,,,,,0,True
2012,Summer,Cyprus,CYP,,,,,,1,True
2004,Summer,Iran,IRI,,,,,,6,True
1996,Summer,Belarus,BLR,,,,,,15,True
2000,Summer,Kazakhstan,KAZ,,,,,,7,True
2000,Summer,Kyrgyzstan,KGZ,,,,,,1,True
2000,Summer,Bangladesh,BAN,,,,,,0,True
2004,Summer,Bangladesh,BAN,,,,,,0,True
1996,Summer,Papua New Guinea,PNG,,,,,,0,True
2004,Summer,Nigeria,NGR,,,,,,2,True
1980,Summer,Uganda,UGA,,,,,,1,True
2008,Summer,Kenya,KEN,,,,,,15,True
1972,Summer,Morocco,MAR,,,,,,0,True
1984,Summer,Sudan,SUD,,,,,,0,True
1988,Summer,Tanzania,TAN,,,,,,0,True
1984,Summer,Finland,FIN,,,,,,12,True
1964,Summer,India,IND,,,,,,1,True
1996,Summer,Togo,TOG,,,,,,0,True
1960,Summer,Nigeria,NGR,,,,,,0,True
1896,Summer,Greece,GRE,,,,,,44,True
2016,Summer,Tunisia,TUN,,,,,,3,True
1980,Summer,Afghanistan,AFG,Afghanistan War,1979.0,1989.0,"Soviet invasion to support communist government, US-led resistance to spread communism","Soviet withdrawal, Afghan victory",0,True
1996,Summer,Denmark,DEN,,,,,,6,True
1980,Summer,Lebanon,LIB,,,,,,1,True
2004,Summer,Syria,SYR,,,,,,1,True
1976,Summer,Saudi Arabia,KSA,,,,,,0,True
1992,Summer,United Arab Emirates,UAE,,,,,,0,True
2004,Summer,Yemen,YEM,,,,,,0,True
1996,Summer,Kuwait,KUW,,,,,,0,True
2016,Summer,Individual Olympic Athletes,IOA,,,,,,2,True
1996,Summer,Saudi Arabia,KSA,,,,,,0,True
2000,Summer,Saudi Arabia,KSA,,,,,,2,True
2004,Summer,Saudi Arabia,KSA,,,,,,0,True
1984,Summer,Oman,OMA,,,,,,0,True
2016,Summer,Oman,OMA,,,,,,0,True
1988,Summer,Saudi Arabia,KSA,Afghanistan War,1979.0,1989.0,"Soviet invasion to support communist government, US-led resistance to spread communism","Soviet withdrawal, Afghan victory",0,True
1992,Summer,Bahrain,BRN,,,,,,0,True
2008,Summer,Saudi Arabia,KSA,,,,,,0,True
2012,Summer,Saudi Arabia,KSA,,,,,,1,True
1992,Summer,Oman,OMA,,,,,,0,True
1992,Summer,Syria,SYR,,,,,,0,True
2012,Summer,Kuwait,KUW,,,,,,1,True
2004,Summer,Lebanon,LIB,,,,,,0,True
2012,Summer,Qatar,QAT,,,,,,2,True
2000,Summer,Qatar,QAT,,,,,,1,True
2016,Summer,Qatar,QAT,,,,,,1,True
2000,Summer,Lebanon,LIB,,,,,,0,True
2004,Summer,Kuwait,KUW,,,,,,0,True
2008,Summer,Kuwait,KUW,,,,,,0,True
1972,Summer,Saudi Arabia,KSA,,,,,,0,True
1992,Summer,Saudi Arabia,KSA,,,,,,0,True
1988,Summer,Syria,SYR,,,,,,0,True
2004,Summer,United Arab Emirates,UAE,,,,,,1,True
2016,Summer,United Arab Emirates,UAE,,,,,,1,True
1988,Summer,Oman,OMA,,,,,,0,True
2004,Summer,Bahrain,BRN,,,,,,0,True
2008,Summer,Bahrain,BRN,,,,,,0,True
2008,Summer,Syria,SYR,,,,,,0,True
2008,Summer,Oman,OMA,,,,,,0,True
1996,Summer,Bahrain,BRN,,,,,,0,True
2000,Summer,Oman,OMA,,,,,,0,True
2004,Summer,Oman,OMA,,,,,,0,True
2000,Summer,Palestine,PLE,,,,,,0,True
1988,Summer,Bahrain,BRN,,,,,,0,True
1992,Summer,Yemen,YEM,,,,,,0,True
2012,Summer,Bahrain,BRN,,,,,,1,True
2008,Summer,Yemen,YEM,,,,,,0,True
2012,Summer,Yemen,YEM,,,,,,0,True
1984,Summer,Yemen,YAR,,,,,,0,True
2012,Summer,Oman,OMA,,,,,,0,True
2008,Summer,Jordan,JOR,,,,,,0,True
1992,Summer,Jordan,JOR,,,,,,0,True
1996,Summer,Oman,OMA,,,,,,0,True
1996,Summer,Yemen,YEM,,,,,,0,True
2008,Summer,United Arab Emirates,UAE,,,,,,0,True
1988,Summer,Qatar,QAT,,,,,,0,True
1968,Summer,Iraq,IRQ,,,,,,0,True
2000,Summer,Yemen,YEM,,,,,,0,True
2000,Summer,United Arab Emirates,UAE,,,,,,0,True
2012,Summer,Sudan,SUD,,,,,,0,True
1996,Summer,Jordan,JOR,,,,,,0,True
1960,Summer,Tunisia,TUN,,,,,,0,True
2008,Summer,Finland,FIN,,,,,,4,True
2012,Summer,Finland,FIN,,,,,,3,True
1976,Summer,Belgium,BEL,,,,,,6,True
1980,Summer,Belgium,BEL,,,,,,1,True
1964,Summer,Malaysia,MAS,,,,,,0,True
1912,Summer,Italy,ITA,,,,,,8,True
2012,Summer,Fiji,FIJ,,,,,,0,True
1988,Summer,Bangladesh,BAN,,,,,,0,True
1956,Summer,Pakistan,PAK,,,,,,1,True
1996,Summer,Bangladesh,BAN,,,,,,0,True
2004,Summer,Benin,BEN,,,,,,0,True
1920,Summer,France,FRA,,,,,,42,True
1964,Summer,Finland,FIN,,,,,,5,True
1932,Summer,Mexico,MEX,,,,,,2,True
1992,Summer,Croatia,CRO,Bosnian War,1992.0,1995.0,Ethnic and nationalistic tensions following the breakup of Yugoslavia,"Bosnian victory, Dayton Agreement, War crimes trials",3,True
2004,Summer,Niger,NIG,,,,,,0,True
1988,Summer,Benin,BEN,,,,,,0,True
2012,Summer,Vanuatu,VAN,,,,,,0,True
1992,Summer,Individual Olympic Athletes,IOA,,,,,,3,True
1968,Summer,Spain,ESP,,,,,,0,True
1988,Summer,Colombia,COL,,,,,,1,True
1968,Summer,Italy,ITA,,,,,,16,True
1936,Summer,Brazil,BRA,,,,,,0,True
1936,Summer,Poland,POL,,,,,,9,True
1976,Summer,Italy,ITA,,,,,,13,True
1960,Summer,Spain,ESP,,,,,,1,True
1928,Summer,Argentina,ARG,,,,,,7,True
1996,Summer,Sweden,SWE,,,,,,8,True
1960,Summer,Hungary,HUN,,,,,,21,True
1908,Summer,France,FRA,,,,,,19,True
1952,Summer,Austria,AUT,,,,,,2,True
1992,Summer,Canada,CAN,,,,,,18,True
1988,Summer,Canada,CAN,,,,,,10,True
2008,Summer,Jamaica,JAM,,,,,,9,True
2012,Summer,Jamaica,JAM,,,,,,12,True
1906,Summer,Italy,ITA,,,,,,16,True
1952,Summer,Netherlands,NED,,,,,,5,True
1960,Summer,Peru,PER,,,,,,0,True
2016,Summer,Moldova,MDA,,,,,,0,True
1960,Summer,Switzerland,SUI,,,,,,6,True
1964,Summer,Switzerland,SUI,,,,,,4,True
1952,Summer,Switzerland,SUI,,,,,,14,True
1972,Summer,Sweden,SWE,,,,,,16,True
1976,Summer,Sweden,SWE,,,,,,5,True
1928,Summer,Romania,ROU,,,,,,0,True
1960,Summer,Portugal,POR,,,,,,1,True
1952,Summer,Bahamas,BAH,,,,,,0,True
1956,Summer,Bahamas,BAH,,,,,,1,True
1960,Summer,Bahamas,BAH,,,,,,0,True
1968,Summer,Bahamas,BAH,,,,,,0,True
1936,Summer,Peru,PER,,,,,,0,True
1976,Summer,Uruguay,URU,,,,,,0,True
1924,Summer,Italy,ITA,,,,,,16,True
2016,Summer,Mauritius,MRI,,,,,,0,True
1968,Summer,Guatemala,GUA,,,,,,0,True
1968,Summer,Cuba,CUB,,,,,,4,True
2012,Summer,Guatemala,GUA,,,,,,1,True
1964,Summer,Portugal,POR,,,,,,0,True
1972,Summer,Portugal,POR,,,,,,0,True
1980,Summer,Jamaica,JAM,,,,,,3,True
1964,Summer,Canada,CAN,,,,,,4,True
1972,Summer,Serbia,YUG,,,,,,5,True
1976,Summer,Serbia,YUG,,,,,,8,True
1980,Summer,Serbia,YUG,,,,,,9,True
2000,Summer,Romania,ROU,,,,,,26,True
1912,Summer,Chile,CHI,,,,,,0,True
2012,Summer,Puerto Rico,PUR,,,,,,2,True
1988,Summer,Dominican Republic,DOM,,,,,,0,True
1996,Summer,Dominican Republic,DOM,,,,,,0,True
1996,Summer,Lithuania,LTU,,,,,,1,True
2008,Summer,Lithuania,LTU,,,,,,5,True
2012,Summer,Bulgaria,BUL,,,,,,2,True
2016,Summer,Bulgaria,BUL,,,,,,3,True
1992,Summer,Bulgaria,BUL,,,,,,16,True
1996,Summer,Kyrgyzstan,KGZ,,,,,,0,True
1952,Summer,Russia,URS,,,,,,70,True
2004,Summer,Bulgaria,BUL,,,,,,12,True
2008,Summer,Bulgaria,BUL,,,,,,5,True
2012,Summer,Armenia,ARM,,,,,,3,True
2012,Summer,Latvia,LAT,,,,,,2,True
1996,Summer,Israel,ISR,,,,,,1,True
2000,Summer,Belarus,BLR,,,,,,17,True
2012,Summer,Serbia,SRB,,,,,,4,True
2016,Summer,Serbia,SRB,,,,,,8,True
2012,Summer,Belarus,BLR,,,,,,12,True
1928,Summer,Spain,ESP,,,,,,1,True
1980,Summer,Ethiopia,ETH,,,,,,4,True
1964,Summer,Ethiopia,ETH,,,,,,1,True
1968,Summer,Ethiopia,ETH,,,,,,2,True
1968,Summer,Brazil,BRA,,,,,,3,True
1972,Summer,Puerto Rico,PUR,,,,,,0,True
1960,Summer,Italy,ITA,,,,,,36,True
1948,Summer,Brazil,BRA,,,,,,1,True
1932,Summer,Germany,GER,,,,,,24,True
1988,Summer,Greece,GRE,,,,,,1,True
1968,Summer,Czech Republic,TCH,,,,,,13,True
1972,Summer,Czech Republic,TCH,,,,,,8,True
1980,Summer,Greece,GRE,,,,,,3,True
1984,Summer,Greece,GRE,,,,,,2,True
2012,Summer,"Virgin Islands, British",IVB,,,,,,0,True
2008,Summer,Saint Vincent,VIN,,,,,,0,True
2016,Summer,Saint Vincent,VIN,,,,,,0,True
2000,Summer,Trinidad,TTO,,,,,,2,True
2004,Summer,Trinidad,TTO,,,,,,1,True
2004,Summer,Canada,CAN,,,,,,12,True
1996,Summer,Iceland,ISL,,,,,,0,True
2000,Summer,Iceland,ISL,,,,,,1,True
2004,Summer,Iceland,ISL,,,,,,0,True
2016,Summer,Austria,AUT,,,,,,1,True
1980,Summer,Romania,ROU,,,,,,25,True
1968,Summer,Romania,ROU,,,,,,15,True
1968,Summer,Greece,GRE,,,,,,1,True
1980,Summer,Mozambique,MOZ,,,,,,0,True
2016,Summer,Niger,NIG,,,,,,1,True
1976,Summer,Colombia,COL,,,,,,0,True
1980,Summer,Colombia,COL,,,,,,0,True
2016,Summer,Costa Rica,CRC,,,,,,0,True
1928,Summer,Chile,CHI,,,,,,1,True
2012,Summer,El Salvador,ESA,,,,,,0,True
1960,Summer,Netherlands,NED,,,,,,3,True
1928,Summer,Luxembourg,LUX,,,,,,1,True
1992,Summer,"Virgin Islands, US",ISV,,,,,,0,True
1976,Summer,Iceland,ISL,,,,,,0,True
1988,Summer,Bermuda,BER,,,,,,0,True
1956,Summer,Brazil,BRA,,,,,,1,True
1960,Summer,Brazil,BRA,,,,,,2,True
1980,Summer,Nicaragua,NCA,,,,,,0,True
2008,Summer,Niger,NIG,,,,,,0,True
2016,Summer,Sudan,SUD,,,,,,0,True
2004,Summer,Central African Republic,CAF,,,,,,0,True
2008,Summer,Libya,LBA,,,,,,0,True
2012,Summer,Madagascar,MAD,,,,,,0,True
2016,Summer,Madagascar,MAD,,,,,,0,True
2008,Summer,Cameroon,CMR,,,,,,1,True
2000,Summer,Niger,NIG,,,,,,0,True
2016,Summer,Pakistan,PAK,,,,,,0,True
1980,Summer,Australia,AUS,,,,,,9,True
1960,Summer,Malaysia,MAL,,,,,,0,True
1956,Summer,Malaysia,MAL,,,,,,0,True
2004,Summer,Maldives,MDV,,,,,,0,True
1976,Summer,India,IND,,,,,,0,True
2012,Summer,Djibouti,DJI,,,,,,0,True
1996,Summer,Djibouti,DJI,,,,,,0,True
1960,Summer,Iran,IRI,,,,,,4,True
2008,Summer,Djibouti,DJI,,,,,,0,True
1972,Summer,Algeria,ALG,,,,,,0,True
2016,Summer,Chad,CHA,,,,,,0,True
2000,Summer,Djibouti,DJI,,,,,,0,True
2008,Summer,Bosnia and Herzegovina,BIH,,,,,,0,True
2016,Summer,Bosnia and Herzegovina,BIH,,,,,,0,True
2008,Summer,Guam,GUM,,,,,,0,True
1996,Summer,Moldova,MDA,,,,,,2,True
1972,Summer,Indonesia,INA,,,,,,0,True
2008,Summer,Croatia,CRO,,,,,,5,True
2012,Summer,Croatia,CRO,,,,,,6,True
1964,Summer,Philippines,PHI,,,,,,1,True
1988,Summer,Samoa,SAM,,,,,,0,True
1992,Summer,Samoa,SAM,,,,,,0,True
1968,Summer,Hungary,HUN,,,,,,32,True
2012,Summer,Philippines,PHI,,,,,,0,True
2016,Summer,Philippines,PHI,,,,,,1,True
1976,Summer,Pakistan,PAK,,,,,,1,True
2016,Summer,Cayman Islands,CAY,,,,,,0,True
2000,Summer,Slovakia,SVK,,,,,,5,True
1952,Summer,Belgium,BEL,,,,,,4,True
1984,Summer,Niger,NIG,,,,,,0,True
1952,Summer,UK,GBR,,,,,,11,True
1956,Summer,UK,GBR,,,,,,24,True
1936,Summer,France,FRA,,,,,,19,True
2004,Summer,Switzerland,SUI,,,,,,5,True
2016,Summer,Syria,SYR,,,,,,0,True
2000,Summer,Guyana,GUY,,,,,,0,True
1960,Summer,USA,USA,Vietnam War,1955.0,1975.0,"Cold War, Spread of communism in Southeast Asia","North Vietnamese victory, Unification under communism",71,True
1968,Summer,USA,USA,Vietnam War,1955.0,1975.0,"Cold War, Spread of communism in Southeast Asia","North Vietnamese victory, Unification under communism",107,True
2004,Summer,Austria,AUT,,,,,,7,True
1956,Summer,USA,USA,Vietnam War,1955.0,1975.0,"Cold War, Spread of communism in Southeast Asia","North Vietnamese victory, Unification under communism",74,True
1960,Summer,Australia,AUS,,,,,,22,True
1964,Summer,USA,USA,Vietnam War,1955.0,1975.0,"Cold War, Spread of communism in Southeast Asia","North Vietnamese victory, Unification under communism",90,True
2016,Summer,Jamaica,JAM,,,,,,11,True
2000,Summer,Jamaica,JAM,,,,,,9,True
2004,Summer,Jamaica,JAM,,,,,,5,True
1932,Summer,India,IND,,,,,,1,True
1936,Summer,India,IND,,,,,,1,True
1996,Summer,Ireland,IRL,,,,,,4,True
1912,Summer,Denmark,DEN,,,,,,12,True
2000,Summer,Barbados,BAR,,,,,,1,True
2004,Summer,Barbados,BAR,,,,,,0,True
1992,Summer,Barbados,BAR,,,,,,0,True
1996,Summer,Trinidad,TTO,,,,,,2,True
1980,Summer,Tanzania,TAN,,,,,,2,True
2016,Summer,Estonia,EST,,,,,,1,True
1924,Summer,USA,USA,,,,,,99,True
2012,Summer,Seychelles,SEY,,,,,,0,True
2016,Summer,Seychelles,SEY,,,,,,0,True
1920,Summer,Italy,ITA,,,,,,25,True
1964,Summer,Belgium,BEL,,,,,,3,True
2004,Summer,Ivory Coast,CIV,,,,,,0,True
1992,Summer,Guam,GUM,,,,,,0,True
1972,Summer,Jamaica,JAM,,,,,,1,True
1976,Summer,Jamaica,JAM,,,,,,2,True
2008,Summer,Barbados,BAR,,,,,,0,True
2012,Summer,Barbados,BAR,,,,,,0,True
2012,Summer,Ecuador,ECU,,,,,,0,True
2016,Summer,Ecuador,ECU,,,,,,0,True
1952,Summer,Mexico,MEX,,,,,,1,True
1964,Summer,Uruguay,URU,,,,,,1,True
1976,Summer,Philippines,PHI,,,,,,0,True
1992,Summer,Philippines,PHI,,,,,,1,True
1980,Summer,Hungary,HUN,,,,,,32,True
1996,Summer,Guinea-Bissau,GBS,,,,,,0,True
2004,Summer,Angola,ANG,,,,,,0,True
2004,Summer,Portugal,POR,,,,,,3,True
2012,Summer,Angola,ANG,,,,,,0,True
1988,Summer,Norway,NOR,,,,,,5,True
1904,Summer,Canada,CAN,,,,,,6,True
2008,Summer,Chile,CHI,,,,,,1,True
1972,Summer,Israel,ISR,,,,,,0,True
1924,Summer,Cuba,CUB,,,,,,0,True
1924,Summer,Spain,ESP,,,,,,0,True
1984,Summer,Guatemala,GUA,,,,,,0,True
1984,Summer,Tunisia,TUN,,,,,,0,True
2012,Summer,Norway,NOR,,,,,,4,True
1968,Summer,Switzerland,SUI,,,,,,5,True
1936,Summer,Austria,AUT,,,,,,17,True
1948,Summer,Serbia,YUG,,,,,,2,True
1996,Summer,Romania,ROU,,,,,,19,True
1972,Summer,Spain,ESP,,,,,,1,True
1976,Summer,Costa Rica,CRC,,,,,,0,True
1992,Summer,Paraguay,PAR,,,,,,0,True
2000,Summer,Venezuela,VEN,,,,,,0,True
2004,Summer,Venezuela,VEN,,,,,,2,True
1976,Summer,Puerto Rico,PUR,,,,,,1,True
2000,Summer,Chile,CHI,,,,,,1,True
2008,Summer,Honduras,HON,,,,,,0,True
2008,Summer,Colombia,COL,,,,,,2,True
1992,Summer,Costa Rica,CRC,,,,,,0,True
1972,Summer,"Virgin Islands, US",ISV,,,,,,0,True
1980,Summer,Mexico,MEX,,,,,,4,True
1928,Summer,Portugal,POR,,,,,,1,True
1952,Summer,Portugal,POR,,,,,,1,True
1984,Summer,Peru,PER,,,,,,1,True
1988,Summer,Peru,PER,,,,,,1,True
1992,Summer,Peru,PER,,,,,,1,True
1988,Summer,Malaysia,MAS,,,,,,0,True
1964,Summer,Netherlands,NED,,,,,,10,True
1920,Summer,Luxembourg,LUX,,,,,,1,True
1924,Summer,Luxembourg,LUX,,,,,,2,True
1992,Summer,Central African Republic,CAF,,,,,,0,True
2016,Summer,Panama,PAN,,,,,,0,True
1972,Summer,El Salvador,ESA,,,,,,0,True
2012,Summer,Costa Rica,CRC,,,,,,0,True
1984,Summer,Thailand,THA,,,,,,1,True
1972,Summer,Malaysia,MAS,,,,,,0,True
2008,Summer,Uzbekistan,UZB,,,,,,6,True
1992,Summer,Sierra Leone,SLE,,,,,,0,True
1996,Summer,Sierra Leone,SLE,,,,,,0,True
2000,Summer,Individual Olympic Athletes,IOA,,,,,,0,True
2004,Summer,Timor-Leste,TLS,,,,,,0,True
1960,Summer,Venezuela,VEN,,,,,,1,True
1932,Summer,Spain,ESP,,,,,,1,True
1956,Summer,Italy,ITA,,,,,,25,True
1952,Summer,Venezuela,VEN,,,,,,1,True
1996,Summer,Democratic Republic of the Congo,COD,,,,,,0,True
1928,Summer,Greece,GRE,,,,,,0,True
1992,Summer,Bangladesh,BAN,,,,,,0,True
2016,Summer,Gabon,GAB,,,,,,0,True
1984,Summer,Central African Republic,CAF,,,,,,0,True
1988,Summer,Central African Republic,CAF,,,,,,0,True
1980,Summer,Germany,GDR,,,,,,126,True
2012,Summer,Austria,AUT,,,,,,0,True
2000,Summer,Austria,AUT,,,,,,3,True
1968,Summer,Poland,POL,,,,,,18,True
1988,Summer,Serbia,YUG,,,,,,12,True
1976,Summer,Hungary,HUN,,,,,,22,True
2004,Summer,Namibia,NAM,,,,,,0,True
1948,Summer,Austria,AUT,,,,,,8,True
2000,Summer,Indonesia,INA,,,,,,6,True
1920,Summer,Brazil,BRA,,,,,,3,True
1932,Summer,Brazil,BRA,,,,,,0,True
1992,Summer,Sri Lanka,SRI,,,,,,0,True
2000,Summer,Bahamas,BAH,,,,,,3,True
2004,Summer,Bahamas,BAH,,,,,,2,True
2008,Summer,Bahamas,BAH,,,,,,2,True
2012,Summer,Bahamas,BAH,,,,,,1,True
2016,Summer,Bahamas,BAH,,,,,,2,True
1984,Summer,Venezuela,VEN,,,,,,3,True
1992,Summer,San Marino,SMR,,,,,,0,True
1996,Summer,San Marino,SMR,,,,,,0,True
2000,Summer,San Marino,SMR,,,,,,0,True
2004,Summer,San Marino,SMR,,,,,,0,True
1952,Summer,Israel,ISR,,,,,,0,True
1960,Summer,Lebanon,LIB,,,,,,0,True
1984,Summer,Israel,ISR,,,,,,0,True
1988,Summer,Israel,ISR,,,,,,0,True
1992,Summer,Israel,ISR,,,,,,2,True
1992,Summer,Maldives,MDV,,,,,,0,True
1996,Summer,Maldives,MDV,,,,,,0,True
2016,Summer,Israel,ISR,,,,,,2,True
2008,Summer,Malaysia,MAS,,,,,,1,True
1988,Summer,Democratic Republic of the Congo,COD,,,,,,0,True
1992,Summer,Democratic Republic of the Congo,COD,,,,,,0,True
2016,Summer,Thailand,THA,,,,,,6,True
1956,Summer,Denmark,DEN,,,,,,4,True
1996,Summer,Laos,LAO,,,,,,0,True
1984,Summer,Tanzania,TAN,,,,,,0,True
2008,Summer,Ghana,GHA,,,,,,0,True
1968,Summer,Guyana,GUY,,,,,,0,True
1972,Summer,Bermuda,BER,,,,,,0,True
2012,Summer,Botswana,BOT,,,,,,1,True
2016,Summer,Botswana,BOT,,,,,,0,True
1976,Summer,Dominican Republic,DOM,,,,,,0,True
1992,Summer,Austria,AUT,,,,,,2,True
2012,Summer,Ghana,GHA,,,,,,0,True
1972,Summer,Kenya,KEN,,,,,,9,True
1964,Summer,Uganda,UGA,,,,,,0,True
1908,Summer,Norway,NOR,,,,,,8,True
1976,Summer,Norway,NOR,,,,,,2,True
1972,Summer,Bulgaria,BUL,,,,,,21,True
2016,Summer,South Korea,KOR,,,,,,21,True
1984,Summer,South Korea,KOR,,,,,,19,True
1988,Summer,South Korea,KOR,,,,,,33,True
1964,Summer,South Korea,KOR,Vietnam War,1955.0,1975.0,"Cold War, Spread of communism in Southeast Asia","North Vietnamese victory, Unification under communism",3,True
1948,Summer,South Korea,KOR,,,,,,2,True
1956,Summer,South Korea,KOR,Vietnam War,1955.0,1975.0,"Cold War, Spread of communism in Southeast Asia","North Vietnamese victory, Unification under communism",2,True
1968,Summer,South Korea,KOR,Vietnam War,1955.0,1975.0,"Cold War, Spread of communism in Southeast Asia","North Vietnamese victory, Unification under communism",2,True
1972,Summer,South Korea,KOR,Vietnam War,1955.0,1975.0,"Cold War, Spread of communism in Southeast Asia","North Vietnamese victory, Unification under communism",1,True
1964,Summer,Cambodia,CAM,,,,,,0,True
1976,Summer,North Korea,PRK,,,,,,2,True
1992,Summer,South Korea,KOR,,,,,,28,True
1976,Summer,South Korea,KOR,,,,,,6,True
1996,Summer,South Korea,KOR,,,,,,27,True
1960,Summer,South Korea,KOR,Vietnam War,1955.0,1975.0,"Cold War, Spread of communism in Southeast Asia","North Vietnamese victory, Unification under communism",0,True
2008,Summer,South Korea,KOR,,,,,,31,True
2008,Summer,North Korea,PRK,,,,,,6,True
2012,Summer,North Korea,PRK,,,,,,6,True
1992,Summer,North Korea,PRK,,,,,,9,True
2004,Summer,South Korea,KOR,,,,,,30,True
1996,Summer,China,CHN,,,,,,51,True
2000,Summer,Mozambique,MOZ,,,,,,1,True
1924,Summer,Greece,GRE,,,,,,1,True
2004,Summer,Brunei,BRU,,,,,,0,True
1996,Summer,Solomon Islands,SOL,,,,,,0,True
1956,Summer,Romania,ROU,,,,,,13,True
1960,Summer,Romania,ROU,,,,,,10,True
1984,Summer,Serbia,YUG,,,,,,18,True
1968,Summer,Ecuador,ECU,,,,,,0,True
2004,Summer,Croatia,CRO,,,,,,5,True
1900,Summer,Austria,AUT,,,,,,6,True
1906,Summer,Denmark,DEN,,,,,,6,True
1932,Summer,Denmark,DEN,,,,,,8,True
1936,Summer,Denmark,DEN,,,,,,5,True
1992,Summer,Denmark,DEN,,,,,,6,True
2016,Summer,Denmark,DEN,,,,,,15,True
1960,Summer,Denmark,DEN,,,,,,6,True
1900,Summer,Norway,NOR,,,,,,5,True
1906,Summer,Norway,NOR,,,,,,2,True
2004,Summer,Denmark,DEN,,,,,,8,True
1924,Summer,Denmark,DEN,,,,,,11,True
1964,Summer,Denmark,DEN,,,,,,6,True
1976,Summer,Denmark,DEN,,,,,,3,True
1968,Summer,Denmark,DEN,,,,,,8,True
2008,Summer,Denmark,DEN,,,,,,7,True
2012,Summer,Denmark,DEN,,,,,,9,True
1984,Summer,Denmark,DEN,,,,,,6,True
1964,Summer,Ireland,IRL,,,,,,1,True
1988,Summer,Guam,GUM,,,,,,0,True
1968,Summer,Belize,BIZ,,,,,,0,True
1988,Summer,New Zealand,NZL,,,,,,13,True
1992,Summer,New Zealand,NZL,,,,,,10,True
1996,Summer,New Zealand,NZL,,,,,,6,True
1976,Summer,Guatemala,GUA,,,,,,0,True
1968,Summer,Australia,AUS,,,,,,17,True
1908,Summer,Canada,CAN,,,,,,16,True
1900,Summer,UK,GBR,,,,,,42,True
1936,Summer,Latvia,LAT,,,,,,2,True
1906,Summer,Sweden,SWE,,,,,,14,True
1952,Summer,South Africa,RSA,,,,,,10,True
2004,Summer,Colombia,COL,,,,,,2,True
2012,Summer,Kenya,KEN,,,,,,11,True
1972,Summer,Senegal,SEN,,,,,,0,True
1960,Summer,Colombia,COL,,,,,,0,True
1996,Summer,Cape Verde,CPV,,,,,,0,True
2016,Summer,Cape Verde,CPV,,,,,,0,True
1924,Summer,Uruguay,URU,,,,,,1,True
1928,Summer,Uruguay,URU,,,,,,1,True
1948,Summer,Hungary,HUN,,,,,,27,True
1984,Summer,Mauritius,MRI,,,,,,0,True
2000,Summer,Portugal,POR,,,,,,2,True
1948,Summer,Netherlands,NED,,,,,,16,True
1964,Summer,Romania,ROU,,,,,,12,True
1988,Summer,Romania,ROU,,,,,,24,True
2016,Summer,Poland,POL,,,,,,11,True
1996,Summer,Cyprus,CYP,,,,,,0,True
1936,Summer,Portugal,POR,,,,,,1,True
1992,Summer,Iceland,ISL,,,,,,0,True
1976,Summer,"Virgin Islands, US",ISV,,,,,,0,True
2012,Summer,Ireland,IRL,,,,,,5,True
1972,Summer,Madagascar,MAD,,,,,,0,True
2004,Summer,Madagascar,MAD,,,,,,0,True
2008,Summer,Madagascar,MAD,,,,,,0,True
1980,Summer,Madagascar,MAD,,,,,,0,True
1920,Summer,Greece,GRE,,,,,,1,True
1992,Summer,Romania,ROU,,,,,,18,True
1960,Summer,Luxembourg,LUX,,,,,,0,True
2004,Summer,Czech Republic,CZE,,,,,,9,True
2000,Summer,Czech Republic,CZE,,,,,,8,True
1964,Summer,Czech Republic,TCH,,,,,,14,True
1968,Summer,Canada,CAN,,,,,,5,True
2004,Summer,Mongolia,MGL,,,,,,1,True
2012,Summer,Mongolia,MGL,,,,,,5,True
1928,Summer,Austria,AUT,,,,,,4,True
1964,Summer,Poland,POL,,,,,,23,True
2016,Summer,Dominican Republic,DOM,,,,,,1,True
2000,Summer,India,IND,,,,,,1,True
1972,Summer,Luxembourg,LUX,,,,,,0,True
1948,Summer,Luxembourg,LUX,,,,,,0,True
1952,Summer,Luxembourg,LUX,,,,,,1,True
1956,Summer,Kenya,KEN,,,,,,0,True
1996,Summer,Bulgaria,BUL,,,,,,15,True
2008,Summer,Philippines,PHI,,,,,,0,True
1984,Summer,,SGP,,,,,,0,True
1988,Summer,,SGP,,,,,,0,True
1988,Summer,Honduras,HON,,,,,,0,True
1996,Summer,Honduras,HON,,,,,,0,True
1924,Summer,Australia,AUS,,,,,,6,True
2000,Summer,Bulgaria,BUL,,,,,,13,True
1936,Summer,Bulgaria,BUL,,,,,,0,True
1952,Summer,Bulgaria,BUL,,,,,,1,True
1928,Summer,Ireland,IRL,,,,,,1,True
1968,Summer,Serbia,YUG,,,,,,8,True
2012,Summer,Slovenia,SLO,,,,,,4,True
2004,Summer,Ghana,GHA,,,,,,0,True
1964,Summer,Luxembourg,LUX,,,,,,0,True
1992,Summer,Indonesia,INA,,,,,,5,True
1984,Summer,Portugal,POR,,,,,,3,True
1924,Summer,Czech Republic,TCH,,,,,,10,True
1960,Summer,Serbia,YUG,,,,,,2,True
1952,Summer,Puerto Rico,PUR,,,,,,0,True
1984,Summer,Belgium,BEL,,,,,,4,True
1932,Summer,Japan,JPN,,,,,,18,True
1988,Summer,Sudan,SUD,,,,,,0,True
1924,Summer,Lithuania,LTU,,,,,,0,True
1968,Summer,Curacao,AHO,,,,,,0,True
1996,Summer,Switzerland,SUI,,,,,,7,True
2000,Summer,Switzerland,SUI,,,,,,9,True
1964,Summer,New Zealand,NZL,,,,,,5,True
1968,Summer,New Zealand,NZL,,,,,,3,True
2012,Summer,Palau,PLW,,,,,,0,True
1908,Summer,Belgium,BEL,,,,,,8,True
1992,Summer,Equatorial Guinea,GEQ,,,,,,0,True
2012,Summer,Hungary,HUN,,,,,,18,True
2016,Summer,Hungary,HUN,,,,,,15,True
1992,Summer,Boliva,BOL,,,,,,0,True
1952,Summer,India,IND,,,,,,2,True
1980,Summer,Guyana,GUY,,,,,,1,True
1960,Summer,India,IND,,,,,,1,True
1956,Summer,Serbia,YUG,,,,,,3,True
2012,Summer,India,IND,,,,,,6,True
1956,Summer,Czech Republic,TCH,,,,,,6,True
2004,Summer,Romania,ROU,,,,,,19,True
1928,Summer,Poland,POL,,,,,,7,True
1928,Summer,Serbia,YUG,,,,,,5,True
1996,Summer,Jamaica,JAM,,,,,,6,True
1988,Summer,Austria,AUT,,,,,,1,True
1912,Summer,Greece,GRE,,,,,,2,True
1908,Summer,Hungary,HUN,,,,,,9,True
1928,Summer,Czech Republic,TCH,,,,,,9,True
2008,Summer,Czech Republic,CZE,,,,,,6,True
2012,Summer,Czech Republic,CZE,,,,,,10,True
2016,Summer,Czech Republic,CZE,,,,,,10,True
1924,Summer,Estonia,EST,,,,,,6,True
1956,Summer,Finland,FIN,,,,,,15,True
1968,Summer,Iran,IRI,,,,,,5,True
1964,Summer,Afghanistan,AFG,,,,,,0,True
1960,Summer,Greece,GRE,,,,,,1,True
2008,Summer,China,CHN,,,,,,100,True
2004,Summer,Laos,LAO,,,,,,0,True
1952,Summer,Japan,JPN,,,,,,8,True
1964,Summer,Lebanon,LIB,,,,,,0,True
1956,Summer,Colombia,COL,,,,,,0,True
1906,Summer,Hungary,HUN,,,,,,10,True
2016,Summer,Benin,BEN,,,,,,0,True
1988,Summer,Belgium,BEL,,,,,,2,True
1992,Summer,Belgium,BEL,,,,,,3,True
1996,Summer,Belgium,BEL,,,,,,6,True
2000,Summer,Belgium,BEL,,,,,,5,True
1992,Summer,Antigua,ANT,,,,,,0,True
2016,Summer,Uruguay,URU,,,,,,0,True
2012,Summer,South Africa,RSA,,,,,,6,True
1924,Summer,Latvia,LAT,,,,,,0,True
2000,Summer,Malta,MLT,,,,,,0,True
1992,Summer,Dominican Republic,DOM,,,,,,0,True
1988,Summer,Guatemala,GUA,,,,,,0,True
1956,Summer,Cuba,CUB,,,,,,0,True
2008,Summer,Turkmenistan,TKM,,,,,,0,True
2008,Summer,Latvia,LAT,,,,,,3,True
1996,Summer,Colombia,COL,,,,,,0,True
1996,Summer,Chile,CHI,,,,,,0,True
1968,Summer,Colombia,COL,,,,,,0,True
1964,Summer,Colombia,COL,,,,,,0,True
1984,Summer,Colombia,COL,,,,,,1,True
1988,Summer,Iceland,ISL,,,,,,0,True
1988,Summer,Mozambique,MOZ,,,,,,0,True
1936,Summer,Greece,GRE,,,,,,0,True
1948,Summer,Greece,GRE,,,,,,0,True
1952,Summer,Greece,GRE,,,,,,0,True
2012,Summer,Chile,CHI,,,,,,0,True
1996,Summer,Indonesia,INA,,,,,,4,True
1936,Summer,New Zealand,NZL,,,,,,1,True
1924,Summer,Serbia,YUG,,,,,,2,True
1960,Summer,Guyana,GUY,,,,,,0,True
1968,Summer,Trinidad,TTO,,,,,,0,True
1984,Summer,Trinidad,TTO,,,,,,0,True
1906,Summer,Canada,CAN,,,,,,2,True
1972,Summer,New Zealand,NZL,,,,,,3,True
1932,Summer,Canada,CAN,,,,,,16,True
2004,Summer,Ireland,IRL,,,,,,0,True
2008,Summer,Ireland,IRL,,,,,,3,True
2008,Summer,Thailand,THA,,,,,,4,True
2012,Summer,Thailand,THA,,,,,,3,True
1920,Summer,Czech Republic,TCH,,,,,,2,True
1964,Summer,Thailand,THA,,,,,,0,True
1988,Summer,Luxembourg,LUX,,,,,,0,True
2000,Summer,Luxembourg,LUX,,,,,,0,True
2016,Summer,Latvia,LAT,,,,,,0,True
1980,Summer,Cyprus,CYP,,,,,,0,True
2004,Summer,Guatemala,GUA,,,,,,0,True
2008,Summer,Guatemala,GUA,,,,,,0,True
1980,Summer,Ecuador,ECU,,,,,,0,True
2008,Summer,El Salvador,ESA,,,,,,0,True
1968,Summer,Nicaragua,NCA,,,,,,0,True
2012,Summer,Dominican Republic,DOM,,,,,,2,True
1996,Summer,Peru,PER,,,,,,0,True
2016,Summer,Andorra,AND,,,,,,0,True
1964,Summer,Israel,ISR,,,,,,0,True
1956,Summer,Indonesia,INA,,,,,,0,True
1928,Summer,Turkey,TUR,,,,,,0,True
1992,Summer,Netherlands,NED,,,,,,15,True
1972,Summer,Thailand,THA,,,,,,0,True
2012,Summer,Peru,PER,,,,,,0,True
1960,Summer,Thailand,THA,,,,,,0,True
1992,Summer,Greece,GRE,,,,,,2,True
2000,Summer,Guinea-Bissau,GBS,,,,,,0,True
1924,Summer,Haiti,HAI,,,,,,1,True
1924,Summer,Romania,ROU,,,,,,1,True
2008,Summer,Trinidad,TTO,,,,,,2,True
1972,Summer,Trinidad,TTO,,,,,,0,True
1924,Summer,Canada,CAN,,,,,,4,True
1960,Summer,Ireland,IRL,,,,,,0,True
2008,Summer,Hungary,HUN,,,,,,10,True
1948,Summer,Iceland,ISL,,,,,,0,True
2008,Summer,Iceland,ISL,,,,,,1,True
2012,Summer,Iceland,ISL,,,,,,0,True
1956,Summer,Germany,GER,,,,,,26,True
1988,Summer,"Virgin Islands, British",IVB,,,,,,0,True
1956,Summer,Canada,CAN,,,,,,6,True
1906,Summer,Austria,AUT,,,,,,9,True
1908,Summer,Finland,FIN,,,,,,5,True
2012,Summer,Israel,ISR,,,,,,0,True
2000,Summer,Tunisia,TUN,,,,,,0,True
1976,Summer,Venezuela,VEN,,,,,,1,True
1972,Summer,Afghanistan,AFG,,,,,,0,True
2004,Summer,Dominican Republic,DOM,,,,,,1,True
2004,Summer,Chile,CHI,,,,,,3,True
2004,Summer,Costa Rica,CRC,,,,,,0,True
1972,Summer,Boliva,BOL,,,,,,0,True
2008,Summer,Puerto Rico,PUR,,,,,,0,True
2012,Summer,Mauritius,MRI,,,,,,0,True
1992,Summer,Lebanon,LIB,,,,,,0,True
1984,Summer,Lebanon,LIB,,,,,,0,True
1948,Summer,South Africa,RSA,,,,,,6,True
2012,Summer,Moldova,MDA,,,,,,2,True
2016,Summer,Cyprus,CYP,,,,,,0,True
2004,Summer,Israel,ISR,,,,,,2,True
1972,Summer,Panama,PAN,,,,,,0,True
2000,Summer,Georgia,GEO,,,,,,6,True
2004,Summer,Georgia,GEO,,,,,,4,True
1968,Summer,Kenya,KEN,,,,,,9,True
1968,Summer,Boliva,BOL,,,,,,0,True
1984,Summer,Boliva,BOL,,,,,,0,True
2008,Summer,Switzerland,SUI,,,,,,7,True
2004,Summer,Zimbabwe,ZIM,,,,,,3,True
1984,Summer,Fiji,FIJ,,,,,,0,True
1988,Summer,Fiji,FIJ,,,,,,0,True
1952,Summer,New Zealand,NZL,,,,,,3,True
2004,Summer,Grenada,GRN,,,,,,0,True
1988,Summer,Suriname,SUR,,,,,,1,True
1992,Summer,Suriname,SUR,,,,,,1,True
1992,Summer,Turkey,TUR,,,,,,6,True
2000,Summer,Eritrea,ERI,,,,,,0,True
1948,Summer,Canada,CAN,,,,,,4,True
1996,Summer,Equatorial Guinea,GEQ,,,,,,0,True
1952,Summer,Philippines,PHI,,,,,,0,True
1984,Summer,Philippines,PHI,,,,,,0,True
1968,Summer,Thailand,THA,,,,,,0,True
1976,Summer,Thailand,THA,,,,,,1,True
1984,Summer,Solomon Islands,SOL,,,,,,0,True
1992,Summer,Solomon Islands,SOL,,,,,,0,True
1968,Summer,Chile,CHI,,,,,,0,True
2004,Summer,Cameroon,CMR,,,,,,1,True
1996,Summer,Turkmenistan,TKM,,,,,,0,True
2000,Summer,Turkmenistan,TKM,,,,,,0,True
1952,Summer,Czech Republic,TCH,,,,,,13,True
1972,Summer,Guyana,GUY,,,,,,0,True
2016,Summer,Comoros,COM,,,,,,0,True
1988,Summer,Barbados,BAR,,,,,,0,True
2012,Summer,Guam,GUM,,,,,,0,True
1924,Summer,South Africa,RSA,,,,,,3,True
1928,Summer,South Africa,RSA,,,,,,3,True
1956,Summer,Hungary,HUN,,,,,,26,True
2008,Summer,Malta,MLT,,,,,,0,True
2016,Summer,Libya,LBA,,,,,,0,True
1988,Summer,Senegal,SEN,,,,,,1,True
1992,Summer,Senegal,SEN,,,,,,0,True
1988,Summer,China,HKG,,,,,,28,True
2012,Summer,Gabon,GAB,,,,,,1,True
1960,Summer,South Africa,RSA,,,,,,3,True
1980,Summer,Austria,AUT,,,,,,4,True
1984,Summer,Austria,AUT,,,,,,3,True
2016,Summer,Saint Lucia,LCA,,,,,,0,True
1936,Summer,Czech Republic,TCH,,,,,,9,True
2016,Summer,Mozambique,MOZ,,,,,,0,True
2008,Summer,Haiti,HAI,,,,,,0,True
2000,Summer,Madagascar,MAD,,,,,,0,True
2000,Summer,Mauritius,MRI,,,,,,0,True
2016,Summer,Micronesia,FSM,,,,,,0,True
1996,Summer,"Virgin Islands, British",IVB,,,,,,0,True
1984,Summer,Samoa,SAM,,,,,,0,True
2012,Summer,Myanmar,MYA,,,,,,0,True
2000,Summer,Estonia,EST,,,,,,3,True
2004,Summer,Seychelles,SEY,,,,,,0,True
1960,Summer,Austria,AUT,,,,,,2,True
1976,Summer,Austria,AUT,,,,,,1,True
2004,Summer,Serbia,SCG,,,,,,2,True
1988,Summer,Papua New Guinea,PNG,,,,,,0,True
1988,Summer,El Salvador,ESA,,,,,,0,True
1956,Summer,Argentina,ARG,,,,,,2,True
2000,Summer,Israel,ISR,,,,,,1,True
2008,Summer,Israel,ISR,,,,,,1,True
1984,Summer,Honduras,HON,,,,,,0,True
1992,Summer,Guatemala,GUA,,,,,,0,True
1988,Summer,Mongolia,MGL,,,,,,1,True
1972,Summer,Greece,GRE,,,,,,2,True
1988,Summer,Cyprus,CYP,,,,,,0,True
1992,Summer,Cyprus,CYP,,,,,,0,True
1996,Summer,Armenia,ARM,,,,,,2,True
2000,Summer,Armenia,ARM,,,,,,1,True
1956,Summer,Myanmar,MYA,,,,,,0,True
1988,Summer,Ivory Coast,CIV,,,,,,0,True
2000,Summer,Kenya,KEN,,,,,,7,True
1972,Summer,Iceland,ISL,,,,,,0,True
1964,Summer,Tunisia,TUN,,,,,,2,True
1968,Summer,Tunisia,TUN,,,,,,2,True
2004,Summer,Tunisia,TUN,,,,,,0,True
1972,Summer,Myanmar,MYA,,,,,,0,True
1972,Summer,Ivory Coast,CIV,,,,,,0,True
1976,Summer,Ivory Coast,CIV,,,,,,0,True
1984,Summer,Malawi,MAW,,,,,,0,True
1988,Summer,Malawi,MAW,,,,,,0,True
2016,Summer,Togo,TOG,,,,,,0,True
1980,Summer,Peru,PER,,,,,,0,True
1968,Summer,Afghanistan,AFG,,,,,,0,True
1932,Summer,Argentina,ARG,,,,,,4,True
1956,Summer,Portugal,POR,,,,,,0,True
2004,Summer,Afghanistan,AFG,,,,,,0,True
2008,Summer,Afghanistan,AFG,,,,,,1,True
2012,Summer,Afghanistan,AFG,,,,,,1,True
2012,Summer,Senegal,SEN,,,,,,0,True
2016,Summer,Mauritania,MTN,,,,,,0,True
2008,Summer,Senegal,SEN,,,,,,0,True
1976,Summer,Senegal,SEN,,,,,,0,True
1984,Summer,China,CHN,,,,,,32,True
2016,Summer,Yemen,YEM,,,,,,0,True
1984,Summer,Senegal,SEN,,,,,,0,True
2000,Summer,Mongolia,MGL,,,,,,0,True
2004,Summer,Slovakia,SVK,,,,,,6,True
1964,Summer,Zambia,ZAM,,,,,,0,True
2004,Summer,Slovenia,SLO,,,,,,4,True
2016,Summer,Croatia,CRO,,,,,,10,True
1992,Summer,Papua New Guinea,PNG,,,,,,0,True
1972,Summer,India,IND,,,,,,1,True
2004,Summer,Democratic Republic of the Congo,COD,,,,,,0,True
1996,Summer,Seychelles,SEY,,,,,,0,True
2012,Summer,Lebanon,LIB,,,,,,0,True
1936,Summer,Australia,AUS,,,,,,1,True
1906,Summer,USA,USA,,,,,,23,True
1932,Summer,Hungary,HUN,,,,,,16,True
1980,Summer,Senegal,SEN,,,,,,0,True
2004,Summer,Senegal,SEN,,,,,,0,True
1992,Summer,Mongolia,MGL,,,,,,2,True
1928,Summer,Hungary,HUN,,,,,,10,True
2008,Summer,Mongolia,MGL,,,,,,4,True
1960,Summer,Zimbabwe,RHO,,,,,,0,True
2000,Summer,South Korea,KOR,,,,,,28,True
2012,Summer,South Korea,KOR,,,,,,28,True
1968,Summer,Belgium,BEL,,,,,,2,True
1972,Summer,Belgium,BEL,,,,,,2,True
1960,Summer,Puerto Rico,PUR,,,,,,0,True
1968,Summer,Mali,MLI,,,,,,0,True
2008,Summer,Mali,MLI,,,,,,0,True
1992,Summer,Lithuania,LTU,,,,,,2,True
1956,Summer,Iran,IRI,,,,,,5,True
2008,Summer,Gabon,GAB,,,,,,0,True
1988,Summer,Guinea,GUI,,,,,,0,True
1992,Summer,Guinea,GUI,,,,,,0,True
2000,Summer,Guinea,GUI,,,,,,0,True
2008,Summer,Ecuador,ECU,,,,,,1,True
1976,Summer,Morocco,MAR,,,,,,0,True
2004,Summer,Malaysia,MAS,,,,,,0,True
1956,Summer,Ethiopia,ETH,,,,,,0,True
1996,Summer,Taiwan,TPE,,,,,,1,True
1996,Summer,Sao Tome and Principe,STP,,,,,,0,True
2004,Summer,Nepal,NEP,,,,,,0,True
1964,Summer,Trinidad,TTO,,,,,,3,True
2004,Summer,Antigua,ANT,,,,,,0,True
2008,Summer,Antigua,ANT,,,,,,0,True
2012,Summer,Antigua,ANT,,,,,,0,True
2016,Summer,Antigua,ANT,,,,,,0,True
1996,Summer,Republic of Congo,CGO,,,,,,0,True
2000,Summer,Republic of Congo,CGO,,,,,,0,True
2004,Summer,Republic of Congo,CGO,,,,,,0,True
2008,Summer,Republic of Congo,CGO,,,,,,0,True
2012,Summer,Republic of Congo,CGO,,,,,,0,True
1952,Summer,Serbia,YUG,,,,,,3,True
1988,Summer,Cayman Islands,CAY,,,,,,0,True
1996,Summer,Czech Republic,CZE,,,,,,11,True
2016,Summer,Afghanistan,AFG,,,,,,0,True
1972,Summer,Mongolia,MGL,,,,,,1,True
1976,Summer,Mongolia,MGL,,,,,,1,True
2004,Summer,Poland,POL,,,,,,10,True
1936,Summer,Netherlands,NED,,,,,,17,True
1984,Summer,Democratic Republic of the Congo,COD,,,,,,0,True
1936,Summer,Serbia,YUG,,,,,,1,True
2016,Summer,Macedonia,MKD,,,,,,0,True
1968,Summer,Syria,SYR,,,,,,0,True
1964,Summer,Serbia,YUG,,,,,,5,True
2016,Summer,Slovakia,SVK,,,,,,4,True
1996,Summer,Slovakia,SVK,,,,,,3,True
1932,Summer,Czech Republic,TCH,,,,,,6,True
1948,Summer,Czech Republic,TCH,,,,,,11,True
2000,Summer,Poland,POL,,,,,,14,True
1964,Summer,Mongolia,MGL,,,,,,0,True
1988,Summer,"Virgin Islands, US",ISV,,,,,,1,True
2012,Summer,Boliva,BOL,,,,,,0,True
1956,Summer,Peru,PER,,,,,,0,True
1912,Summer,Czech Republic,BOH,,,,,,0,True
1968,Summer,Ireland,IRL,,,,,,0,True
1972,Summer,Ireland,IRL,,,,,,0,True
1996,Summer,Saint Vincent,VIN,,,,,,0,True
2000,Summer,Saint Vincent,VIN,,,,,,0,True
1996,Summer,Botswana,BOT,,,,,,0,True
1984,Summer,Botswana,BOT,,,,,,0,True
2008,Summer,Botswana,BOT,,,,,,0,True
1988,Summer,Zimbabwe,ZIM,,,,,,0,True
2000,Summer,Togo,TOG,,,,,,0,True
1980,Summer,Zambia,ZAM,,,,,,0,True
2008,Summer,Zimbabwe,ZIM,,,,,,4,True
1988,Summer,Poland,POL,,,,,,16,True
1980,Summer,Denmark,DEN,,,,,,5,True
1900,Summer,Italy,ITA,,,,,,5,True
2016,Summer,Guinea,GUI,,,,,,0,True
1968,Summer,Guinea,GUI,,,,,,0,True
2004,Summer,Sierra Leone,SLE,,,,,,0,True
1908,Summer,Greece,GRE,,,,,,4,True
1988,Summer,Denmark,DEN,,,,,,4,True
1920,Summer,India,IND,,,,,,0,True
2012,Summer,Monaco,MON,,,,,,0,True
1972,Summer,Liechtenstein,LIE,,,,,,0,True
1936,Summer,China,CHN,,,,,,0,True
1972,Summer,Venezuela,VEN,,,,,,0,True
1996,Summer,Saint Lucia,LCA,,,,,,0,True
1976,Summer,Israel,ISR,,,,,,0,True
1968,Summer,Israel,ISR,,,,,,0,True
1968,Summer,Honduras,HON,,,,,,0,True
2000,Summer,Ecuador,ECU,,,,,,0,True
2004,Summer,Honduras,HON,,,,,,0,True
1996,Summer,Poland,POL,,,,,,17,True
1956,Summer,Poland,POL,,,,,,9,True
1900,Summer,Belgium,BEL,,,,,,18,True
2004,Summer,Kenya,KEN,,,,,,7,True
1948,Summer,Puerto Rico,PUR,,,,,,1,True
1992,Summer,Cayman Islands,CAY,,,,,,0,True
1996,Summer,Cayman Islands,CAY,,,,,,0,True
2016,Summer,Fiji,FIJ,,,,,,1,True
2012,Summer,Syria,SYR,,,,,,0,True
2016,Summer,Lebanon,LIB,,,,,,0,True
2000,Summer,Seychelles,SEY,,,,,,0,True
1964,Summer,Zimbabwe,ZIM,,,,,,0,True
1996,Summer,Andorra,AND,,,,,,0,True
1948,Summer,Bermuda,BER,,,,,,0,True
1952,Summer,Bermuda,BER,,,,,,0,True
1906,Summer,France,FRA,,,,,,41,True
1996,Summer,Uruguay,URU,,,,,,0,True
2000,Summer,Uruguay,URU,,,,,,1,True
2004,Summer,Paraguay,PAR,,,,,,1,True
2000,Summer,Equatorial Guinea,GEQ,,,,,,0,True
1952,Summer,Guatemala,GUA,,,,,,0,True
2012,Summer,Montenegro,MNE,,,,,,1,True
2016,Summer,Montenegro,MNE,,,,,,0,True
1984,Summer,"Virgin Islands, British",IVB,,,,,,0,True
1906,Summer,Australia,AUS,,,,,,3,True
2004,Summer,South Africa,RSA,,,,,,6,True
1968,Summer,Democratic Republic of the Congo,COD,,,,,,0,True
1996,Summer,Antigua,ANT,,,,,,0,True
2000,Summer,Antigua,ANT,,,,,,0,True
1972,Summer,Chile,CHI,,,,,,0,True
1964,Summer,Costa Rica,CRC,,,,,,0,True
1984,Summer,Guyana,GUY,,,,,,0,True
1920,Summer,Monaco,MON,,,,,,0,True
1928,Summer,Monaco,MON,,,,,,0,True
1968,Summer,Monaco,MON,,,,,,0,True
1972,Summer,Monaco,MON,,,,,,0,True
1976,Summer,Monaco,MON,,,,,,0,True
1948,Summer,Portugal,POR,,,,,,2,True
2008,Summer,Peru,PER,,,,,,0,True
1924,Summer,Ireland,IRL,,,,,,2,True
1972,Summer,Bahamas,BAH,,,,,,0,True
1928,Summer,Cuba,CUB,,,,,,0,True
2016,Summer,Guatemala,GUA,,,,,,0,True
2008,Summer,"Virgin Islands, US",ISV,,,,,,0,True
2008,Summer,Guinea,GUI,,,,,,0,True
1956,Summer,Ireland,IRL,,,,,,5,True
2012,Summer,Guinea,GUI,,,,,,0,True
2008,Summer,Slovakia,SVK,,,,,,6,True
2012,Summer,Slovakia,SVK,,,,,,4,True
1956,Summer,Luxembourg,LUX,,,,,,0,True
1984,Summer,Grenada,GRN,,,,,,0,True
2008,Summer,Grenada,GRN,,,,,,0,True
1988,Summer,Angola,ANG,,,,,,0,True
1932,Summer,South Africa,RSA,,,,,,5,True
1932,Summer,Poland,POL,,,,,,9,True
2016,Summer,Papua New Guinea,PNG,,,,,,0,True
1932,Summer,Australia,AUS,,,,,,5,True
2012,Summer,Guyana,GUY,,,,,,0,True
1920,Summer,Chile,CHI,,,,,,0,True
2004,Summer,Botswana,BOT,,,,,,0,True
2004,Summer,Turkmenistan,TKM,,,,,,0,True
2000,Summer,Botswana,BOT,,,,,,0,True
1988,Summer,Nepal,NEP,,,,,,0,True
1980,Summer,Nepal,NEP,,,,,,0,True
2016,Summer,Zimbabwe,ZIM,,,,,,0,True
2016,Summer,Gambia,GAM,,,,,,0,True
1996,Summer,Saint Kitts,SKN,,,,,,0,True
2000,Summer,Saint Kitts,SKN,,,,,,0,True
1972,Summer,Republic of Congo,CGO,,,,,,0,True
2016,Summer,Slovenia,SLO,,,,,,4,True
1972,Summer,Barbados,BAR,,,,,,0,True
1996,Summer,Serbia,SCG,,,,,,4,True
1996,Summer,Panama,PAN,,,,,,0,True
2000,Summer,Panama,PAN,,,,,,0,True
1988,Summer,Liechtenstein,LIE,,,,,,0,True
2000,Summer,Comoros,COM,,,,,,0,True
1960,Summer,Monaco,MON,,,,,,0,True
1988,Summer,Monaco,MON,,,,,,0,True
1964,Summer,Monaco,MON,,,,,,0,True
1896,Summer,UK,GBR,,,,,,9,True
1996,Summer,Austria,AUT,,,,,,3,True
1900,Summer,Hungary,HUN,,,,,,5,True
1960,Summer,Czech Republic,TCH,,,,,,8,True
1896,Summer,Switzerland,SUI,,,,,,3,True
1996,Summer,Paraguay,PAR,,,,,,0,True
1928,Summer,Latvia,LAT,,,,,,0,True
1932,Summer,Latvia,LAT,,,,,,1,True
1988,Summer,Solomon Islands,SOL,,,,,,0,True
1964,Summer,Myanmar,MYA,,,,,,0,True
1996,Summer,Mongolia,MGL,,,,,,1,True
2008,Summer,Uganda,UGA,,,,,,0,True
1984,Summer,Barbados,BAR,,,,,,0,True
2008,Summer,Tanzania,TAN,,,,,,0,True
2000,Summer,Tanzania,TAN,,,,,,0,True
2004,Summer,Tanzania,TAN,,,,,,0,True
2012,Summer,Turkmenistan,TKM,,,,,,0,True
1968,Summer,Mongolia,MGL,,,,,,4,True
1996,Summer,Bermuda,BER,,,,,,0,True
1912,Summer,Canada,CAN,,,,,,8,True
1920,Summer,Canada,CAN,,,,,,9,True
2008,Summer,Saint Lucia,LCA,,,,,,0,True
2012,Summer,Saint Lucia,LCA,,,,,,0,True
1920,Summer,Australia,AUS,,,,,,3,True
1988,Summer,Boliva,BOL,,,,,,0,True
2000,Summer,Colombia,COL,,,,,,1,True
1948,Summer,Lebanon,LIB,,,,,,0,True
1908,Summer,Czech Republic,BOH,,,,,,2,True
1908,Summer,Netherlands,NED,,,,,,2,True
1948,Summer,Jamaica,JAM,,,,,,3,True
2016,Summer,Barbados,BAR,,,,,,0,True
2016,Summer,Cook Islands,COK,,,,,,0,True
2008,Summer,Georgia,GEO,,,,,,6,True
1996,Summer,Mauritius,MRI,,,,,,0,True
2000,Summer,"Virgin Islands, US",ISV,,,,,,0,True
1920,Summer,Netherlands,NED,,,,,,11,True
2008,Summer,Albania,ALB,,,,,,0,True
2012,Summer,Albania,ALB,,,,,,0,True
1972,Summer,Tunisia,TUN,,,,,,1,True
1984,Summer,Curacao,AHO,,,,,,0,True
1920,Summer,South Africa,RSA,,,,,,10,True
1988,Summer,Belize,BIZ,,,,,,0,True
1992,Summer,Honduras,HON,,,,,,0,True
1996,Summer,"Virgin Islands, US",ISV,,,,,,0,True
2000,Summer,Sierra Leone,SLE,,,,,,0,True
2000,Summer,Latvia,LAT,,,,,,3,True
1936,Summer,Bermuda,BER,,,,,,0,True
1968,Summer,Bermuda,BER,,,,,,0,True
1976,Summer,Bermuda,BER,,,,,,1,True
1984,Summer,Republic of Congo,CGO,,,,,,0,True
1988,Summer,Republic of Congo,CGO,,,,,,0,True
1992,Summer,Tunisia,TUN,,,,,,0,True
1936,Summer,Malta,MLT,,,,,,0,True
2012,Summer,Honduras,HON,,,,,,0,True
1996,Summer,Namibia,NAM,,,,,,2,True
1996,Summer,El Salvador,ESA,,,,,,0,True
1996,Summer,Guam,GUM,,,,,,0,True
1984,Summer,Sierra Leone,SLE,,,,,,0,True
1984,Summer,Antigua,ANT,,,,,,0,True
1960,Summer,Trinidad,WIF,,,,,,2,True
1936,Summer,South Africa,RSA,,,,,,1,True
1956,Summer,Fiji,FIJ,,,,,,0,True
1992,Summer,Latvia,LAT,,,,,,3,True
1996,Summer,Latvia,LAT,,,,,,1,True
2004,Summer,Belgium,BEL,,,,,,3,True
1984,Summer,Paraguay,PAR,,,,,,0,True
1992,Summer,Ireland,IRL,,,,,,2,True
2012,Summer,Samoa,SAM,,,,,,0,True
1924,Summer,Portugal,POR,,,,,,1,True
2000,Summer,Andorra,AND,,,,,,0,True
2004,Summer,Andorra,AND,,,,,,0,True
2008,Summer,Andorra,AND,,,,,,0,True
2012,Summer,Andorra,AND,,,,,,0,True
1956,Summer,Venezuela,VEN,,,,,,0,True
2012,Summer,Grenada,GRN,,,,,,1,True
2000,Summer,Monaco,MON,,,,,,0,True
1984,Summer,"Virgin Islands, US",ISV,,,,,,0,True
1972,Summer,Dominican Republic,DOM,,,,,,0,True
1932,Summer,Peru,PER,,,,,,0,True
1988,Summer,San Marino,SMR,,,,,,0,True
2004,Summer,Haiti,HAI,,,,,,0,True
1992,Summer,Andorra,AND,,,,,,0,True
1964,Summer,Cuba,CUB,,,,,,1,True
1900,Summer,Switzerland,SUI,,,,,,9,True
1906,Summer,Netherlands,NED,,,,,,3,True
1984,Summer,Madagascar,MAD,,,,,,0,True
2016,Summer,Malta,MLT,,,,,,0,True
1972,Summer,Malta,MLT,,,,,,0,True
2016,Summer,Nepal,NEP,,,,,,0,True
2000,Summer,Swaziland,SWZ,,,,,,0,True
1972,Summer,Burkina Faso,BUR,,,,,,0,True
1968,Summer,Liechtenstein,LIE,,,,,,0,True
1996,Summer,Central African Republic,CAF,,,,,,0,True
1992,Summer,Slovenia,SLO,,,,,,2,True
1952,Summer,,SGP,,,,,,0,True
2004,Summer,Gabon,GAB,,,,,,0,True
1992,Summer,Republic of Congo,CGO,,,,,,0,True
2012,Summer,Burundi,BDI,,,,,,0,True
1988,Summer,Liberia,LBR,,,,,,0,True
1992,Summer,Albania,ALB,,,,,,0,True
1928,Summer,Zimbabwe,ZIM,,,,,,0,True
2000,Summer,Aruba,ARU,,,,,,0,True
2004,Summer,Aruba,ARU,,,,,,0,True
1996,Summer,Albania,ALB,,,,,,0,True
2000,Summer,Moldova,MDA,,,,,,2,True
2004,Summer,Moldova,MDA,,,,,,0,True
1996,Summer,Sri Lanka,SRI,,,,,,0,True
1996,Summer,Angola,ANG,,,,,,0,True
1904,Summer,Italy,ITA,,,,,,0,True
1952,Summer,Iceland,ISL,,,,,,0,True
2008,Summer,Serbia,SRB,,,,,,3,True
1996,Summer,Zimbabwe,ZIM,,,,,,0,True
2000,Summer,Zimbabwe,ZIM,,,,,,0,True
1932,Summer,New Zealand,NZL,,,,,,1,True
1896,Summer,USA,USA,,,,,,19,True
1992,Summer,Jamaica,JAM,,,,,,4,True
2000,Summer,Costa Rica,CRC,,,,,,2,True
2004,Summer,Peru,PER,,,,,,0,True
2000,Summer,Guatemala,GUA,,,,,,0,True
2012,Summer,Macedonia,MKD,,,,,,0,True
1972,Summer,Suriname,SUR,,,,,,0,True
1956,Summer,Uruguay,URU,,,,,,1,True
1900,Summer,Netherlands,NED,,,,,,7,True
1912,Summer,Netherlands,NED,,,,,,3,True
1900,Summer,Sweden,SWE,,,,,,2,True
1992,Summer,Liechtenstein,LIE,,,,,,0,True
1996,Summer,Liechtenstein,LIE,,,,,,0,True
1968,Summer,"Virgin Islands, US",ISV,,,,,,0,True
1912,Summer,Australia,ANZ,,,,,,7,True
1928,Summer,Australia,AUS,,,,,,4,True
1996,Summer,Guatemala,GUA,,,,,,0,True
1932,Summer,Austria,AUT,,,,,,5,True
2008,Summer,Sierra Leone,SLE,,,,,,0,True
2008,Summer,Luxembourg,LUX,,,,,,0,True
1896,Summer,Germany,GER,,,,,,14,True
2008,Summer,Panama,PAN,,,,,,1,True
1984,Summer,Cayman Islands,CAY,,,,,,0,True
1984,Summer,Togo,TOG,,,,,,0,True
1912,Summer,South Africa,RSA,,,,,,6,True
1988,Summer,Curacao,AHO,,,,,,1,True
1988,Summer,Paraguay,PAR,,,,,,0,True
1996,Summer,Nepal,NEP,,,,,,0,True
1992,Summer,Fiji,FIJ,,,,,,0,True
1980,Summer,Ireland,IRL,,,,,,2,True
2000,Summer,Nepal,NEP,,,,,,0,True
2000,Summer,Papua New Guinea,PNG,,,,,,0,True
2004,Summer,Papua New Guinea,PNG,,,,,,0,True
2008,Summer,Papua New Guinea,PNG,,,,,,0,True
1960,Summer,Indonesia,INA,,,,,,0,True
1992,Summer,Trinidad,TTO,,,,,,0,True
1996,Summer,Fiji,FIJ,,,,,,0,True
1988,Summer,Venezuela,VEN,,,,,,0,True
2012,Summer,Georgia,GEO,,,,,,7,True
1984,Summer,Sri Lanka,SRI,,,,,,0,True
1988,Summer,Sri Lanka,SRI,,,,,,0,True
1984,Summer,San Marino,SMR,,,,,,0,True
1976,Summer,Luxembourg,LUX,,,,,,0,True
2004,Summer,Micronesia,FSM,,,,,,0,True
1956,Summer,Greece,GRE,,,,,,1,True
1928,Summer,Malta,MLT,,,,,,0,True
1996,Summer,Malta,MLT,,,,,,0,True
2012,Summer,Individual Olympic Athletes,IOA,,,,,,0,True
2008,Summer,Sao Tome and Principe,STP,,,,,,0,True
2016,Summer,Sao Tome and Principe,STP,,,,,,0,True
2008,Summer,Central African Republic,CAF,,,,,,0,True
1984,Summer,Seychelles,SEY,,,,,,0,True
2004,Summer,Thailand,THA,,,,,,8,True
1992,Summer,Thailand,THA,,,,,,1,True
1996,Summer,Tajikistan,TJK,,,,,,0,True
1984,Summer,Equatorial Guinea,GEQ,,,,,,0,True
1988,Summer,Equatorial Guinea,GEQ,,,,,,0,True
1960,Summer,Malta,MLT,,,,,,0,True
2012,Summer,Malta,MLT,,,,,,0,True
1980,Summer,Iceland,ISL,,,,,,0,True
1956,Summer,Austria,AUT,,,,,,2,True
1996,Summer,Macedonia,MKD,,,,,,0,True
2000,Summer,Macedonia,MKD,,,,,,1,True
2012,Summer,Central African Republic,CAF,,,,,,0,True
1976,Summer,Suriname,SUR,,,,,,0,True
1992,Summer,Gabon,GAB,,,,,,0,True
2016,Summer,Republic of Congo,CGO,,,,,,0,True
1988,Summer,Gabon,GAB,,,,,,0,True
2016,Summer,Central African Republic,CAF,,,,,,0,True
2004,Summer,Togo,TOG,,,,,,0,True
2008,Summer,Togo,TOG,,,,,,1,True
1996,Summer,Gabon,GAB,,,,,,0,True
1980,Summer,Laos,LAO,,,,,,0,True
2016,Summer,Senegal,SEN,,,,,,0,True
2000,Summer,Gabon,GAB,,,,,,0,True
1964,Summer,Curacao,AHO,,,,,,0,True
2000,Summer,,SGP,,,,,,0,True
2004,Summer,,SGP,,,,,,0,True
1964,Summer,Venezuela,VEN,,,,,,0,True
1968,Summer,Venezuela,VEN,,,,,,1,True
2016,Summer,Peru,PER,,,,,,0,True
2008,Summer,Slovenia,SLO,,,,,,5,True
1904,Summer,Germany,GER,,,,,,16,True
1924,Summer,Brazil,BRA,,,,,,0,True
2008,Summer,Moldova,MDA,,,,,,1,True
1980,Summer,Luxembourg,LUX,,,,,,0,True
2012,Summer,Nicaragua,NCA,,,,,,0,True
2016,Summer,Nauru,NRU,,,,,,0,True
2000,Summer,Ireland,IRL,,,,,,1,True
1996,Summer,Costa Rica,CRC,,,,,,1,True
2008,Summer,Costa Rica,CRC,,,,,,0,True
2008,Summer,Montenegro,MNE,,,,,,0,True
1964,Summer,Jamaica,JAM,,,,,,0,True
1952,Summer,Curacao,AHO,,,,,,0,True
1996,Summer,Philippines,PHI,,,,,,1,True
2000,Summer,Philippines,PHI,,,,,,0,True
2004,Summer,Philippines,PHI,,,,,,0,True
2008,Summer,Uruguay,URU,,,,,,0,True
1996,Summer,Grenada,GRN,,,,,,0,True
1992,Summer,Bermuda,BER,,,,,,0,True
2000,Summer,Bermuda,BER,,,,,,0,True
1968,Summer,Jamaica,JAM,,,,,,1,True
2012,Summer,Cook Islands,COK,,,,,,0,True
1992,Summer,American Samoa,ASA,,,,,,0,True
1996,Summer,American Samoa,ASA,,,,,,0,True
1988,Summer,Antigua,ANT,,,,,,0,True
1984,Summer,Papua New Guinea,PNG,,,,,,0,True
2016,Summer,Guinea-Bissau,GBS,,,,,,0,True
2008,Summer,San Marino,SMR,,,,,,0,True
1960,Summer,Liechtenstein,LIE,,,,,,0,True
1964,Summer,Liechtenstein,LIE,,,,,,0,True
1948,Summer,Liechtenstein,LIE,,,,,,0,True
1984,Summer,Liechtenstein,LIE,,,,,,0,True
1976,Summer,Liechtenstein,LIE,,,,,,0,True
1956,Summer,Switzerland,SUI,,,,,,1,True
2004,Summer,Mauritius,MRI,,,,,,0,True
2016,Summer,Laos,LAO,,,,,,0,True
1968,Summer,Vietnam,VNM,Vietnam War,1955.0,1975.0,"Cold War, Spread of communism in Southeast Asia","North Vietnamese victory, Unification under communism",0,True
2004,Summer,Fiji,FIJ,,,,,,0,True
2008,Summer,Fiji,FIJ,,,,,,0,True
1964,Summer,Sri Lanka,SRI,,,,,,0,True
2012,Summer,Bermuda,BER,,,,,,0,True
1972,Summer,Guatemala,GUA,,,,,,0,True
1992,Summer,Bosnia and Herzegovina,BIH,Bosnian War,1992.0,1995.0,Ethnic and nationalistic tensions following the breakup of Yugoslavia,"Bosnian victory, Dayton Agreement, War crimes trials",0,True
1984,Summer,Bermuda,BER,,,,,,0,True
2004,Summer,Guyana,GUY,,,,,,0,True
2008,Summer,Guyana,GUY,,,,,,0,True
1968,Summer,Barbados,BAR,,,,,,0,True
1976,Summer,Ireland,IRL,,,,,,0,True
1988,Summer,Ireland,IRL,,,,,,0,True
1992,Summer,Tanzania,TAN,,,,,,0,True
2000,Summer,Puerto Rico,PUR,,,,,,0,True
1984,Summer,Rwanda,RWA,,,,,,0,True
1992,Summer,Zambia,ZAM,,,,,,0,True
2008,Summer,Zambia,ZAM,,,,,,0,True
1988,Summer,Zambia,ZAM,,,,,,0,True
2000,Summer,Zambia,ZAM,,,,,,0,True
2016,Summer,Rwanda,RWA,,,,,,0,True
1980,Summer,Angola,ANG,,,,,,0,True
2016,Summer,Timor-Leste,TLS,,,,,,0,True
2000,Summer,Dominican Republic,DOM,,,,,,0,True
1992,Summer,Ecuador,ECU,,,,,,0,True
2012,Summer,Bangladesh,BAN,,,,,,0,True
2008,Summer,,SGP,,,,,,0,True
1996,Summer,Ecuador,ECU,,,,,,1,True
2004,Summer,Ecuador,ECU,,,,,,0,True
1996,Summer,Boliva,BOL,,,,,,0,True
2008,Summer,Boliva,BOL,,,,,,0,True
2016,Summer,Albania,ALB,,,,,,0,True
1976,Summer,Bahamas,BAH,,,,,,0,True
1896,Summer,France,FRA,,,,,,11,True
2012,Summer,Luxembourg,LUX,,,,,,0,True
2000,Summer,Boliva,BOL,,,,,,0,True
2008,Summer,Mozambique,MOZ,,,,,,0,True
2012,Summer,Mozambique,MOZ,,,,,,0,True
1996,Summer,Mali,MLI,,,,,,0,True
2008,Summer,Mauritania,MTN,,,,,,0,True
1968,Summer,Senegal,SEN,,,,,,0,True
1972,Summer,Mali,MLI,,,,,,0,True
2000,Summer,Mali,MLI,,,,,,0,True
2012,Summer,Mali,MLI,,,,,,0,True
1988,Summer,Mali,MLI,,,,,,0,True
1964,Summer,Mali,MLI,,,,,,0,True
1980,Summer,Zimbabwe,ZIM,,,,,,1,True
1900,Summer,Argentina,ARG,,,,,,0,True
1960,Summer,Panama,PAN,,,,,,0,True
1964,Summer,Panama,PAN,,,,,,0,True
1984,Summer,El Salvador,ESA,,,,,,0,True
1900,Summer,Spain,ESP,,,,,,1,True
1920,Summer,Portugal,POR,,,,,,0,True
2000,Summer,Paraguay,PAR,,,,,,0,True
1996,Summer,Vietnam,VIE,,,,,,0,True
2004,Summer,Guinea-Bissau,GBS,,,,,,0,True
1992,Summer,Angola,ANG,,,,,,0,True
2004,Summer,Equatorial Guinea,GEQ,,,,,,0,True
1976,Summer,Peru,PER,,,,,,0,True
1992,Summer,Guyana,GUY,,,,,,0,True
2016,Summer,Luxembourg,LUX,,,,,,0,True
1952,Summer,Ireland,IRL,,,,,,1,True
1972,Summer,Nicaragua,NCA,,,,,,0,True
2012,Summer,Panama,PAN,,,,,,0,True
1968,Summer,Dominican Republic,DOM,,,,,,0,True
1948,Summer,New Zealand,NZL,,,,,,0,True
1992,Summer,Malta,MLT,,,,,,0,True
1904,Summer,Cuba,CUB,,,,,,4,True
1980,Summer,San Marino,SMR,,,,,,0,True
1960,Summer,San Marino,SMR,,,,,,0,True
1972,Summer,San Marino,SMR,,,,,,0,True
1976,Summer,San Marino,SMR,,,,,,0,True
1984,Summer,Ireland,IRL,,,,,,1,True
2000,Summer,Honduras,HON,,,,,,0,True
2016,Summer,Haiti,HAI,,,,,,0,True
2016,Summer,Boliva,BOL,,,,,,0,True
1964,Summer,China,HKG,Vietnam War,1955.0,1975.0,"Cold War, Spread of communism in Southeast Asia","North Vietnamese victory, Unification under communism",0,True
1980,Summer,Dominican Republic,DOM,,,,,,0,True
1928,Summer,Haiti,HAI,,,,,,1,True
1932,Summer,Haiti,HAI,,,,,,0,True
2016,Summer,Finland,FIN,,,,,,1,True
1984,Summer,Gambia,GAM,,,,,,0,True
2004,Summer,Latvia,LAT,,,,,,4,True
1984,Summer,Nicaragua,NCA,,,,,,0,True
2000,Summer,North Korea,PRK,,,,,,4,True
1956,Summer,,SGP,,,,,,0,True
1988,Summer,Ecuador,ECU,,,,,,0,True
1972,Summer,Costa Rica,CRC,,,,,,0,True
1976,Summer,China,HKG,,,,,,0,True
1960,Summer,Taiwan,TPE,,,,,,1,True
2016,Summer,Taiwan,TPE,,,,,,3,True
1968,Summer,Taiwan,TPE,,,,,,1,True
1972,Summer,China,HKG,Vietnam War,1955.0,1975.0,"Cold War, Spread of communism in Southeast Asia","North Vietnamese victory, Unification under communism",0,True
1972,Summer,,SGP,,,,,,0,True
2012,Summer,Cambodia,CAM,,,,,,0,True
2000,Summer,Taiwan,TPE,,,,,,5,True
2008,Summer,Taiwan,TPE,,,,,,4,True
1968,Summer,India,IND,,,,,,1,True
2008,Summer,Malawi,MAW,,,,,,0,True
2008,Summer,Indonesia,INA,,,,,,5,True
1988,Summer,Taiwan,TPE,,,,,,0,True
1992,Summer,Taiwan,TPE,,,,,,1,True
2012,Summer,Taiwan,TPE,,,,,,2,True
1948,Summer,China,CHN,,,,,,0,True
2004,Summer,Taiwan,TPE,,,,,,5,True
1964,Summer,Taiwan,TPE,,,,,,0,True
1984,Summer,Taiwan,TPE,,,,,,1,True
1972,Summer,Taiwan,TPE,,,,,,0,True
1980,Summer,North Korea,PRK,,,,,,5,True
1988,Summer,Thailand,THA,,,,,,1,True
1976,Summer,Haiti,HAI,,,,,,0,True
1972,Summer,Haiti,HAI,,,,,,0,True
1984,Summer,Djibouti,DJI,,,,,,0,True
1996,Summer,Thailand,THA,,,,,,2,True
1952,Summer,Vietnam,VNM,,,,,,0,True
1984,Summer,Belize,BIZ,,,,,,0,True
1992,Summer,Belize,BIZ,,,,,,0,True
1948,Summer,Guyana,GUY,,,,,,0,True
1952,Summer,Panama,PAN,,,,,,0,True
1976,Summer,,SGP,,,,,,0,True
1988,Summer,Trinidad,TTO,,,,,,0,True
1956,Summer,Taiwan,TPE,,,,,,0,True
2012,Summer,,SGP,,,,,,0,True
2016,Summer,Grenada,GRN,,,,,,1,True
2000,Summer,Myanmar,MYA,,,,,,0,True
1952,Summer,China,HKG,Korean War,1950.0,1953.0,Ideological division of Korea (Communism vs. Capitalism),"Stalemate, Korean Peninsula divided",0,True
1956,Summer,China,HKG,Vietnam War,1955.0,1975.0,"Cold War, Spread of communism in Southeast Asia","North Vietnamese victory, Unification under communism",0,True
1960,Summer,China,HKG,Vietnam War,1955.0,1975.0,"Cold War, Spread of communism in Southeast Asia","North Vietnamese victory, Unification under communism",0,True
1972,Summer,Cambodia,CAM,,,,,,0,True
1984,Summer,Bhutan,BHU,,,,,,0,True
1992,Summer,Uruguay,URU,,,,,,0,True
2004,Summer,Zambia,ZAM,,,,,,0,True
1980,Summer,Botswana,BOT,,,,,,0,True
1952,Summer,Lebanon,LIB,,,,,,2,True
1968,Summer,Tanzania,TAN,,,,,,0,True
1972,Summer,Zambia,ZAM,,,,,,0,True
2000,Summer,Malawi,MAW,,,,,,0,True
2004,Summer,Malawi,MAW,,,,,,0,True
1992,Summer,Zimbabwe,ZIM,,,,,,0,True
2008,Summer,Laos,LAO,,,,,,0,True
1984,Summer,Zambia,ZAM,,,,,,1,True
1972,Summer,Malawi,MAW,,,,,,0,True
2016,Summer,Zambia,ZAM,,,,,,0,True
1984,Summer,Zimbabwe,ZIM,,,,,,0,True
2016,Summer,Malawi,MAW,,,,,,0,True
1984,Summer,Mozambique,MOZ,,,,,,0,True
2000,Summer,Guam,GUM,,,,,,0,True
2012,Summer,Bhutan,BHU,,,,,,0,True
2000,Summer,Bhutan,BHU,,,,,,0,True
2004,Summer,Bhutan,BHU,,,,,,0,True
2016,Summer,North Korea,PRK,,,,,,7,True
1996,Summer,North Korea,PRK,,,,,,5,True
2004,Summer,North Korea,PRK,,,,,,5,True
1952,Summer,South Korea,KOR,Korean War,1950.0,1953.0,Ideological division of Korea (Communism vs. Capitalism),"Stalemate, Korean Peninsula divided",2,True
1996,Summer,Zambia,ZAM,,,,,,1,True
1988,Summer,Mauritius,MRI,,,,,,0,True
2012,Summer,Zambia,ZAM,,,,,,0,True
1996,Summer,Lebanon,LIB,,,,,,0,True
2016,Summer,Cambodia,CAM,,,,,,0,True
1960,Summer,Myanmar,MYA,,,,,,0,True
1976,Summer,Antigua,ANT,,,,,,0,True
2012,Summer,Vietnam,VIE,,,,,,0,True
1968,Summer,,SGP,,,,,,0,True
1980,Summer,Vietnam,VIE,,,,,,0,True
1936,Summer,Luxembourg,LUX,,,,,,0,True
2000,Summer,Thailand,THA,,,,,,3,True
1920,Summer,Serbia,YUG,,,,,,0,True
2000,Summer,Senegal,SEN,,,,,,0,True
1992,Summer,Mauritius,MRI,,,,,,0,True
1976,Summer,Barbados,BAR,,,,,,0,True
1984,Summer,Bahamas,BAH,,,,,,0,True
1996,Summer,Bahamas,BAH,,,,,,1,True
1992,Summer,Luxembourg,LUX,,,,,,0,True
2016,Summer,"Virgin Islands, US",ISV,,,,,,0,True
1932,Summer,Greece,GRE,,,,,,0,True
2000,Summer,Haiti,HAI,,,,,,0,True
1928,Summer,New Zealand,NZL,,,,,,1,True
2000,Summer,"Virgin Islands, British",IVB,,,,,,0,True
1906,Summer,Belgium,BEL,,,,,,7,True
1976,Summer,Papua New Guinea,PNG,,,,,,0,True
2004,Summer,Guam,GUM,,,,,,0,True
1968,Summer,Sierra Leone,SLE,,,,,,0,True
2004,Summer,Albania,ALB,,,,,,0,True
2004,Summer,Uruguay,URU,,,,,,0,True
2012,Summer,Gambia,GAM,,,,,,0,True
1964,Summer,Bahamas,BAH,,,,,,1,True
1932,Summer,Ireland,IRL,,,,,,2,True
1988,Summer,Grenada,GRN,,,,,,0,True
2004,Summer,Saint Kitts,SKN,,,,,,0,True
2008,Summer,Saint Kitts,SKN,,,,,,0,True
1906,Summer,Egypt,EGY,,,,,,0,True
2000,Summer,Central African Republic,CAF,,,,,,0,True
1936,Summer,Boliva,BOL,,,,,,0,True
1960,Summer,,SGP,,,,,,0,True
1960,Summer,Sri Lanka,SRI,,,,,,0,True
1992,Summer,Saint Vincent,VIN,,,,,,0,True
1988,Summer,Bahamas,BAH,,,,,,0,True
2000,Summer,Liberia,LBR,,,,,,0,True
1964,Summer,Bermuda,BER,,,,,,0,True
1968,Summer,China,HKG,Vietnam War,1955.0,1975.0,"Cold War, Spread of communism in Southeast Asia","North Vietnamese victory, Unification under communism",0,True
1996,Summer,Liberia,LBR,,,,,,0,True
2004,Summer,Sri Lanka,SRI,,,,,,0,True
2012,Summer,Sri Lanka,SRI,,,,,,0,True
2004,Summer,Panama,PAN,,,,,,0,True
1904,Summer,France,FRA,,,,,,2,True
1912,Summer,Portugal,POR,,,,,,0,True
1900,Summer,Haiti,HAI,,,,,,1,True
2016,Summer,Mali,MLI,,,,,,0,True
1992,Summer,Mali,MLI,,,,,,0,True
2004,Summer,Mozambique,MOZ,,,,,,0,True
2012,Summer,Zimbabwe,ZIM,,,,,,0,True
2004,Summer,"Virgin Islands, British",IVB,,,,,,0,True
2016,Summer,Marshall Islands,MHL,,,,,,0,True
2008,Summer,Marshall Islands,MHL,,,,,,0,True
1932,Summer,Romania,ROU,,,,,,0,True
2016,Summer,Monaco,MON,,,,,,0,True
1984,Summer,Suriname,SUR,,,,,,0,True
2008,Summer,Cape Verde,CPV,,,,,,0,True
1956,Summer,Puerto Rico,PUR,,,,,,0,True
2000,Summer,Nicaragua,NCA,,,,,,0,True
1932,Summer,Cuba,CUB,,,,,,0,True
1996,Summer,Barbados,BAR,,,,,,0,True
2012,Summer,Sao Tome and Principe,STP,,,,,,0,True
2004,Summer,Sao Tome and Principe,STP,,,,,,0,True
1968,Summer,Paraguay,PAR,,,,,,0,True
2008,Summer,Guinea-Bissau,GBS,,,,,,0,True
2012,Summer,Guinea-Bissau,GBS,,,,,,0,True
2004,Summer,Suriname,SUR,,,,,,0,True
1964,Summer,Niger,NIG,,,,,,0,True
1968,Summer,Niger,NIG,,,,,,0,True
1972,Summer,Niger,NIG,,,,,,1,True
1988,Summer,Afghanistan,AFG,Afghanistan War,1979.0,1989.0,"Soviet invasion to support communist government, US-led resistance to spread communism","Soviet withdrawal, Afghan victory",0,True
1932,Summer,Norway,NOR,,,,,,0,True
1992,Summer,Namibia,NAM,,,,,,2,True
1968,Summer,Kuwait,KUW,,,,,,0,True
1904,Summer,UK,GBR,,,,,,2,True
1988,Summer,Gambia,GAM,,,,,,0,True
2000,Summer,Benin,BEN,,,,,,0,True
1896,Summer,Hungary,HUN,,,,,,6,True
2008,Summer,Micronesia,FSM,,,,,,0,True
2012,Summer,Micronesia,FSM,,,,,,0,True
1984,Summer,Liberia,LBR,,,,,,0,True
2008,Summer,Benin,BEN,,,,,,0,True
1992,Summer,Curacao,AHO,,,,,,0,True
1996,Summer,Curacao,AHO,,,,,,0,True
2000,Summer,Curacao,AHO,,,,,,0,True
1960,Summer,Bermuda,BER,,,,,,0,True
1988,Summer,Vanuatu,VAN,,,,,,0,True
2008,Summer,Curacao,AHO,,,,,,0,True
2012,Summer,Kiribati,KIR,,,,,,0,True
1920,Summer,New Zealand,NZL,,,,,,1,True
1992,Summer,Bahamas,BAH,,,,,,1,True
1984,Summer,Bangladesh,BAN,,,,,,0,True
1988,Summer,Vietnam,VIE,,,,,,0,True
1992,Summer,Vietnam,VIE,,,,,,0,True
1900,Summer,Peru,PER,,,,,,0,True
1932,Summer,Switzerland,SUI,,,,,,1,True
1932,Summer,Portugal,POR,,,,,,0,True
1992,Summer,Venezuela,VEN,,,,,,0,True
2004,Summer,Boliva,BOL,,,,,,0,True
1936,Summer,Costa Rica,CRC,,,,,,0,True
1932,Summer,Colombia,COL,,,,,,0,True
1932,Summer,El Salvador,ESA,,,,,,0,True
1904,Summer,Hungary,HUN,,,,,,4,True
1900,Summer,Russia,RUS,,,,,,0,True
2004,Summer,Luxembourg,LUX,,,,,,0,True
1948,Summer,Sri Lanka,SRI,,,,,,1,True
1980,Summer,Guatemala,GUA,,,,,,0,True
2004,Summer,Saint Vincent,VIN,,,,,,0,True
1976,Summer,Ecuador,ECU,,,,,,0,True
1936,Summer,Colombia,COL,,,,,,0,True
1972,Summer,Ecuador,ECU,,,,,,0,True
1996,Summer,Bosnia and Herzegovina,BIH,,,,,,0,True
2008,Summer,Bhutan,BHU,,,,,,0,True
1968,Summer,Indonesia,INA,,,,,,0,True
2012,Summer,Haiti,HAI,,,,,,0,True
2004,Summer,Nauru,NRU,,,,,,0,True
2008,Summer,Nauru,NRU,,,,,,0,True
2012,Summer,Nauru,NRU,,,,,,0,True
1996,Summer,Nauru,NRU,,,,,,0,True
1980,Summer,Sri Lanka,SRI,,,,,,0,True
2012,Summer,Nepal,NEP,,,,,,0,True
1996,Summer,Senegal,SEN,,,,,,0,True
1964,Summer,Senegal,SEN,,,,,,0,True
1984,Summer,Guinea,GUI,,,,,,0,True
1996,Summer,Guinea,GUI,,,,,,0,True
1984,Summer,Mauritania,MTN,,,,,,0,True
1964,Summer,Guyana,GUY,,,,,,0,True
1992,Summer,Monaco,MON,,,,,,0,True
1996,Summer,Monaco,MON,,,,,,0,True
2004,Summer,Monaco,MON,,,,,,0,True
2008,Summer,Monaco,MON,,,,,,0,True
2004,Summer,Guinea,GUI,,,,,,0,True
1988,Summer,Panama,PAN,,,,,,0,True
1968,Summer,Ivory Coast,CIV,,,,,,0,True
2000,Summer,Mauritania,MTN,,,,,,0,True
2000,Summer,El Salvador,ESA,,,,,,0,True
2004,Summer,El Salvador,ESA,,,,,,0,True
1904,Summer,Greece,GRE,,,,,,2,True
2016,Summer,Palau,PLW,,,,,,0,True
1980,Summer,Mali,MLI,,,,,,0,True
1984,Summer,Mali,MLI,,,,,,0,True
1992,Summer,Aruba,ARU,,,,,,0,True
1996,Summer,Aruba,ARU,,,,,,0,True
2004,Summer,Rwanda,RWA,,,,,,0,True
2008,Summer,Rwanda,RWA,,,,,,0,True
1992,Summer,Botswana,BOT,,,,,,0,True
2004,Summer,Comoros,COM,,,,,,0,True
1984,Summer,Chad,CHA,,,,,,0,True
2004,Summer,Swaziland,SWZ,,,,,,0,True
2008,Summer,Swaziland,SWZ,,,,,,0,True
1992,Summer,Swaziland,SWZ,,,,,,0,True
1984,Summer,Swaziland,SWZ,,,,,,0,True
1988,Summer,Swaziland,SWZ,,,,,,0,True
2000,Summer,Cape Verde,CPV,,,,,,0,True
2000,Summer,Tajikistan,TJK,,,,,,0,True
1988,Summer,Sierra Leone,SLE,,,,,,0,True
1976,Summer,Andorra,AND,,,,,,0,True
1956,Summer,Spain,ESP,,,,,,0,True
1912,Summer,Switzerland,SUI,,,,,,1,True
1988,Summer,Bhutan,BHU,,,,,,0,True
1960,Summer,Afghanistan,AFG,,,,,,0,True
1932,Summer,Uruguay,URU,,,,,,1,True
1996,Summer,Guyana,GUY,,,,,,0,True
1996,Summer,Luxembourg,LUX,,,,,,0,True
2016,Summer,Vietnam,VIE,,,,,,2,True
2008,Summer,Vietnam,VIE,,,,,,1,True
2004,Summer,Vietnam,VIE,,,,,,0,True
1968,Summer,Uganda,UGA,,,,,,2,True
1996,Summer,Gambia,GAM,,,,,,0,True
1976,Summer,Chile,CHI,,,,,,0,True
1908,Summer,South Africa,RSA,,,,,,2,True
2016,Summer,Bermuda,BER,,,,,,0,True
1984,Summer,Uruguay,URU,,,,,,0,True
2016,Summer,Dominica,DMA,,,,,,0,True
2004,Summer,"Virgin Islands, US",ISV,,,,,,0,True
1988,Summer,Rwanda,RWA,,,,,,0,True
1908,Summer,Russia,RUS,,,,,,3,True
1912,Summer,,UNK,,,,,,0,True
1932,Summer,Venezuela,VEN,,,,,,0,True
1906,Summer,Czech Republic,BOH,,,,,,2,True
1956,Summer,Iceland,ISL,,,,,,1,True
1960,Summer,Iceland,ISL,,,,,,0,True
2012,Summer,Libya,LBA,,,,,,0,True
1956,Summer,Egypt,EGY,,,,,,0,True
2012,Summer,Mauritania,MTN,,,,,,0,True
1992,Summer,Sudan,SUD,,,,,,0,True
1972,Summer,Syria,SYR,,,,,,0,True
1964,Summer,Republic of Congo,CGO,,,,,,0,True
2008,Summer,Palau,PLW,,,,,,0,True
2012,Summer,Equatorial Guinea,GEQ,,,,,,0,True
2016,Summer,Equatorial Guinea,GEQ,,,,,,0,True
1900,Summer,Czech Republic,BOH,,,,,,3,True
1904,Summer,Norway,NOR,,,,,,2,True
1900,Summer,Mexico,MEX,,,,,,1,True
1964,Summer,Greece,GRE,,,,,,0,True
1956,Summer,Jamaica,JAM,,,,,,0,True
1964,Summer,Chile,CHI,,,,,,0,True
1952,Summer,Sri Lanka,SRI,,,,,,0,True
1956,Summer,Sri Lanka,SRI,,,,,,0,True
1956,Summer,Uganda,UGA,,,,,,0,True
1956,Summer,Bermuda,BER,,,,,,0,True
2012,Summer,American Samoa,ASA,,,,,,0,True
1988,Summer,American Samoa,ASA,,,,,,0,True
1976,Summer,Lebanon,LIB,,,,,,0,True
1928,Summer,Estonia,EST,,,,,,5,True
1992,Summer,Mozambique,MOZ,,,,,,0,True
1988,Summer,Tonga,TGA,,,,,,0,True
1996,Summer,Iran,IRI,,,,,,3,True
2012,Summer,Somalia,SOM,,,,,,0,True
1952,Summer,Jamaica,JAM,,,,,,5,True
1988,Summer,Aruba,ARU,,,,,,0,True
1988,Summer,Chad,CHA,,,,,,0,True
1984,Summer,Haiti,HAI,,,,,,0,True
2000,Summer,Bosnia and Herzegovina,BIH,,,,,,0,True
2004,Summer,Bosnia and Herzegovina,BIH,,,,,,0,True
2012,Summer,Bosnia and Herzegovina,BIH,,,,,,0,True
1976,Summer,Curacao,AHO,,,,,,0,True
1992,Summer,Grenada,GRN,,,,,,0,True
1980,Summer,New Zealand,NZL,,,,,,0,True
2016,Summer,Tonga,TGA,,,,,,0,True
1992,Summer,Vanuatu,VAN,,,,,,0,True
2016,Summer,Solomon Islands,SOL,,,,,,0,True
1896,Summer,Australia,AUS,,,,,,3,True
1968,Summer,Luxembourg,LUX,,,,,,0,True
1908,Summer,Austria,AUT,,,,,,1,True
2004,Summer,Palau,PLW,,,,,,0,True
2008,Summer,Belize,BIZ,,,,,,0,True
1976,Summer,Honduras,HON,,,,,,0,True
1900,Summer,Cuba,CUB,,,,,,2,True
2012,Summer,Tonga,TGA,,,,,,0,True
2008,Summer,Cayman Islands,CAY,,,,,,0,True
2012,Summer,Cayman Islands,CAY,,,,,,0,True
1968,Summer,San Marino,SMR,,,,,,0,True
2004,Summer,Cayman Islands,CAY,,,,,,0,True
1936,Summer,Liechtenstein,LIE,,,,,,0,True
1924,Summer,Japan,JPN,,,,,,1,True
2004,Summer,Cape Verde,CPV,,,,,,0,True
1924,Summer,India,IND,,,,,,0,True
2012,Summer,Dominica,DMA,,,,,,0,True
2004,Summer,Burundi,BDI,,,,,,0,True
2000,Summer,Gambia,GAM,,,,,,0,True
1904,Summer,Australia,AUS,,,,,,4,True
2016,Summer,Burundi,BDI,,,,,,1,True
1956,Summer,Cambodia,CAM,,,,,,0,True
1996,Summer,Belize,BIZ,,,,,,0,True
2012,Summer,Marshall Islands,MHL,,,,,,0,True
1988,Summer,Botswana,BOT,,,,,,0,True
1980,Summer,Andorra,AND,,,,,,0,True
1984,Summer,Andorra,AND,,,,,,0,True
1996,Summer,Burundi,BDI,,,,,,1,True
1996,Summer,Samoa,SAM,,,,,,0,True
2000,Summer,Liechtenstein,LIE,,,,,,0,True
2004,Summer,Liechtenstein,LIE,,,,,,0,True
2008,Summer,Liechtenstein,LIE,,,,,,0,True
2000,Summer,Namibia,NAM,,,,,,0,True
2004,Summer,Saint Lucia,LCA,,,,,,0,True
2012,Summer,Tanzania,TAN,,,,,,0,True
1996,Summer,Afghanistan,AFG,,,,,,0,True
2000,Summer,Rwanda,RWA,,,,,,0,True
1964,Summer,Iceland,ISL,,,,,,0,True
1968,Summer,Iceland,ISL,,,,,,0,True
2016,Summer,Kosovo,KOS,,,,,,1,True
2004,Summer,Curacao,AHO,,,,,,0,True
2000,Summer,Sao Tome and Principe,STP,,,,,,0,True
1948,Summer,Trinidad,TTO,,,,,,1,True
1928,Summer,Philippines,PHI,,,,,,1,True
1928,Summer,Panama,PAN,,,,,,0,True
1988,Summer,Andorra,AND,,,,,,0,True
1900,Summer,Canada,CAN,,,,,,2,True
1968,Summer,Malta,MLT,,,,,,0,True
1906,Summer,Switzerland,SUI,,,,,,8,True
1976,Summer,Boliva,BOL,,,,,,0,True
1972,Summer,Paraguay,PAR,,,,,,0,True
2012,Summer,San Marino,SMR,,,,,,0,True
1972,Summer,Sri Lanka,SRI,,,,,,0,True
1984,Summer,Nepal,NEP,,,,,,0,True
1964,Summer,Nepal,NEP,,,,,,0,True
2016,Summer,Iceland,ISL,,,,,,0,True
1936,Summer,Iceland,ISL,,,,,,0,True
2004,Summer,Eritrea,ERI,,,,,,1,True
2008,Summer,Lebanon,LIB,,,,,,0,True
1984,Summer,Tonga,TGA,,,,,,0,True
2008,Summer,Solomon Islands,SOL,,,,,,0,True
2012,Summer,"Virgin Islands, US",ISV,,,,,,0,True
2012,Summer,Swaziland,SWZ,,,,,,0,True
1912,Summer,Iceland,ISL,,,,,,0,True
1972,Summer,North Korea,PRK,,,,,,5,True
1976,Summer,Indonesia,INA,,,,,,0,True
2004,Summer,Cook Islands,COK,,,,,,0,True
2008,Summer,"Virgin Islands, British",IVB,,,,,,0,True
2016,Summer,"Virgin Islands, British",IVB,,,,,,0,True
1904,Summer,South Africa,RSA,,,,,,0,True
1952,Summer,Liechtenstein,LIE,,,,,,0,True
2016,Summer,South Sudan,SSD,,,,,,0,True
2012,Summer,Liechtenstein,LIE,,,,,,0,True
2016,Summer,Liechtenstein,LIE,,,,,,0,True
1920,Summer,Japan,JPN,,,,,,2,True
2000,Summer,Burundi,BDI,,,,,,0,True
2004,Summer,Tonga,TGA,,,,,,0,True
1996,Summer,Tonga,TGA,,,,,,1,True
1924,Summer,New Zealand,NZL,,,,,,1,True
2008,Summer,Cook Islands,COK,,,,,,0,True
2008,Summer,Cambodia,CAM,,,,,,0,True
2000,Summer,Cambodia,CAM,,,,,,0,True
2004,Summer,Cambodia,CAM,,,,,,0,True
1996,Summer,Cambodia,CAM,,,,,,0,True
2012,Summer,Aruba,ARU,,,,,,0,True
1900,Summer,Colombia,COL,,,,,,1,True
2000,Summer,Saint Lucia,LCA,,,,,,0,True
1920,Summer,Estonia,EST,,,,,,3,True
1896,Summer,Austria,AUT,,,,,,5,True
1996,Summer,Tanzania,TAN,,,,,,0,True
1992,Summer,Burkina Faso,BUR,,,,,,0,True
2000,Summer,Solomon Islands,SOL,,,,,,0,True
2016,Summer,Tanzania,TAN,,,,,,0,True
1992,Summer,"Virgin Islands, British",IVB,,,,,,0,True
1968,Summer,Myanmar,MYA,,,,,,0,True
1980,Summer,Lesotho,LES,,,,,,0,True
1972,Summer,Vietnam,VNM,Vietnam War,1955.0,1975.0,"Cold War, Spread of communism in Southeast Asia","North Vietnamese victory, Unification under communism",0,True
1964,Summer,Vietnam,VNM,Vietnam War,1955.0,1975.0,"Cold War, Spread of communism in Southeast Asia","North Vietnamese victory, Unification under communism",0,True
1992,Summer,Haiti,HAI,,,,,,0,True
1972,Summer,Liberia,LBR,,,,,,0,True
1996,Summer,Myanmar,MYA,,,,,,0,True
2016,Summer,Myanmar,MYA,,,,,,0,True
2000,Summer,Grenada,GRN,,,,,,0,True
1956,Summer,Guyana,GUY,,,,,,0,True
2008,Summer,Dominica,DMA,,,,,,0,True
2008,Summer,Maldives,MDV,,,,,,0,True
1992,Summer,El Salvador,ESA,,,,,,0,True
2004,Summer,Macedonia,MKD,,,,,,0,True
2008,Summer,Somalia,SOM,,,,,,0,True
1964,Summer,Chad,CHA,,,,,,0,True
1968,Summer,Chad,CHA,,,,,,0,True
1992,Summer,Niger,NIG,,,,,,0,True
2016,Summer,Guam,GUM,,,,,,0,True
1964,Summer,Boliva,BOL,,,,,,0,True
2012,Summer,Laos,LAO,,,,,,0,True
1996,Summer,Rwanda,RWA,,,,,,0,True
2016,Summer,Maldives,MDV,,,,,,0,True
2000,Summer,Samoa,SAM,,,,,,0,True
2008,Summer,Gambia,GAM,,,,,,0,True
1996,Summer,Vanuatu,VAN,,,,,,0,True
1932,Summer,Luxembourg,LUX,,,,,,0,True
1948,Summer,Malta,MLT,,,,,,0,True
2016,Summer,Sierra Leone,SLE,,,,,,0,True
1992,Summer,Gambia,GAM,,,,,,0,True
2016,Summer,Belize,BIZ,,,,,,0,True
1924,Summer,Ecuador,ECU,,,,,,0,True
2008,Summer,Sri Lanka,SRI,,,,,,0,True
1980,Summer,Jordan,JOR,,,,,,0,True
1896,Summer,Denmark,DEN,,,,,,6,True
1956,Summer,Liberia,LBR,,,,,,0,True
1960,Summer,Liberia,LBR,,,,,,0,True
1964,Summer,Liberia,LBR,,,,,,0,True
2000,Summer,Belize,BIZ,,,,,,0,True
1996,Summer,Mozambique,MOZ,,,,,,1,True
1908,Summer,Iceland,ISL,,,,,,0,True
2004,Summer,Dominica,DMA,,,,,,0,True
1992,Summer,Bhutan,BHU,,,,,,0,True
1996,Summer,Bhutan,BHU,,,,,,0,True
2016,Summer,American Samoa,ASA,,,,,,0,True
1996,Summer,Burkina Faso,BUR,,,,,,0,True
1988,Summer,Burkina Faso,BUR,,,,,,0,True
1968,Summer,Zambia,ZAM,,,,,,0,True
2000,Summer,Democratic Republic of the Congo,COD,,,,,,0,True
2004,Summer,Mauritania,MTN,,,,,,0,True
2016,Summer,Democratic Republic of the Congo,COD,,,,,,0,True
2004,Summer,Vanuatu,VAN,,,,,,0,True
2008,Summer,Vanuatu,VAN,,,,,,0,True
1912,Summer,Japan,JPN,,,,,,0,True
2000,Summer,Vanuatu,VAN,,,,,,0,True
1932,Summer,Estonia,EST,,,,,,0,True
1932,Summer,Bulgaria,BUL,,,,,,0,True
2012,Summer,Papua New Guinea,PNG,,,,,,0,True
2016,Summer,Bhutan,BHU,,,,,,0,True
1968,Summer,Sri Lanka,SRI,,,,,,0,True
2008,Summer,Kiribati,KIR,,,,,,0,True
2016,Summer,Kiribati,KIR,,,,,,0,True
1988,Summer,Cook Islands,COK,,,,,,0,True
2012,Summer,Democratic Republic of the Congo,COD,,,,,,0,True
2000,Summer,Lesotho,LES,,,,,,0,True
1904,Summer,Switzerland,SUI,,,,,,3,True
2008,Summer,Democratic Republic of the Congo,COD,,,,,,0,True
1992,Summer,Cameroon,CMR,,,,,,0,True
2004,Summer,Solomon Islands,SOL,,,,,,0,True
2000,Summer,Laos,LAO,,,,,,0,True
1968,Summer,Libya,LBA,,,,,,0,True
1992,Summer,Laos,LAO,,,,,,0,True
1988,Summer,Lesotho,LES,,,,,,0,True
1972,Summer,Nepal,NEP,,,,,,0,True
1988,Summer,Myanmar,MYA,,,,,,0,True
1992,Summer,Myanmar,MYA,,,,,,0,True
1952,Summer,Trinidad,TTO,,,,,,2,True
1996,Summer,Niger,NIG,,,,,,0,True
1976,Summer,Cayman Islands,CAY,,,,,,0,True
1900,Summer,Brazil,BRA,,,,,,0,True
1996,Summer,Lesotho,LES,,,,,,0,True
2012,Summer,Burkina Faso,BUR,,,,,,0,True
2016,Summer,Burkina Faso,BUR,,,,,,0,True
1992,Summer,Tonga,TGA,,,,,,0,True
1976,Summer,Cameroon,CMR,,,,,,0,True
2016,Summer,Suriname,SUR,,,,,,0,True
1972,Summer,Albania,ALB,,,,,,0,True
2000,Summer,Tonga,TGA,,,,,,0,True
2016,Summer,Liberia,LBR,,,,,,0,True
1956,Summer,Israel,ISR,,,,,,0,True
2012,Summer,Solomon Islands,SOL,,,,,,0,True
1952,Summer,Thailand,THA,,,,,,0,True
1948,Summer,Panama,PAN,,,,,,2,True
1968,Summer,Algeria,ALG,,,,,,0,True
2016,Summer,Nicaragua,NCA,,,,,,0,True
1960,Summer,Haiti,HAI,,,,,,0,True
2004,Summer,American Samoa,ASA,,,,,,0,True
1900,Summer,Australia,AUS,,,,,,6,True
1984,Summer,Myanmar,MYA,,,,,,0,True
1964,Summer,Algeria,ALG,,,,,,0,True
1956,Summer,Vietnam,VNM,Vietnam War,1955.0,1975.0,"Cold War, Spread of communism in Southeast Asia","North Vietnamese victory, Unification under communism",0,True
2008,Summer,Lesotho,LES,,,,,,0,True
2004,Summer,Lesotho,LES,,,,,,0,True
2012,Summer,Lesotho,LES,,,,,,0,True
2016,Summer,Lesotho,LES,,,,,,0,True
2008,Summer,Myanmar,MYA,,,,,,0,True
1928,Summer,Bulgaria,BUL,,,,,,0,True
1904,Summer,Austria,AUT,,,,,,4,True
1948,Summer,Venezuela,VEN,,,,,,0,True
1968,Summer,Fiji,FIJ,,,,,,0,True
2012,Summer,Brunei,BRU,,,,,,0,True
1900,Summer,New Zealand,NZL,,,,,,1,True
1932,Summer,China,CHN,,,,,,0,True
2008,Summer,Tonga,TGA,,,,,,0,True
2012,Summer,Cape Verde,CPV,,,,,,0,True
1992,Summer,Uganda,UGA,,,,,,0,True
2000,Summer,Albania,ALB,,,,,,0,True
2000,Summer,Vietnam,VIE,,,,,,1,True
1972,Summer,Swaziland,SWZ,,,,,,0,True
2016,Summer,Vanuatu,VAN,,,,,,0,True
1952,Summer,Myanmar,MYA,,,,,,0,True
1996,Summer,Swaziland,SWZ,,,,,,0,True
1900,Summer,Iran,IRI,,,,,,0,True
1976,Summer,Nepal,NEP,,,,,,0,True
2012,Summer,Belize,BIZ,,,,,,0,True
2016,Summer,Aruba,ARU,,,,,,0,True
1932,Summer,Guatemala,GUA,,,,,,0,True
2016,Summer,Swaziland,SWZ,,,,,,0,True
1948,Summer,Myanmar,MYA,,,,,,0,True
1968,Summer,Central African Republic,CAF,,,,,,0,True
1972,Summer,Gabon,GAB,,,,,,0,True
2008,Summer,Equatorial Guinea,GEQ,,,,,,0,True
2000,Summer,Cayman Islands,CAY,,,,,,0,True
1980,Summer,Puerto Rico,PUR,,,,,,0,True
1900,Summer,Greece,GRE,,,,,,0,True
1912,Summer,Serbia,SRB,,,,,,0,True
2000,Summer,Micronesia,FSM,,,,,,0,True
2000,Summer,American Samoa,ASA,,,,,,0,True
1984,Summer,Gabon,GAB,,,,,,0,True
1912,Summer,Turkey,TUR,,,,,,0,True
1960,Summer,Fiji,FIJ,,,,,,0,True
2016,Summer,Somalia,SOM,,,,,,0,True
1992,Summer,Lesotho,LES,,,,,,0,True
1984,Summer,Lesotho,LES,,,,,,0,True
1968,Summer,Suriname,SUR,,,,,,0,True
1952,Summer,Guyana,GUY,,,,,,0,True
1976,Summer,Fiji,FIJ,,,,,,0,True
1972,Summer,Lesotho,LES,,,,,,0,True
1996,Summer,Malawi,MAW,,,,,,0,True
1992,Summer,Rwanda,RWA,,,,,,0,True
1992,Summer,Malawi,MAW,,,,,,0,True
2004,Summer,Kiribati,KIR,,,,,,0,True
2000,Summer,Chad,CHA,,,,,,0,True
2004,Summer,Chad,CHA,,,,,,0,True
2000,Summer,Fiji,FIJ,,,,,,0,True
2004,Summer,Myanmar,MYA,,,,,,0,True
2012,Summer,Timor-Leste,TLS,,,,,,0,True
1932,Summer,Serbia,YUG,,,,,,0,True
2008,Summer,Chad,CHA,,,,,,0,True
2012,Summer,Chad,CHA,,,,,,0,True
1924,Summer,Philippines,PHI,,,,,,0,True
2008,Summer,Macedonia,MKD,,,,,,0,True
2008,Summer,Suriname,SUR,,,,,,0,True
2012,Summer,Suriname,SUR,,,,,,0,True
1924,Summer,Russia,RUS,,,,,,0,True
2008,Summer,Burkina Faso,BUR,,,,,,0,True
2008,Summer,Burundi,BDI,,,,,,0,True
2004,Summer,Gambia,GAM,,,,,,0,True
1964,Summer,Cameroon,CMR,,,,,,0,True
1992,Summer,Cook Islands,COK,,,,,,0,True
1996,Summer,Cook Islands,COK,,,,,,0,True
2004,Summer,Burkina Faso,BUR,,,,,,0,True
2000,Summer,Burkina Faso,BUR,,,,,,0,True
1956,Summer,Netherlands,NED,,,,,,0,True
1906,Summer,Turkey,TUR,,,,,,0,True
2000,Summer,Nauru,NRU,,,,,,0,True
2016,Summer,San Marino,SMR,,,,,,0,True
1960,Summer,Vietnam,VNM,Vietnam War,1955.0,1975.0,"Cold War, Spread of communism in Southeast Asia","North Vietnamese victory, Unification under communism",0,True
1972,Summer,Belize,BIZ,,,,,,0,True
1976,Summer,Belize,BIZ,,,,,,0,True
1900,Summer,Romania,ROU,,,,,,0,True
1900,Summer,India,IND,,,,,,2,True
1964,Summer,Madagascar,MAD,,,,,,0,True
1992,Summer,Madagascar,MAD,,,,,,0,True
1996,Summer,Madagascar,MAD,,,,,,0,True
1968,Summer,Madagascar,MAD,,,,,,0,True
1896,Summer,Italy,ITA,,,,,,0,True
1920,Summer,Argentina,ARG,,,,,,0,True
1992,Summer,Nepal,NEP,,,,,,0,True
2008,Summer,Aruba,ARU,,,,,,0,True
1932,Summer,Turkey,TUR,,,,,,0,True
1988,Summer,Laos,LAO,,,,,,0,True
1980,Summer,Myanmar,MYA,,,,,,0,True
1932,Summer,Monaco,MON,,,,,,0,True
2012,Summer,Sierra Leone,SLE,,,,,,0,True
1948,Summer,Syria,SYR,,,,,,0,True
2012,Summer,Malawi,MAW,,,,,,0,True
1896,Summer,Sweden,SWE,,,,,,0,True
1972,Summer,Fiji,FIJ,,,,,,0,True
1952,Summer,Indonesia,INA,,,,,,0,True
2000,Summer,Cook Islands,COK,,,,,,0,True
1900,Summer,Luxembourg,LUX,,,,,,1,True
2004,Summer,Liberia,LBR,,,,,,0,True
1964,Summer,Dominican Republic,DOM,,,,,,0,True
1908,Summer,Argentina,ARG,,,,,,0,True
1948,Summer,,SGP,,,,,,0,True
1908,Summer,Switzerland,SUI,,,,,,0,True
1912,Summer,Poland,POL,,,,,,0,True
2008,Summer,Timor-Leste,TLS,,,,,,0,True
